EventID,ExecutedAt,EventType,AccountingRole,Reference,Description,MiscFees,CommissionsFees,Amount,CashBalance,SourcePath,SourceSHA256,ImportedAt
d2adb5c6781f119495764267,2026-08-25T01:00:00,BAL,CASH_POSTING,,Cash balance at the start of business day 25.08 CST,0.0,0.0,0.0,97139.74,2026-09-07-AccountStatement.csv,5f5dc4cd13b224d83ac817c7dcc9682eed06a6acdc44971657449195840bdea1,2026-09-11T19:36:45
fac9f30679696324f8a75028,2026-08-26T01:00:00,BAL,CASH_POSTING,,Cash balance at the start of business day 26.08 CST,0.0,0.0,0.0,97139.74,2026-09-07-AccountStatement.csv,5f5dc4cd13b224d83ac817c7dcc9682eed06a6acdc44971657449195840bdea1,2026-09-11T19:36:45
b5e2d92649497953960f9869,2026-08-26T11:01:38,TRD,CASH_POSTING,5389796237,SOLD -1 F 100 16 OCT 26 14 CALL @.63,-0.02,-0.65,63.0,97202.07,2026-09-07-AccountStatement.csv,5f5dc4cd13b224d83ac817c7dcc9682eed06a6acdc44971657449195840bdea1,2026-09-11T19:36:45
f9e93362fb1c65aec3275453,2026-08-26T11:01:59,TRD,CASH_POSTING,5389796261,SOLD -1 NVDA 100 16 OCT 26 220 CALL @8.90,-0.03,-0.65,890.0,98091.39,2026-09-07-AccountStatement.csv,5f5dc4cd13b224d83ac817c7dcc9682eed06a6acdc44971657449195840bdea1,2026-09-11T19:36:45
7cde764a45748e6b85164019,2026-08-26T11:02:37,TRD,CASH_POSTING,5389796297,SOLD -1 PCG 100 16 OCT 26 18 CALL @1.33,-0.02,-0.65,133.0,98223.72,2026-09-07-AccountStatement.csv,5f5dc4cd13b224d83ac817c7dcc9682eed06a6acdc44971657449195840bdea1,2026-09-11T19:36:45
ff5b6ac77cdaadb798e61a4a,2026-08-26T11:06:32,TRD,CASH_POSTING,5389803377,BOT +1 CVX 100 16 OCT 26 210 CALL @4.35,-0.01,-0.65,-435.0,97788.06,2026-09-07-AccountStatement.csv,5f5dc4cd13b224d83ac817c7dcc9682eed06a6acdc44971657449195840bdea1,2026-09-11T19:36:45
40744a1af5a7acf69a50d2be,2026-08-26T11:10:37,TRD,CASH_POSTING,5389804893,BOT +1 NOW 100 16 OCT 26 125 CALL @9.95,-0.01,-0.65,-995.0,96792.4,2026-09-07-AccountStatement.csv,5f5dc4cd13b224d83ac817c7dcc9682eed06a6acdc44971657449195840bdea1,2026-09-11T19:36:45
b3e89b1fa007e8ffe0befafa,2026-08-26T12:04:22,TRD,CASH_POSTING,5389806863,BOT +1 VZ 100 16 OCT 26 50 CALL @1.82,-0.01,-0.65,-182.0,96609.74,2026-09-07-AccountStatement.csv,5f5dc4cd13b224d83ac817c7dcc9682eed06a6acdc44971657449195840bdea1,2026-09-11T19:36:45
64d386b8a6a7cfc4ea8e0aa0,2026-08-27T01:00:00,BAL,CASH_POSTING,,Cash balance at the start of business day 27.08 CST,0.0,0.0,0.0,96609.74,2026-09-07-AccountStatement.csv,5f5dc4cd13b224d83ac817c7dcc9682eed06a6acdc44971657449195840bdea1,2026-09-11T19:36:45
d78ef23eff19f7dd320f9849,2026-08-27T09:31:01,TRD,CASH_POSTING,5389806863,SOLD -1 VZ 100 16 OCT 26 50 CALL @1.26,-0.02,-0.65,126.0,96735.07,2026-09-07-AccountStatement.csv,5f5dc4cd13b224d83ac817c7dcc9682eed06a6acdc44971657449195840bdea1,2026-09-11T19:36:45
a0a2f1e2fbfcc816a7027b02,2026-08-27T10:16:15,TRD,CASH_POSTING,5388555725,SOLD -1 PCG 100 16 OCT 26 18 CALL @.83,-0.02,-0.65,83.0,96817.4,2026-09-07-AccountStatement.csv,5f5dc4cd13b224d83ac817c7dcc9682eed06a6acdc44971657449195840bdea1,2026-09-11T19:36:45
2a5fa952c7010bb8ff3cee67,2026-08-27T10:24:55,TRD,CASH_POSTING,5390375346,tIP BOT +1 PCG 100 16 OCT 26 18 CALL @.90,-0.01,-0.65,-90.0,96726.74,2026-09-07-AccountStatement.csv,5f5dc4cd13b224d83ac817c7dcc9682eed06a6acdc44971657449195840bdea1,2026-09-11T19:36:45
c39801034c35b6e852ca999f,2026-08-27T10:26:19,TRD,CASH_POSTING,5390378070,tIP SOLD -1 NOW 100 16 OCT 26 125 CALL @19.35,-0.04,-0.65,1935.0,98661.05,2026-09-07-AccountStatement.csv,5f5dc4cd13b224d83ac817c7dcc9682eed06a6acdc44971657449195840bdea1,2026-09-11T19:36:45
86de965257c1edbf97907f8c,2026-08-27T10:28:27,TRD,CASH_POSTING,5388552908,SOLD -1 NVDA 100 16 OCT 26 220 CALL @15.10,-0.04,-0.65,1510.0,100170.36,2026-09-07-AccountStatement.csv,5f5dc4cd13b224d83ac817c7dcc9682eed06a6acdc44971657449195840bdea1,2026-09-11T19:36:45
3b2767f495ff6e559d968b31,2026-08-27T12:29:51,TRD,CASH_POSTING,5390553946,tIP BOT +1 NVDA 100 16 OCT 26 220 CALL @16.60,-0.01,-0.65,-1660.0,98509.7,2026-09-07-AccountStatement.csv,5f5dc4cd13b224d83ac817c7dcc9682eed06a6acdc44971657449195840bdea1,2026-09-11T19:36:45
41d4c53d999fcb8b7e3f8ced,2026-08-28T01:00:00,BAL,CASH_POSTING,,Cash balance at the start of business day 28.08 CST,0.0,0.0,0.0,98509.7,2026-09-07-AccountStatement.csv,5f5dc4cd13b224d83ac817c7dcc9682eed06a6acdc44971657449195840bdea1,2026-09-11T19:36:45
35cd3a93eb11209653e00a7a,2026-08-28T10:39:23,TRD,CASH_POSTING,5391052020,tIP SOLD -1 CVX 100 16 OCT 26 210 CALL @4.20,-0.02,-0.65,420.0,98929.03,2026-09-07-AccountStatement.csv,5f5dc4cd13b224d83ac817c7dcc9682eed06a6acdc44971657449195840bdea1,2026-09-11T19:36:45
1fdd2c2670acbceebfd06801,2026-08-28T10:42:40,TRD,CASH_POSTING,5391058428,BOT +1 HAL 100 16 OCT 26 36 CALL @1.85,-0.01,-0.65,-185.0,98743.37,2026-09-07-AccountStatement.csv,5f5dc4cd13b224d83ac817c7dcc9682eed06a6acdc44971657449195840bdea1,2026-09-11T19:36:45
f433cca668931d1b590d1d8c,2026-08-28T11:09:27,TRD,CASH_POSTING,5391053286,BOT +1 NVDA 100 16 OCT 26 225 CALL @11.65,-0.01,-0.65,-1165.0,97577.71,2026-09-07-AccountStatement.csv,5f5dc4cd13b224d83ac817c7dcc9682eed06a6acdc44971657449195840bdea1,2026-09-11T19:36:45
36221ad7e580499b4968911c,2026-08-28T13:18:46,TRD,CASH_POSTING,5391265648,tIP SOLD -1 NVDA 100 16 OCT 26 225 CALL @8.80,-0.02,-0.65,880.0,98457.04,2026-09-07-AccountStatement.csv,5f5dc4cd13b224d83ac817c7dcc9682eed06a6acdc44971657449195840bdea1,2026-09-11T19:36:45
b511c791e903b9c8ef54e7ed,2026-08-28T14:50:31,TRD,CASH_POSTING,5391053286,SOLD -1 NVDA 100 16 OCT 26 225 CALL @8.00,-0.02,-0.65,800.0,99256.37,2026-09-07-AccountStatement.csv,5f5dc4cd13b224d83ac817c7dcc9682eed06a6acdc44971657449195840bdea1,2026-09-11T19:36:45
3160eaa6817c40aa0ed690eb,2026-08-29T01:00:00,BAL,CASH_POSTING,,Cash balance at the start of business day 29.08 CST,0.0,0.0,0.0,99256.37,2026-09-07-AccountStatement.csv,5f5dc4cd13b224d83ac817c7dcc9682eed06a6acdc44971657449195840bdea1,2026-09-11T19:36:45
a88c52f8f05796d931eea74b,2026-08-30T01:00:00,BAL,CASH_POSTING,,Cash balance at the start of business day 30.08 CST,0.0,0.0,0.0,99256.37,2026-09-07-AccountStatement.csv,5f5dc4cd13b224d83ac817c7dcc9682eed06a6acdc44971657449195840bdea1,2026-09-11T19:36:45
c7c505e7cd124b44f32ccf74,2026-08-31T01:00:00,BAL,CASH_POSTING,,Cash balance at the start of business day 31.08 CST,0.0,0.0,0.0,99256.37,2026-09-07-AccountStatement.csv,5f5dc4cd13b224d83ac817c7dcc9682eed06a6acdc44971657449195840bdea1,2026-09-11T19:36:45
7cf254ce8d2596a977ac7af1,2026-08-31T09:43:36,TRD,CASH_POSTING,5391057037,BOT +1 AAPL 100 16 OCT 26 320 CALL @10.55,-0.01,-0.65,-1055.0,98200.71,2026-09-07-AccountStatement.csv,5f5dc4cd13b224d83ac817c7dcc9682eed06a6acdc44971657449195840bdea1,2026-09-11T19:36:45
d84ecbf9fc680c482a7a8ed7,2026-08-31T12:27:20,TRD,CASH_POSTING,5391886797,tIP BOT +1 NVDA 100 16 OCT 26 225 CALL @8.40,-0.01,-0.65,-840.0,97360.05,2026-09-07-AccountStatement.csv,5f5dc4cd13b224d83ac817c7dcc9682eed06a6acdc44971657449195840bdea1,2026-09-11T19:36:45
a95a08d648cf4a49eb8bb7cb,2026-08-31T12:35:56,TRD,CASH_POSTING,5391057037,SOLD -1 AAPL 100 16 OCT 26 320 CALL @8.55,-0.02,-0.65,855.0,98214.38,2026-09-07-AccountStatement.csv,5f5dc4cd13b224d83ac817c7dcc9682eed06a6acdc44971657449195840bdea1,2026-09-11T19:36:45
d0d2d59a2ecbd8e43ca135a7,2026-08-31T13:02:14,TRD,CASH_POSTING,5391921484,BOT +1 HOOD 100 16 OCT 26 105 CALL @8.30,-0.01,-0.65,-830.0,97383.72,2026-09-07-AccountStatement.csv,5f5dc4cd13b224d83ac817c7dcc9682eed06a6acdc44971657449195840bdea1,2026-09-11T19:36:45
eb837e798fbb1c86bee580cf,2026-08-31T13:03:09,TRD,CASH_POSTING,5391924811,BOT +3 PFE 100 16 OCT 26 28 CALL @1.20,-0.02,-1.95,-360.0,97021.75,2026-09-07-AccountStatement.csv,5f5dc4cd13b224d83ac817c7dcc9682eed06a6acdc44971657449195840bdea1,2026-09-11T19:36:45
6ef8e0fbdc816541b34b8599,2026-08-31T13:04:03,TRD,CASH_POSTING,5391924828,BOT +3 KO 100 16 OCT 26 90 CALL @1.75,-0.02,-1.95,-525.0,96494.78,2026-09-07-AccountStatement.csv,5f5dc4cd13b224d83ac817c7dcc9682eed06a6acdc44971657449195840bdea1,2026-09-11T19:36:45
94050c0ab00d76caf393119d,2026-08-31T13:07:11,TRD,CASH_POSTING,5391927546,BOT +3 KHC 100 16 OCT 26 25 CALL @1.25,-0.02,-1.95,-375.0,96117.81,2026-09-07-AccountStatement.csv,5f5dc4cd13b224d83ac817c7dcc9682eed06a6acdc44971657449195840bdea1,2026-09-11T19:36:45
428e2c62dc01c868619c0a45,2026-08-31T13:09:26,TRD,CASH_POSTING,5391929138,BOT +2 UBER 100 16 OCT 26 75 CALL @4.40,-0.01,-1.3,-880.0,95236.5,2026-09-07-AccountStatement.csv,5f5dc4cd13b224d83ac817c7dcc9682eed06a6acdc44971657449195840bdea1,2026-09-11T19:36:45
77a7a8b03a884659a0310128,2026-08-31T13:10:06,TRD,CASH_POSTING,5391929161,BOT +2 HAL 100 16 OCT 26 36 CALL @2.28,-0.01,-1.3,-456.0,94779.19,2026-09-07-AccountStatement.csv,5f5dc4cd13b224d83ac817c7dcc9682eed06a6acdc44971657449195840bdea1,2026-09-11T19:36:45
3e93db2f03a50394f1e38ab8,2026-09-01T01:00:00,BAL,CASH_POSTING,,Cash balance at the start of business day 01.09 CST,0.0,0.0,0.0,94779.19,2026-09-07-AccountStatement.csv,5f5dc4cd13b224d83ac817c7dcc9682eed06a6acdc44971657449195840bdea1,2026-09-11T19:36:45
b40c64d489be3fc0333aa1cb,2026-09-01T09:31:02,TRD,CASH_POSTING,5391929138,SOLD -2 UBER 100 16 OCT 26 75 CALL @3.75,-0.02,-1.3,750.0,95527.87,2026-09-07-AccountStatement.csv,5f5dc4cd13b224d83ac817c7dcc9682eed06a6acdc44971657449195840bdea1,2026-09-11T19:36:45
91313da4e1166811ed44d80c,2026-09-01T09:33:03,TRD,CASH_POSTING,5391924811,SOLD -3 PFE 100 16 OCT 26 28 CALL @1.64,-0.03,-1.95,492.0,96017.89,2026-09-07-AccountStatement.csv,5f5dc4cd13b224d83ac817c7dcc9682eed06a6acdc44971657449195840bdea1,2026-09-11T19:36:45
8eace411f8800765e9277d03,2026-09-01T10:46:43,TRD,CASH_POSTING,5392385831,BOT +1 AAPL 100 16 OCT 26 330 CALL @9.45,-0.01,-0.65,-945.0,95072.23,2026-09-07-AccountStatement.csv,5f5dc4cd13b224d83ac817c7dcc9682eed06a6acdc44971657449195840bdea1,2026-09-11T19:36:45
821e5e7be944632754be8366,2026-09-01T10:47:41,TRD,CASH_POSTING,5392387217,BOT +1 NVDA 100 16 OCT 26 220 CALL @9.30,-0.01,-0.65,-930.0,94141.57,2026-09-07-AccountStatement.csv,5f5dc4cd13b224d83ac817c7dcc9682eed06a6acdc44971657449195840bdea1,2026-09-11T19:36:45
def3e37dc268e8d868db7859,2026-09-01T10:50:09,TRD,CASH_POSTING,5392391051,BOT +3 DVN 100 16 OCT 26 50 CALL @1.80,-0.02,-1.95,-540.0,93599.6,2026-09-07-AccountStatement.csv,5f5dc4cd13b224d83ac817c7dcc9682eed06a6acdc44971657449195840bdea1,2026-09-11T19:36:45
b0d4c37c7c9c4b320aa0213f,2026-09-01T10:54:12,TRD,CASH_POSTING,5392389769,BOT +3 HPQ 100 16 OCT 26 30 CALL @1.99,-0.02,-1.95,-597.0,93000.63,2026-09-07-AccountStatement.csv,5f5dc4cd13b224d83ac817c7dcc9682eed06a6acdc44971657449195840bdea1,2026-09-11T19:36:45
a8e30d32a718fd5efa39a88f,2026-09-01T10:55:13,TRD,CASH_POSTING,5391924828,SOLD -3 KO 100 16 OCT 26 90 CALL @1.58,-0.03,-1.95,474.0,93472.65,2026-09-07-AccountStatement.csv,5f5dc4cd13b224d83ac817c7dcc9682eed06a6acdc44971657449195840bdea1,2026-09-11T19:36:45
5e7cf2c29e3621133ebf6dab,2026-09-01T11:04:24,TRD,CASH_POSTING,5392385831,SOLD -1 AAPL 100 16 OCT 26 330 CALL @8.70,-0.02,-0.65,870.0,94341.98,2026-09-07-AccountStatement.csv,5f5dc4cd13b224d83ac817c7dcc9682eed06a6acdc44971657449195840bdea1,2026-09-11T19:36:45
9919c4a3d83c4bdf536ce65e,2026-09-01T11:20:37,TRD,CASH_POSTING,5392387277,BOT +3 BMY 100 16 OCT 26 67.5 CALL @2.07,-0.02,-1.95,-621.0,93719.01,2026-09-07-AccountStatement.csv,5f5dc4cd13b224d83ac817c7dcc9682eed06a6acdc44971657449195840bdea1,2026-09-11T19:36:45
231bbf0adc15f4233d55e04c,2026-09-02T01:00:00,BAL,CASH_POSTING,,Cash balance at the start of business day 02.09 CST,0.0,0.0,0.0,93719.01,2026-09-07-AccountStatement.csv,5f5dc4cd13b224d83ac817c7dcc9682eed06a6acdc44971657449195840bdea1,2026-09-11T19:36:45
13238e5560528b2dc8a8c219,2026-09-02T09:31:03,TRD,CASH_POSTING,5392389769,SOLD -3 HPQ 100 16 OCT 26 30 CALL @2.96,-0.04,-1.95,888.0,94605.02,2026-09-07-AccountStatement.csv,5f5dc4cd13b224d83ac817c7dcc9682eed06a6acdc44971657449195840bdea1,2026-09-11T19:36:45
b25f52d9f8bd1ba566eef2b9,2026-09-02T10:25:23,TRD,CASH_POSTING,5392387217,SOLD -1 NVDA 100 16 OCT 26 220 CALL @12.55,-0.03,-0.65,1255.0,95859.34,2026-09-07-AccountStatement.csv,5f5dc4cd13b224d83ac817c7dcc9682eed06a6acdc44971657449195840bdea1,2026-09-11T19:36:45
d93fccff75a4a17719f9228c,2026-09-02T15:22:32,TRD,CASH_POSTING,5393290173,BOT +2 OXY 100 16 OCT 26 60 CALL @3.15,-0.01,-1.3,-630.0,95228.03,2026-09-07-AccountStatement.csv,5f5dc4cd13b224d83ac817c7dcc9682eed06a6acdc44971657449195840bdea1,2026-09-11T19:36:45
9020331600434a047c7341cc,2026-09-02T15:22:42,TRD,CASH_POSTING,5393290173,SOLD -2 OXY 100 16 OCT 26 60 CALL @3.15,-0.02,-1.3,630.0,95856.71,2026-09-07-AccountStatement.csv,5f5dc4cd13b224d83ac817c7dcc9682eed06a6acdc44971657449195840bdea1,2026-09-11T19:36:45
5420fdbf23822793d259e769,2026-09-02T15:26:32,TRD,CASH_POSTING,5393291292,BOT +2 OXY 100 20 NOV 26 60 CALL @4.40,-0.01,-1.3,-880.0,94975.4,2026-09-07-AccountStatement.csv,5f5dc4cd13b224d83ac817c7dcc9682eed06a6acdc44971657449195840bdea1,2026-09-11T19:36:45
db847aa22a19a29e0fc3e546,2026-09-02T15:38:16,TRD,CASH_POSTING,5393292483,BOT +1 AAPL 100 20 NOV 26 340 CALL @10.85,-0.01,-0.65,-1085.0,93889.74,2026-09-07-AccountStatement.csv,5f5dc4cd13b224d83ac817c7dcc9682eed06a6acdc44971657449195840bdea1,2026-09-11T19:36:45
7c4b9a22225a3bc77555e77f,2026-09-02T15:38:20,TRD,CASH_POSTING,5393292483,SOLD -1 AAPL 100 20 NOV 26 340 CALL @10.85,-0.03,-0.65,1085.0,94974.06,2026-09-07-AccountStatement.csv,5f5dc4cd13b224d83ac817c7dcc9682eed06a6acdc44971657449195840bdea1,2026-09-11T19:36:45
f658932aff1deadbf94ca275,2026-09-03T01:00:00,BAL,CASH_POSTING,,Cash balance at the start of business day 03.09 CST,0.0,0.0,0.0,94974.06,2026-09-07-AccountStatement.csv,5f5dc4cd13b224d83ac817c7dcc9682eed06a6acdc44971657449195840bdea1,2026-09-11T19:36:45
e48ab5103b1f0a9b09cff322,2026-09-03T09:31:09,TRD,CASH_POSTING,5391921484,SOLD -1 HOOD 100 16 OCT 26 105 CALL @14.95,-0.04,-0.65,1495.0,96468.37,2026-09-07-AccountStatement.csv,5f5dc4cd13b224d83ac817c7dcc9682eed06a6acdc44971657449195840bdea1,2026-09-11T19:36:45
515a2fd942b896e12a6aa541,2026-09-03T09:40:33,TRD,CASH_POSTING,5393293462,BOT +3 VZ 100 20 NOV 26 50 CALL @2.22,-0.02,-1.95,-666.0,95800.4,2026-09-07-AccountStatement.csv,5f5dc4cd13b224d83ac817c7dcc9682eed06a6acdc44971657449195840bdea1,2026-09-11T19:36:45
99ba45c3e4aa544130e7809a,2026-09-03T09:40:36,TRD,CASH_POSTING,5393293462,SOLD -3 VZ 100 20 NOV 26 50 CALL @2.22,-0.03,-1.95,666.0,96464.42,2026-09-07-AccountStatement.csv,5f5dc4cd13b224d83ac817c7dcc9682eed06a6acdc44971657449195840bdea1,2026-09-11T19:36:45
6a6e2dc587d690096b2b54d2,2026-09-03T09:47:06,TRD,CASH_POSTING,5391927546,SOLD -3 KHC 100 16 OCT 26 25 CALL @1.09,-0.03,-1.95,327.0,96789.44,2026-09-07-AccountStatement.csv,5f5dc4cd13b224d83ac817c7dcc9682eed06a6acdc44971657449195840bdea1,2026-09-11T19:36:45
2579f9e98d3d13946da01894,2026-09-03T10:59:25,TRD,CASH_POSTING,5393671804,BOT +1 AAPL 100 20 NOV 26 350 CALL @8.35,-0.01,-0.65,-835.0,95953.78,2026-09-07-AccountStatement.csv,5f5dc4cd13b224d83ac817c7dcc9682eed06a6acdc44971657449195840bdea1,2026-09-11T19:36:45
24af35e0c3fa4dc6db1c68c8,2026-09-03T10:59:26,TRD,CASH_POSTING,5393671854,BOT +1 NVDA 100 20 NOV 26 240 CALL @10.40,-0.01,-0.65,-1040.0,94913.12,2026-09-07-AccountStatement.csv,5f5dc4cd13b224d83ac817c7dcc9682eed06a6acdc44971657449195840bdea1,2026-09-11T19:36:45
00a4e58ecccbf55e29af28d0,2026-09-03T11:01:40,TRD,CASH_POSTING,5393677247,BOT +3 WFC 100 20 NOV 26 92.5 CALL @3.15,-0.02,-1.95,-945.0,93966.15,2026-09-07-AccountStatement.csv,5f5dc4cd13b224d83ac817c7dcc9682eed06a6acdc44971657449195840bdea1,2026-09-11T19:36:45
4da51182a0dc7a0a9fb4aca3,2026-09-03T11:02:25,TRD,CASH_POSTING,5393679708,BOT +3 VZ 100 20 NOV 26 52.5 CALL @1.19,-0.02,-1.95,-357.0,93607.18,2026-09-07-AccountStatement.csv,5f5dc4cd13b224d83ac817c7dcc9682eed06a6acdc44971657449195840bdea1,2026-09-11T19:36:45
573e0dffb599b14b488170e9,2026-09-03T11:04:14,TRD,CASH_POSTING,5393683065,BOT +1 XOM 100 20 NOV 26 165 CALL @9.10,-0.01,-0.65,-910.0,92696.52,2026-09-07-AccountStatement.csv,5f5dc4cd13b224d83ac817c7dcc9682eed06a6acdc44971657449195840bdea1,2026-09-11T19:36:45
1570395c418729419d309c50,2026-09-03T11:09:35,TRD,CASH_POSTING,5393679787,BOT +2 FCX 100 20 NOV 26 75 CALL @5.70,-0.01,-1.3,-1140.0,91555.21,2026-09-07-AccountStatement.csv,5f5dc4cd13b224d83ac817c7dcc9682eed06a6acdc44971657449195840bdea1,2026-09-11T19:36:45
c37d5603ce31cfc65f2e0efd,2026-09-03T13:39:37,TRD,CASH_POSTING,5393671804,SOLD -1 AAPL 100 20 NOV 26 350 CALL @7.90,-0.02,-0.65,790.0,92344.54,2026-09-07-AccountStatement.csv,5f5dc4cd13b224d83ac817c7dcc9682eed06a6acdc44971657449195840bdea1,2026-09-11T19:36:45
e195bda327e0bd5a1efd17d9,2026-09-03T15:46:00,TRD,CASH_POSTING,5393683065,SOLD -1 XOM 100 20 NOV 26 165 CALL @7.95,-0.02,-0.65,795.0,93138.87,2026-09-07-AccountStatement.csv,5f5dc4cd13b224d83ac817c7dcc9682eed06a6acdc44971657449195840bdea1,2026-09-11T19:36:45
2497957f79d6b93789a20611,2026-09-04T01:00:00,BAL,CASH_POSTING,,Cash balance at the start of business day 04.09 CST,0.0,0.0,0.0,93138.87,2026-09-07-AccountStatement.csv,5f5dc4cd13b224d83ac817c7dcc9682eed06a6acdc44971657449195840bdea1,2026-09-11T19:36:45
a5b138d9966337ab177b61f6,2026-09-04T09:31:06,TRD,CASH_POSTING,5392391051,SOLD -3 DVN 100 16 OCT 26 50 CALL @1.48,-0.03,-1.95,444.0,93580.89,2026-09-07-AccountStatement.csv,5f5dc4cd13b224d83ac817c7dcc9682eed06a6acdc44971657449195840bdea1,2026-09-11T19:36:45
51125560b494476d1706d1b1,2026-09-04T09:34:25,TRD,CASH_POSTING,5391927590,BOT +3 DVN 100 16 OCT 26 50 CALL @1.39,-0.02,-1.95,-417.0,93161.92,2026-09-07-AccountStatement.csv,5f5dc4cd13b224d83ac817c7dcc9682eed06a6acdc44971657449195840bdea1,2026-09-11T19:36:45
bcdf4cb57012167a21181cfb,2026-09-04T09:34:56,TRD,CASH_POSTING,5393291292,SOLD -2 OXY 100 20 NOV 26 60 CALL @3.70,-0.02,-1.3,740.0,93900.6,2026-09-07-AccountStatement.csv,5f5dc4cd13b224d83ac817c7dcc9682eed06a6acdc44971657449195840bdea1,2026-09-11T19:36:45
5f5848df8a28c856c57f6184,2026-09-04T09:48:15,TRD,CASH_POSTING,5393671854,SOLD -1 NVDA 100 20 NOV 26 240 CALL @14.45,-0.03,-0.65,1445.0,95344.92,2026-09-07-AccountStatement.csv,5f5dc4cd13b224d83ac817c7dcc9682eed06a6acdc44971657449195840bdea1,2026-09-11T19:36:45
b6dfdc2696172eab19a5543c,2026-09-04T10:15:44,TRD,CASH_POSTING,5391927590,SOLD -3 DVN 100 16 OCT 26 50 CALL @1.15,-0.03,-1.95,345.0,95687.94,2026-09-07-AccountStatement.csv,5f5dc4cd13b224d83ac817c7dcc9682eed06a6acdc44971657449195840bdea1,2026-09-11T19:36:45
b8c3b61a55d5ec219d41de3d,2026-09-04T11:03:02,TRD,CASH_POSTING,5394292374,BOT +1 AAPL 100 20 NOV 26 330 CALL @11.25,-0.01,-0.65,-1125.0,94562.28,2026-09-07-AccountStatement.csv,5f5dc4cd13b224d83ac817c7dcc9682eed06a6acdc44971657449195840bdea1,2026-09-11T19:36:45
ba46c91d24dd9dc5b7688f66,2026-09-04T11:04:14,TRD,CASH_POSTING,5394293892,BOT +3 BAC 100 20 NOV 26 62.5 CALL @2.85,-0.02,-1.95,-855.0,93705.31,2026-09-07-AccountStatement.csv,5f5dc4cd13b224d83ac817c7dcc9682eed06a6acdc44971657449195840bdea1,2026-09-11T19:36:45
8dd912b3d9d320c13815871c,2026-09-04T11:05:47,TRD,CASH_POSTING,5394295291,BOT +3 DIS 100 20 NOV 26 110 CALL @3.80,-0.02,-1.95,-1140.0,92563.34,2026-09-07-AccountStatement.csv,5f5dc4cd13b224d83ac817c7dcc9682eed06a6acdc44971657449195840bdea1,2026-09-11T19:36:45
9a1c6bf6c5098958fa13ff29,2026-09-04T11:06:44,TRD,CASH_POSTING,5394299134,BOT +1 MDT 100 20 NOV 26 90 CALL @6.30,-0.01,-0.65,-630.0,91932.68,2026-09-07-AccountStatement.csv,5f5dc4cd13b224d83ac817c7dcc9682eed06a6acdc44971657449195840bdea1,2026-09-11T19:36:45
651989665b2fa2ab3f7bf8ae,2026-09-04T11:31:42,TRD,CASH_POSTING,5394295239,BOT +3 KO 100 20 NOV 26 90 CALL @2.77,-0.02,-1.95,-831.0,91099.71,2026-09-07-AccountStatement.csv,5f5dc4cd13b224d83ac817c7dcc9682eed06a6acdc44971657449195840bdea1,2026-09-11T19:36:45
7de6a585db134e1931fbe1c9,2026-09-04T13:59:40,TRD,CASH_POSTING,5392387277,SOLD -3 BMY 100 16 OCT 26 67.5 CALL @1.75,-0.03,-1.95,525.0,91622.73,2026-09-07-AccountStatement.csv,5f5dc4cd13b224d83ac817c7dcc9682eed06a6acdc44971657449195840bdea1,2026-09-11T19:36:45
f82a2972f441661726c0ac33,2026-09-05T01:00:00,BAL,CASH_POSTING,,Cash balance at the start of business day 05.09 CST,0.0,0.0,0.0,91622.73,2026-09-07-AccountStatement.csv,5f5dc4cd13b224d83ac817c7dcc9682eed06a6acdc44971657449195840bdea1,2026-09-11T19:36:45
ede322c58d20712dbe940949,2026-09-06T01:00:00,BAL,CASH_POSTING,,Cash balance at the start of business day 06.09 CST,0.0,0.0,0.0,91622.73,2026-09-07-AccountStatement.csv,5f5dc4cd13b224d83ac817c7dcc9682eed06a6acdc44971657449195840bdea1,2026-09-11T19:36:45
94cea3ee4931dfb7809fd572,2026-09-07T01:00:00,BAL,CASH_POSTING,,Cash balance at the start of business day 07.09 CST,0.0,0.0,0.0,91622.73,2026-09-07-AccountStatement.csv,5f5dc4cd13b224d83ac817c7dcc9682eed06a6acdc44971657449195840bdea1,2026-09-11T19:36:45
386b854383316f45b85861d2,2026-09-04T13:59:40,FILL,EXECUTION_EVIDENCE,,SELL -3 BMY 16 OCT 26 67.5 CALL @ 1.75 TO CLOSE STP,0.0,0.0,525.0,,2026-09-07-AccountStatement.csv,5f5dc4cd13b224d83ac817c7dcc9682eed06a6acdc44971657449195840bdea1,2026-09-11T19:36:45
7d87aaf159522f2e003df575,2026-09-04T11:31:42,FILL,EXECUTION_EVIDENCE,,BUY +3 KO 20 NOV 26 90 CALL @ 2.77 TO OPEN LMT,0.0,0.0,-831.0,,2026-09-07-AccountStatement.csv,5f5dc4cd13b224d83ac817c7dcc9682eed06a6acdc44971657449195840bdea1,2026-09-11T19:36:45
08250ba17a652e949e6fd4d7,2026-09-04T11:06:44,FILL,EXECUTION_EVIDENCE,,BUY +1 MDT 20 NOV 26 90 CALL @ 6.30 TO OPEN LMT,0.0,0.0,-630.0,,2026-09-07-AccountStatement.csv,5f5dc4cd13b224d83ac817c7dcc9682eed06a6acdc44971657449195840bdea1,2026-09-11T19:36:45
e0f1b604b08414a3ae9b4d20,2026-09-04T11:05:47,FILL,EXECUTION_EVIDENCE,,BUY +3 DIS 20 NOV 26 110 CALL @ 3.80 TO OPEN LMT,0.0,0.0,-1139.9999999999998,,2026-09-07-AccountStatement.csv,5f5dc4cd13b224d83ac817c7dcc9682eed06a6acdc44971657449195840bdea1,2026-09-11T19:36:45
fc522c9d5003a989db24d1cf,2026-09-04T11:04:14,FILL,EXECUTION_EVIDENCE,,BUY +3 BAC 20 NOV 26 62.5 CALL @ 2.85 TO OPEN LMT,0.0,0.0,-855.0000000000001,,2026-09-07-AccountStatement.csv,5f5dc4cd13b224d83ac817c7dcc9682eed06a6acdc44971657449195840bdea1,2026-09-11T19:36:45
f608c2c55245278d697a8512,2026-09-04T11:03:02,FILL,EXECUTION_EVIDENCE,,BUY +1 AAPL 20 NOV 26 330 CALL @ 11.25 TO OPEN LMT,0.0,0.0,-1125.0,,2026-09-07-AccountStatement.csv,5f5dc4cd13b224d83ac817c7dcc9682eed06a6acdc44971657449195840bdea1,2026-09-11T19:36:45
5e2ae548a1bf6ba04485c3b4,2026-09-04T10:15:44,FILL,EXECUTION_EVIDENCE,,SELL -3 DVN 16 OCT 26 50 CALL @ 1.15 TO CLOSE STP,0.0,0.0,345.0,,2026-09-07-AccountStatement.csv,5f5dc4cd13b224d83ac817c7dcc9682eed06a6acdc44971657449195840bdea1,2026-09-11T19:36:45
9638a18a429220e402a17352,2026-09-04T09:48:15,FILL,EXECUTION_EVIDENCE,,SELL -1 NVDA 20 NOV 26 240 CALL @ 14.45 TO CLOSE LMT,0.0,0.0,1445.0,,2026-09-07-AccountStatement.csv,5f5dc4cd13b224d83ac817c7dcc9682eed06a6acdc44971657449195840bdea1,2026-09-11T19:36:45
6dc901290a370b7dc430d105,2026-09-04T09:34:56,FILL,EXECUTION_EVIDENCE,,SELL -2 OXY 20 NOV 26 60 CALL @ 3.70 TO CLOSE STP,0.0,0.0,740.0,,2026-09-07-AccountStatement.csv,5f5dc4cd13b224d83ac817c7dcc9682eed06a6acdc44971657449195840bdea1,2026-09-11T19:36:45
639b3790ac0ae694ceb65145,2026-09-04T09:34:25,FILL,EXECUTION_EVIDENCE,,BUY +3 DVN 16 OCT 26 50 CALL @ 1.39 TO OPEN LMT,0.0,0.0,-417.0,,2026-09-07-AccountStatement.csv,5f5dc4cd13b224d83ac817c7dcc9682eed06a6acdc44971657449195840bdea1,2026-09-11T19:36:45
2e4aad62d5633a3403c076d0,2026-09-04T09:31:06,FILL,EXECUTION_EVIDENCE,,SELL -3 DVN 16 OCT 26 50 CALL @ 1.48 TO CLOSE STP,0.0,0.0,443.99999999999994,,2026-09-07-AccountStatement.csv,5f5dc4cd13b224d83ac817c7dcc9682eed06a6acdc44971657449195840bdea1,2026-09-11T19:36:45
2b5d9a6dde9456ff89082f91,2026-09-03T15:46:00,FILL,EXECUTION_EVIDENCE,,SELL -1 XOM 20 NOV 26 165 CALL @ 7.95 TO CLOSE STP,0.0,0.0,795.0,,2026-09-07-AccountStatement.csv,5f5dc4cd13b224d83ac817c7dcc9682eed06a6acdc44971657449195840bdea1,2026-09-11T19:36:45
4e5e0505c0484386a8e05f21,2026-09-03T13:39:37,FILL,EXECUTION_EVIDENCE,,SELL -1 AAPL 20 NOV 26 350 CALL @ 7.90 TO CLOSE STP,0.0,0.0,790.0,,2026-09-07-AccountStatement.csv,5f5dc4cd13b224d83ac817c7dcc9682eed06a6acdc44971657449195840bdea1,2026-09-11T19:36:45
2a04c5a67ce8f2fdcb03292d,2026-09-03T11:09:35,FILL,EXECUTION_EVIDENCE,,BUY +2 FCX 20 NOV 26 75 CALL @ 5.70 TO OPEN LMT,0.0,0.0,-1140.0,,2026-09-07-AccountStatement.csv,5f5dc4cd13b224d83ac817c7dcc9682eed06a6acdc44971657449195840bdea1,2026-09-11T19:36:45
afe22c7db4d0880b059082f0,2026-09-03T11:04:14,FILL,EXECUTION_EVIDENCE,,BUY +1 XOM 20 NOV 26 165 CALL @ 9.10 TO OPEN LMT,0.0,0.0,-910.0,,2026-09-07-AccountStatement.csv,5f5dc4cd13b224d83ac817c7dcc9682eed06a6acdc44971657449195840bdea1,2026-09-11T19:36:45
eabfb7d6aad343af23ab61f8,2026-09-03T11:02:25,FILL,EXECUTION_EVIDENCE,,BUY +3 VZ 20 NOV 26 52.5 CALL @ 1.19 TO OPEN LMT,0.0,0.0,-357.0,,2026-09-07-AccountStatement.csv,5f5dc4cd13b224d83ac817c7dcc9682eed06a6acdc44971657449195840bdea1,2026-09-11T19:36:45
0cc22286dd964e3432544b2d,2026-09-03T11:01:40,FILL,EXECUTION_EVIDENCE,,BUY +3 WFC 20 NOV 26 92.5 CALL @ 3.15 TO OPEN LMT,0.0,0.0,-944.9999999999999,,2026-09-07-AccountStatement.csv,5f5dc4cd13b224d83ac817c7dcc9682eed06a6acdc44971657449195840bdea1,2026-09-11T19:36:45
deaa97c710a525be50ae84fb,2026-09-03T10:59:26,FILL,EXECUTION_EVIDENCE,,BUY +1 NVDA 20 NOV 26 240 CALL @ 10.40 TO OPEN LMT,0.0,0.0,-1040.0,,2026-09-07-AccountStatement.csv,5f5dc4cd13b224d83ac817c7dcc9682eed06a6acdc44971657449195840bdea1,2026-09-11T19:36:45
ee9387a0df35f19bb3bd3595,2026-09-03T10:59:25,FILL,EXECUTION_EVIDENCE,,BUY +1 AAPL 20 NOV 26 350 CALL @ 8.35 TO OPEN LMT,0.0,0.0,-835.0,,2026-09-07-AccountStatement.csv,5f5dc4cd13b224d83ac817c7dcc9682eed06a6acdc44971657449195840bdea1,2026-09-11T19:36:45
570e4905351ab2f7409aa25a,2026-09-03T09:47:06,FILL,EXECUTION_EVIDENCE,,SELL -3 KHC 16 OCT 26 25 CALL @ 1.09 TO CLOSE STP,0.0,0.0,327.00000000000006,,2026-09-07-AccountStatement.csv,5f5dc4cd13b224d83ac817c7dcc9682eed06a6acdc44971657449195840bdea1,2026-09-11T19:36:45
5dd1d7e7d2e6a9e157d7bea1,2026-09-03T09:40:36,FILL,EXECUTION_EVIDENCE,,SELL -3 VZ 20 NOV 26 50 CALL @ 2.22 TO CLOSE LMT,0.0,0.0,666.0,,2026-09-07-AccountStatement.csv,5f5dc4cd13b224d83ac817c7dcc9682eed06a6acdc44971657449195840bdea1,2026-09-11T19:36:45
eacaceaeca9c035434efa881,2026-09-03T09:40:33,FILL,EXECUTION_EVIDENCE,,BUY +3 VZ 20 NOV 26 50 CALL @ 2.22 TO OPEN LMT,0.0,0.0,-666.0,,2026-09-07-AccountStatement.csv,5f5dc4cd13b224d83ac817c7dcc9682eed06a6acdc44971657449195840bdea1,2026-09-11T19:36:45
aecefccea1ca384068abdb12,2026-09-03T09:31:09,FILL,EXECUTION_EVIDENCE,,SELL -1 HOOD 16 OCT 26 105 CALL @ 14.95 TO CLOSE LMT,0.0,0.0,1495.0,,2026-09-07-AccountStatement.csv,5f5dc4cd13b224d83ac817c7dcc9682eed06a6acdc44971657449195840bdea1,2026-09-11T19:36:45
a1dbb8d568eeb3c62085611d,2026-09-02T15:38:20,FILL,EXECUTION_EVIDENCE,,SELL -1 AAPL 20 NOV 26 340 CALL @ 10.85 TO CLOSE LMT,0.0,0.0,1085.0,,2026-09-07-AccountStatement.csv,5f5dc4cd13b224d83ac817c7dcc9682eed06a6acdc44971657449195840bdea1,2026-09-11T19:36:45
b4b536bf5fdb04590d632691,2026-09-02T15:38:16,FILL,EXECUTION_EVIDENCE,,BUY +1 AAPL 20 NOV 26 340 CALL @ 10.85 TO OPEN LMT,0.0,0.0,-1085.0,,2026-09-07-AccountStatement.csv,5f5dc4cd13b224d83ac817c7dcc9682eed06a6acdc44971657449195840bdea1,2026-09-11T19:36:45
2253b1bd4461403d41e7b463,2026-09-02T15:26:32,FILL,EXECUTION_EVIDENCE,,BUY +2 OXY 20 NOV 26 60 CALL @ 4.40 TO OPEN LMT,0.0,0.0,-880.0000000000001,,2026-09-07-AccountStatement.csv,5f5dc4cd13b224d83ac817c7dcc9682eed06a6acdc44971657449195840bdea1,2026-09-11T19:36:45
3390bdf412a9f9e1d943be61,2026-09-02T15:22:42,FILL,EXECUTION_EVIDENCE,,SELL -2 OXY 16 OCT 26 60 CALL @ 3.15 TO CLOSE LMT,0.0,0.0,630.0,,2026-09-07-AccountStatement.csv,5f5dc4cd13b224d83ac817c7dcc9682eed06a6acdc44971657449195840bdea1,2026-09-11T19:36:45
ee3a1fc087b3c876944de891,2026-09-02T15:22:32,FILL,EXECUTION_EVIDENCE,,BUY +2 OXY 16 OCT 26 60 CALL @ 3.15 TO OPEN LMT,0.0,0.0,-630.0,,2026-09-07-AccountStatement.csv,5f5dc4cd13b224d83ac817c7dcc9682eed06a6acdc44971657449195840bdea1,2026-09-11T19:36:45
7af4bbedb0db399bebe7cfa8,2026-09-02T10:25:23,FILL,EXECUTION_EVIDENCE,,SELL -1 NVDA 16 OCT 26 220 CALL @ 12.55 TO CLOSE LMT,0.0,0.0,1255.0,,2026-09-07-AccountStatement.csv,5f5dc4cd13b224d83ac817c7dcc9682eed06a6acdc44971657449195840bdea1,2026-09-11T19:36:45
fcbf81b531f992b3ad314972,2026-09-02T09:31:03,FILL,EXECUTION_EVIDENCE,,SELL -3 HPQ 16 OCT 26 30 CALL @ 2.96 TO CLOSE LMT,0.0,0.0,887.9999999999999,,2026-09-07-AccountStatement.csv,5f5dc4cd13b224d83ac817c7dcc9682eed06a6acdc44971657449195840bdea1,2026-09-11T19:36:45
40f08315e2cfddda4460a0c9,2026-09-01T11:20:37,FILL,EXECUTION_EVIDENCE,,BUY +3 BMY 16 OCT 26 67.5 CALL @ 2.07 TO OPEN LMT,0.0,0.0,-620.9999999999999,,2026-09-07-AccountStatement.csv,5f5dc4cd13b224d83ac817c7dcc9682eed06a6acdc44971657449195840bdea1,2026-09-11T19:36:45
34f16b60c6229eb079a63c17,2026-09-01T11:04:24,FILL,EXECUTION_EVIDENCE,,SELL -1 AAPL 16 OCT 26 330 CALL @ 8.70 TO CLOSE STP,0.0,0.0,869.9999999999999,,2026-09-07-AccountStatement.csv,5f5dc4cd13b224d83ac817c7dcc9682eed06a6acdc44971657449195840bdea1,2026-09-11T19:36:45
c793313ce9193d4cdce8485a,2026-09-01T10:55:13,FILL,EXECUTION_EVIDENCE,,SELL -3 KO 16 OCT 26 90 CALL @ 1.58 TO CLOSE STP,0.0,0.0,474.0,,2026-09-07-AccountStatement.csv,5f5dc4cd13b224d83ac817c7dcc9682eed06a6acdc44971657449195840bdea1,2026-09-11T19:36:45
6817842c989f2ce2d8687ca0,2026-09-01T10:54:12,FILL,EXECUTION_EVIDENCE,,BUY +3 HPQ 16 OCT 26 30 CALL @ 1.99 TO OPEN LMT,0.0,0.0,-597.0,,2026-09-07-AccountStatement.csv,5f5dc4cd13b224d83ac817c7dcc9682eed06a6acdc44971657449195840bdea1,2026-09-11T19:36:45
516b8f1c1090e5c06efb094f,2026-09-01T10:50:09,FILL,EXECUTION_EVIDENCE,,BUY +3 DVN 16 OCT 26 50 CALL @ 1.80 TO OPEN LMT,0.0,0.0,-540.0,,2026-09-07-AccountStatement.csv,5f5dc4cd13b224d83ac817c7dcc9682eed06a6acdc44971657449195840bdea1,2026-09-11T19:36:45
b1a8437ebae5800e5921c87c,2026-09-01T10:47:41,FILL,EXECUTION_EVIDENCE,,BUY +1 NVDA 16 OCT 26 220 CALL @ 9.30 TO OPEN LMT,0.0,0.0,-930.0000000000001,,2026-09-07-AccountStatement.csv,5f5dc4cd13b224d83ac817c7dcc9682eed06a6acdc44971657449195840bdea1,2026-09-11T19:36:45
4bfb12a5871df7d4c357f1a5,2026-09-01T10:46:43,FILL,EXECUTION_EVIDENCE,,BUY +1 AAPL 16 OCT 26 330 CALL @ 9.45 TO OPEN LMT,0.0,0.0,-944.9999999999999,,2026-09-07-AccountStatement.csv,5f5dc4cd13b224d83ac817c7dcc9682eed06a6acdc44971657449195840bdea1,2026-09-11T19:36:45
f926ff0d76045fb23053e4f2,2026-09-01T09:33:03,FILL,EXECUTION_EVIDENCE,,SELL -3 PFE 16 OCT 26 28 CALL @ 1.64 TO CLOSE LMT,0.0,0.0,492.0,,2026-09-07-AccountStatement.csv,5f5dc4cd13b224d83ac817c7dcc9682eed06a6acdc44971657449195840bdea1,2026-09-11T19:36:45
6776af8f091e4c8950f8bde6,2026-09-01T09:31:02,FILL,EXECUTION_EVIDENCE,,SELL -2 UBER 16 OCT 26 75 CALL @ 3.75 TO CLOSE STP,0.0,0.0,750.0,,2026-09-07-AccountStatement.csv,5f5dc4cd13b224d83ac817c7dcc9682eed06a6acdc44971657449195840bdea1,2026-09-11T19:36:45
a7556dd0bbde7da67f16696d,2026-08-31T13:10:06,FILL,EXECUTION_EVIDENCE,,BUY +2 HAL 16 OCT 26 36 CALL @ 2.28 TO OPEN LMT,0.0,0.0,-455.99999999999994,,2026-09-07-AccountStatement.csv,5f5dc4cd13b224d83ac817c7dcc9682eed06a6acdc44971657449195840bdea1,2026-09-11T19:36:45
32aae4f3f0ab5628af72087b,2026-08-31T13:09:26,FILL,EXECUTION_EVIDENCE,,BUY +2 UBER 16 OCT 26 75 CALL @ 4.40 TO OPEN LMT,0.0,0.0,-880.0000000000001,,2026-09-07-AccountStatement.csv,5f5dc4cd13b224d83ac817c7dcc9682eed06a6acdc44971657449195840bdea1,2026-09-11T19:36:45
4adf4e51a6f27f60e00a60e6,2026-08-31T13:07:11,FILL,EXECUTION_EVIDENCE,,BUY +3 KHC 16 OCT 26 25 CALL @ 1.25 TO OPEN LMT,0.0,0.0,-375.0,,2026-09-07-AccountStatement.csv,5f5dc4cd13b224d83ac817c7dcc9682eed06a6acdc44971657449195840bdea1,2026-09-11T19:36:45
12fe61a7fe8ea84a1449f1b8,2026-08-31T13:04:03,FILL,EXECUTION_EVIDENCE,,BUY +3 KO 16 OCT 26 90 CALL @ 1.75 TO OPEN LMT,0.0,0.0,-525.0,,2026-09-07-AccountStatement.csv,5f5dc4cd13b224d83ac817c7dcc9682eed06a6acdc44971657449195840bdea1,2026-09-11T19:36:45
cd8e3eed64483a54602b1fe6,2026-08-31T13:03:09,FILL,EXECUTION_EVIDENCE,,BUY +3 PFE 16 OCT 26 28 CALL @ 1.20 TO OPEN LMT,0.0,0.0,-359.99999999999994,,2026-09-07-AccountStatement.csv,5f5dc4cd13b224d83ac817c7dcc9682eed06a6acdc44971657449195840bdea1,2026-09-11T19:36:45
2d4e69526027b10e6e8a8f62,2026-08-31T13:02:14,FILL,EXECUTION_EVIDENCE,,BUY +1 HOOD 16 OCT 26 105 CALL @ 8.30 TO OPEN LMT,0.0,0.0,-830.0000000000001,,2026-09-07-AccountStatement.csv,5f5dc4cd13b224d83ac817c7dcc9682eed06a6acdc44971657449195840bdea1,2026-09-11T19:36:45
e755fb2d2903614184b3e9fe,2026-08-31T12:35:56,FILL,EXECUTION_EVIDENCE,,SELL -1 AAPL 16 OCT 26 320 CALL @ 8.55 TO CLOSE STP,0.0,0.0,855.0000000000001,,2026-09-07-AccountStatement.csv,5f5dc4cd13b224d83ac817c7dcc9682eed06a6acdc44971657449195840bdea1,2026-09-11T19:36:45
bcd6c475f932fc30cffe75d0,2026-08-31T12:27:20,FILL,EXECUTION_EVIDENCE,,BUY +1 NVDA 16 OCT 26 225 CALL @ 8.40 TO CLOSE LMT,0.0,0.0,-840.0,,2026-09-07-AccountStatement.csv,5f5dc4cd13b224d83ac817c7dcc9682eed06a6acdc44971657449195840bdea1,2026-09-11T19:36:45
5ff36102ded769e5df60df00,2026-08-31T09:43:36,FILL,EXECUTION_EVIDENCE,,BUY +1 AAPL 16 OCT 26 320 CALL @ 10.55 TO OPEN LMT,0.0,0.0,-1055.0,,2026-09-07-AccountStatement.csv,5f5dc4cd13b224d83ac817c7dcc9682eed06a6acdc44971657449195840bdea1,2026-09-11T19:36:45
f8d6469379dc2eff7c80a980,2026-08-28T14:50:31,FILL,EXECUTION_EVIDENCE,,SELL -1 NVDA 16 OCT 26 225 CALL @ 8.00 TO CLOSE STP,0.0,0.0,800.0,,2026-09-07-AccountStatement.csv,5f5dc4cd13b224d83ac817c7dcc9682eed06a6acdc44971657449195840bdea1,2026-09-11T19:36:45
bf36532a82445b3fe1f03059,2026-08-28T13:18:46,FILL,EXECUTION_EVIDENCE,,SELL -1 NVDA 16 OCT 26 225 CALL @ 8.80 TO CLOSE LMT,0.0,0.0,880.0000000000001,,2026-09-07-AccountStatement.csv,5f5dc4cd13b224d83ac817c7dcc9682eed06a6acdc44971657449195840bdea1,2026-09-11T19:36:45
25b5346f93dcb97e8ff06c1a,2026-08-28T11:09:27,FILL,EXECUTION_EVIDENCE,,BUY +1 NVDA 16 OCT 26 225 CALL @ 11.65 TO OPEN LMT,0.0,0.0,-1165.0,,2026-09-07-AccountStatement.csv,5f5dc4cd13b224d83ac817c7dcc9682eed06a6acdc44971657449195840bdea1,2026-09-11T19:36:45
07a08c3a2eb00b3f68eeb613,2026-08-28T10:42:40,FILL,EXECUTION_EVIDENCE,,BUY +1 HAL 16 OCT 26 36 CALL @ 1.85 TO OPEN LMT,0.0,0.0,-185.0,,2026-09-07-AccountStatement.csv,5f5dc4cd13b224d83ac817c7dcc9682eed06a6acdc44971657449195840bdea1,2026-09-11T19:36:45
41adc7860c0bb666dfee47d7,2026-08-28T10:39:23,FILL,EXECUTION_EVIDENCE,,SELL -1 CVX 16 OCT 26 210 CALL @ 4.20 TO CLOSE LMT,0.0,0.0,420.0,,2026-09-07-AccountStatement.csv,5f5dc4cd13b224d83ac817c7dcc9682eed06a6acdc44971657449195840bdea1,2026-09-11T19:36:45
8d3c3fd8bb2e7c5e7e61bb5c,2026-08-27T12:29:51,FILL,EXECUTION_EVIDENCE,,BUY +1 NVDA 16 OCT 26 220 CALL @ 16.60 TO CLOSE LMT,0.0,0.0,-1660.0000000000002,,2026-09-07-AccountStatement.csv,5f5dc4cd13b224d83ac817c7dcc9682eed06a6acdc44971657449195840bdea1,2026-09-11T19:36:45
0a9ab2649ca0ba8a5f535210,2026-08-27T10:28:27,FILL,EXECUTION_EVIDENCE,,SELL -1 NVDA 16 OCT 26 220 CALL @ 15.10 TO CLOSE LMT,0.0,0.0,1510.0,,2026-09-07-AccountStatement.csv,5f5dc4cd13b224d83ac817c7dcc9682eed06a6acdc44971657449195840bdea1,2026-09-11T19:36:45
33f358293c41889eb42949da,2026-08-27T10:26:19,FILL,EXECUTION_EVIDENCE,,SELL -1 NOW 16 OCT 26 125 CALL @ 19.35 TO CLOSE LMT,0.0,0.0,1935.0000000000002,,2026-09-07-AccountStatement.csv,5f5dc4cd13b224d83ac817c7dcc9682eed06a6acdc44971657449195840bdea1,2026-09-11T19:36:45
5a33290861072b3d2b4f0813,2026-08-27T10:24:55,FILL,EXECUTION_EVIDENCE,,BUY +1 PCG 16 OCT 26 18 CALL @ .90 TO CLOSE LMT,0.0,0.0,-90.0,,2026-09-07-AccountStatement.csv,5f5dc4cd13b224d83ac817c7dcc9682eed06a6acdc44971657449195840bdea1,2026-09-11T19:36:45
e9f3e3389e552663b96c08a5,2026-08-27T10:16:15,FILL,EXECUTION_EVIDENCE,,SELL -1 PCG 16 OCT 26 18 CALL @ .83 TO CLOSE STP,0.0,0.0,83.0,,2026-09-07-AccountStatement.csv,5f5dc4cd13b224d83ac817c7dcc9682eed06a6acdc44971657449195840bdea1,2026-09-11T19:36:45
9781fac789a530885f99a0f1,2026-08-27T09:31:01,FILL,EXECUTION_EVIDENCE,,SELL -1 VZ 16 OCT 26 50 CALL @ 1.26 TO CLOSE STP,0.0,0.0,126.0,,2026-09-07-AccountStatement.csv,5f5dc4cd13b224d83ac817c7dcc9682eed06a6acdc44971657449195840bdea1,2026-09-11T19:36:45
67b61ba2e98f9846344b0be2,2026-08-26T12:04:22,FILL,EXECUTION_EVIDENCE,,BUY +1 VZ 16 OCT 26 50 CALL @ 1.82 TO OPEN LMT,0.0,0.0,-182.0,,2026-09-07-AccountStatement.csv,5f5dc4cd13b224d83ac817c7dcc9682eed06a6acdc44971657449195840bdea1,2026-09-11T19:36:45
277e78bff7b39d4ef77762d2,2026-08-26T11:10:37,FILL,EXECUTION_EVIDENCE,,BUY +1 NOW 16 OCT 26 125 CALL @ 9.95 TO OPEN LMT,0.0,0.0,-994.9999999999999,,2026-09-07-AccountStatement.csv,5f5dc4cd13b224d83ac817c7dcc9682eed06a6acdc44971657449195840bdea1,2026-09-11T19:36:45
5bcd9a7d23555a04ec740333,2026-08-26T11:06:32,FILL,EXECUTION_EVIDENCE,,BUY +1 CVX 16 OCT 26 210 CALL @ 4.35 TO OPEN LMT,0.0,0.0,-434.99999999999994,,2026-09-07-AccountStatement.csv,5f5dc4cd13b224d83ac817c7dcc9682eed06a6acdc44971657449195840bdea1,2026-09-11T19:36:45
e349d1ad45b39cfe4ebb6e1e,2026-08-26T11:02:37,FILL,EXECUTION_EVIDENCE,,SELL -1 PCG 16 OCT 26 18 CALL @ 1.33 TO CLOSE LMT,0.0,0.0,133.0,,2026-09-07-AccountStatement.csv,5f5dc4cd13b224d83ac817c7dcc9682eed06a6acdc44971657449195840bdea1,2026-09-11T19:36:45
796207012a7f7be626d5ac48,2026-08-26T11:01:59,FILL,EXECUTION_EVIDENCE,,SELL -1 NVDA 16 OCT 26 220 CALL @ 8.90 TO CLOSE LMT,0.0,0.0,890.0,,2026-09-07-AccountStatement.csv,5f5dc4cd13b224d83ac817c7dcc9682eed06a6acdc44971657449195840bdea1,2026-09-11T19:36:45
98aea4a993beb8b7247934c6,2026-08-26T11:01:38,FILL,EXECUTION_EVIDENCE,,SELL -1 F 16 OCT 26 14 CALL @ .63 TO CLOSE LMT,0.0,0.0,63.0,,2026-09-07-AccountStatement.csv,5f5dc4cd13b224d83ac817c7dcc9682eed06a6acdc44971657449195840bdea1,2026-09-11T19:36:45
9541e3aebdb5f35166b74813,2026-09-08T01:00:00,BAL,CASH_POSTING,,Cash balance at the start of business day 08.09 CST,0.0,0.0,0.0,91622.73,2026-09-10-AccountStatement.csv,389bdf46b28547d4a8c382fb5000141991a048b85cde5eb5eb5bf8ad1f093788,2026-09-11T19:36:46
d055ab3fca0084ded3478aaf,2026-09-08T09:31:07,TRD,CASH_POSTING,5394295239,SOLD -3 KO 100 20 NOV 26 90 CALL @2.33,-0.03,-1.95,699.0,92319.75,2026-09-10-AccountStatement.csv,389bdf46b28547d4a8c382fb5000141991a048b85cde5eb5eb5bf8ad1f093788,2026-09-11T19:36:46
ad0a369c986498efe6ab0c2e,2026-09-08T09:45:40,TRD,CASH_POSTING,5393679787,SOLD -2 FCX 100 20 NOV 26 75 CALL @8.00,-0.04,-1.3,1600.0,93918.41,2026-09-10-AccountStatement.csv,389bdf46b28547d4a8c382fb5000141991a048b85cde5eb5eb5bf8ad1f093788,2026-09-11T19:36:46
c1302dce61c8892786f8af77,2026-09-08T10:12:06,TRD,CASH_POSTING,5393674829,BOT +3 F 100 20 NOV 26 14 CALL @1.10,-0.02,-1.95,-330.0,93586.44,2026-09-10-AccountStatement.csv,389bdf46b28547d4a8c382fb5000141991a048b85cde5eb5eb5bf8ad1f093788,2026-09-11T19:36:46
d4089b56140bee1b80b12af1,2026-09-08T10:21:21,TRD,CASH_POSTING,5394299134,SOLD -1 MDT 100 20 NOV 26 90 CALL @5.30,-0.02,-0.65,530.0,94115.77,2026-09-10-AccountStatement.csv,389bdf46b28547d4a8c382fb5000141991a048b85cde5eb5eb5bf8ad1f093788,2026-09-11T19:36:46
7a6c3052179f0f42b870941a,2026-09-08T11:13:07,TRD,CASH_POSTING,5395049075,tIP SOLD -3 HAL 100 16 OCT 26 36 CALL @2.52,-0.03,-1.95,756.0,94869.79,2026-09-10-AccountStatement.csv,389bdf46b28547d4a8c382fb5000141991a048b85cde5eb5eb5bf8ad1f093788,2026-09-11T19:36:46
976630445e32914828242d7b,2026-09-08T11:13:44,TRD,CASH_POSTING,5395050459,tIP SOLD -3 BAC 100 20 NOV 26 62.5 CALL @3.05,-0.04,-1.95,915.0,95782.8,2026-09-10-AccountStatement.csv,389bdf46b28547d4a8c382fb5000141991a048b85cde5eb5eb5bf8ad1f093788,2026-09-11T19:36:46
6648015525cc9ee58fd4a773,2026-09-08T11:14:03,TRD,CASH_POSTING,5395052101,tIP SOLD -3 DIS 100 20 NOV 26 110 CALL @3.55,-0.04,-1.95,1065.0,96845.81,2026-09-10-AccountStatement.csv,389bdf46b28547d4a8c382fb5000141991a048b85cde5eb5eb5bf8ad1f093788,2026-09-11T19:36:46
7b64e24a468f4126d375552f,2026-09-08T11:16:44,TRD,CASH_POSTING,5395055137,BOT +3 PFE 100 20 NOV 26 28 CALL @1.18,-0.02,-1.95,-354.0,96489.84,2026-09-10-AccountStatement.csv,389bdf46b28547d4a8c382fb5000141991a048b85cde5eb5eb5bf8ad1f093788,2026-09-11T19:36:46
fd5b697400861b8ce61ed3ef,2026-09-08T11:18:52,TRD,CASH_POSTING,5395057734,BOT +1 C 100 20 NOV 26 140 CALL @6.40,-0.01,-0.65,-640.0,95849.18,2026-09-10-AccountStatement.csv,389bdf46b28547d4a8c382fb5000141991a048b85cde5eb5eb5bf8ad1f093788,2026-09-11T19:36:46
40395d0e1e082a198d4a2b8a,2026-09-08T11:19:45,TRD,CASH_POSTING,5395057784,BOT +3 BMY 100 20 NOV 26 70 CALL @1.66,-0.02,-1.95,-498.0,95349.21,2026-09-10-AccountStatement.csv,389bdf46b28547d4a8c382fb5000141991a048b85cde5eb5eb5bf8ad1f093788,2026-09-11T19:36:46
567a88aabfb427f9d38c6968,2026-09-08T11:20:34,TRD,CASH_POSTING,5395060734,BOT +3 KDP 100 18 DEC 26 34 CALL @1.25,-0.02,-1.95,-375.0,94972.24,2026-09-10-AccountStatement.csv,389bdf46b28547d4a8c382fb5000141991a048b85cde5eb5eb5bf8ad1f093788,2026-09-11T19:36:46
1a60ed2a10fb962feedb0ac0,2026-09-08T11:27:52,TRD,CASH_POSTING,5395055187,BOT +3 DVN 100 20 NOV 26 50 CALL @2.64,-0.02,-1.95,-792.0,94178.27,2026-09-10-AccountStatement.csv,389bdf46b28547d4a8c382fb5000141991a048b85cde5eb5eb5bf8ad1f093788,2026-09-11T19:36:46
80f43d92c8c78ad9999a5e6c,2026-09-08T15:02:37,TRD,CASH_POSTING,5393674829,SOLD -3 F 100 20 NOV 26 14 CALL @.91,-0.03,-1.95,273.0,94449.29,2026-09-10-AccountStatement.csv,389bdf46b28547d4a8c382fb5000141991a048b85cde5eb5eb5bf8ad1f093788,2026-09-11T19:36:46
f2fe00ccf411536ed5213154,2026-09-08T15:54:44,TRD,CASH_POSTING,5393677247,SOLD -3 WFC 100 20 NOV 26 92.5 CALL @2.64,-0.03,-1.95,792.0,95239.31,2026-09-10-AccountStatement.csv,389bdf46b28547d4a8c382fb5000141991a048b85cde5eb5eb5bf8ad1f093788,2026-09-11T19:36:46
d94b4ea1667e776a73d88591,2026-09-09T01:00:00,BAL,CASH_POSTING,,Cash balance at the start of business day 09.09 CST,0.0,0.0,0.0,95239.31,2026-09-10-AccountStatement.csv,389bdf46b28547d4a8c382fb5000141991a048b85cde5eb5eb5bf8ad1f093788,2026-09-11T19:36:46
9802d56f61d1cd4bda64c4e9,2026-09-09T09:31:11,TRD,CASH_POSTING,5395060734,SOLD -3 KDP 100 18 DEC 26 34 CALL @1.03,-0.03,-1.95,309.0,95546.33,2026-09-10-AccountStatement.csv,389bdf46b28547d4a8c382fb5000141991a048b85cde5eb5eb5bf8ad1f093788,2026-09-11T19:36:46
b1d78f13025e28b36de3bf84,2026-09-09T09:31:54,TRD,CASH_POSTING,5395057734,SOLD -1 C 100 20 NOV 26 140 CALL @5.10,-0.02,-0.65,510.0,96055.66,2026-09-10-AccountStatement.csv,389bdf46b28547d4a8c382fb5000141991a048b85cde5eb5eb5bf8ad1f093788,2026-09-11T19:36:46
b71801467de0ad56261f5ae1,2026-09-09T09:33:17,TRD,CASH_POSTING,5394295291,SOLD -3 DIS 100 20 NOV 26 110 CALL @3.15,-0.04,-1.95,945.0,96998.67,2026-09-10-AccountStatement.csv,389bdf46b28547d4a8c382fb5000141991a048b85cde5eb5eb5bf8ad1f093788,2026-09-11T19:36:46
6699fbad145e74649df451c9,2026-09-09T09:34:30,TRD,CASH_POSTING,5395055137,SOLD -3 PFE 100 20 NOV 26 28 CALL @1.05,-0.03,-1.95,315.0,97311.69,2026-09-10-AccountStatement.csv,389bdf46b28547d4a8c382fb5000141991a048b85cde5eb5eb5bf8ad1f093788,2026-09-11T19:36:46
63759163fc7d7c3dd16b846b,2026-09-09T09:40:38,TRD,CASH_POSTING,5393679708,SOLD -3 VZ 100 20 NOV 26 52.5 CALL @1.04,-0.03,-1.95,312.0,97621.71,2026-09-10-AccountStatement.csv,389bdf46b28547d4a8c382fb5000141991a048b85cde5eb5eb5bf8ad1f093788,2026-09-11T19:36:46
71ac4f622214944b0eb206ad,2026-09-09T10:32:08,TRD,CASH_POSTING,5394292374,SOLD -1 AAPL 100 20 NOV 26 330 CALL @10.00,-0.03,-0.65,1000.0,98621.03,2026-09-10-AccountStatement.csv,389bdf46b28547d4a8c382fb5000141991a048b85cde5eb5eb5bf8ad1f093788,2026-09-11T19:36:46
3b8465aaa68b5cde6d11cf62,2026-09-09T11:02:09,TRD,CASH_POSTING,5395644651,tIP SOLD -3 BMY 100 20 NOV 26 70 CALL @1.54,-0.03,-1.95,462.0,99081.05,2026-09-10-AccountStatement.csv,389bdf46b28547d4a8c382fb5000141991a048b85cde5eb5eb5bf8ad1f093788,2026-09-11T19:36:46
9d7fb565a291ee3b523f81fe,2026-09-09T11:07:38,TRD,CASH_POSTING,5395656007,BOT +1 INTC 100 20 NOV 26 110 CALL @11.70,-0.01,-0.65,-1170.0,97910.39,2026-09-10-AccountStatement.csv,389bdf46b28547d4a8c382fb5000141991a048b85cde5eb5eb5bf8ad1f093788,2026-09-11T19:36:46
a7b06c0e4dfb13a4738ec979,2026-09-09T11:15:29,TRD,CASH_POSTING,5395673002,BOT +1 C 100 20 NOV 26 145 CALL @4.50,-0.01,-0.65,-450.0,97459.73,2026-09-10-AccountStatement.csv,389bdf46b28547d4a8c382fb5000141991a048b85cde5eb5eb5bf8ad1f093788,2026-09-11T19:36:46
8dfb12e9d54181458919e247,2026-09-09T11:23:08,TRD,CASH_POSTING,5395665774,SOLD -1 INTC 100 20 NOV 26 110 CALL @11.30,-0.03,-0.65,1130.0,98589.05,2026-09-10-AccountStatement.csv,389bdf46b28547d4a8c382fb5000141991a048b85cde5eb5eb5bf8ad1f093788,2026-09-11T19:36:46
ecc3aa6a5b77a94311962dc8,2026-09-09T11:52:53,TRD,CASH_POSTING,5395726118,BOT +3 OXY 100 20 NOV 26 62.5 CALL @3.45,-0.02,-1.95,-1035.0,97552.08,2026-09-10-AccountStatement.csv,389bdf46b28547d4a8c382fb5000141991a048b85cde5eb5eb5bf8ad1f093788,2026-09-11T19:36:46
8e110d667596710c5748e1f2,2026-09-09T11:53:49,TRD,CASH_POSTING,5395726164,BOT +1 NOW 100 20 NOV 26 140 CALL @11.10,-0.01,-0.65,-1110.0,96441.42,2026-09-10-AccountStatement.csv,389bdf46b28547d4a8c382fb5000141991a048b85cde5eb5eb5bf8ad1f093788,2026-09-11T19:36:46
3d35cc807e158c0a11f5ed19,2026-09-09T11:54:30,TRD,CASH_POSTING,5395727541,BOT +2 HPE 100 20 NOV 26 60 CALL @5.05,-0.01,-1.3,-1010.0,95430.11,2026-09-10-AccountStatement.csv,389bdf46b28547d4a8c382fb5000141991a048b85cde5eb5eb5bf8ad1f093788,2026-09-11T19:36:46
47a9ced9147c92ae1ba2a8fd,2026-09-09T11:55:16,TRD,CASH_POSTING,5395727581,BOT +1 APH 100 20 NOV 26 85 CALL @5.85,-0.01,-0.65,-585.0,94844.45,2026-09-10-AccountStatement.csv,389bdf46b28547d4a8c382fb5000141991a048b85cde5eb5eb5bf8ad1f093788,2026-09-11T19:36:46
e58e5e00fe33c82818bfae65,2026-09-10T01:00:00,BAL,CASH_POSTING,,Cash balance at the start of business day 10.09 CST,0.0,0.0,0.0,94844.45,2026-09-10-AccountStatement.csv,389bdf46b28547d4a8c382fb5000141991a048b85cde5eb5eb5bf8ad1f093788,2026-09-11T19:36:46
ffd92a2301d6bfde38ba829b,2026-09-09T11:55:16,FILL,EXECUTION_EVIDENCE,,BUY +1 APH 20 NOV 26 85 CALL @ 5.85 TO OPEN LMT,0.0,0.0,-585.0,,2026-09-10-AccountStatement.csv,389bdf46b28547d4a8c382fb5000141991a048b85cde5eb5eb5bf8ad1f093788,2026-09-11T19:36:46
477a52d7dfe223d219200f23,2026-09-09T11:54:30,FILL,EXECUTION_EVIDENCE,,BUY +2 HPE 20 NOV 26 60 CALL @ 5.05 TO OPEN LMT,0.0,0.0,-1010.0,,2026-09-10-AccountStatement.csv,389bdf46b28547d4a8c382fb5000141991a048b85cde5eb5eb5bf8ad1f093788,2026-09-11T19:36:46
12370e71e6022ecfbc8af001,2026-09-09T11:53:49,FILL,EXECUTION_EVIDENCE,,BUY +1 NOW 20 NOV 26 140 CALL @ 11.10 TO OPEN LMT,0.0,0.0,-1110.0,,2026-09-10-AccountStatement.csv,389bdf46b28547d4a8c382fb5000141991a048b85cde5eb5eb5bf8ad1f093788,2026-09-11T19:36:46
3a65af12ef4b7c4ca6be40b9,2026-09-09T11:52:53,FILL,EXECUTION_EVIDENCE,,BUY +3 OXY 20 NOV 26 62.5 CALL @ 3.45 TO OPEN LMT,0.0,0.0,-1035.0000000000002,,2026-09-10-AccountStatement.csv,389bdf46b28547d4a8c382fb5000141991a048b85cde5eb5eb5bf8ad1f093788,2026-09-11T19:36:46
479ff12306a705b1b242c673,2026-09-09T11:23:08,FILL,EXECUTION_EVIDENCE,,SELL -1 INTC 20 NOV 26 110 CALL @ 11.30 TO CLOSE STP,0.0,0.0,1130.0,,2026-09-10-AccountStatement.csv,389bdf46b28547d4a8c382fb5000141991a048b85cde5eb5eb5bf8ad1f093788,2026-09-11T19:36:46
ac8c0a5eb6c2893c1a5e1b4c,2026-09-09T11:15:29,FILL,EXECUTION_EVIDENCE,,BUY +1 C 20 NOV 26 145 CALL @ 4.50 TO OPEN LMT,0.0,0.0,-450.0,,2026-09-10-AccountStatement.csv,389bdf46b28547d4a8c382fb5000141991a048b85cde5eb5eb5bf8ad1f093788,2026-09-11T19:36:46
5d4510a5c85d2c0b9752be3c,2026-09-09T11:07:38,FILL,EXECUTION_EVIDENCE,,BUY +1 INTC 20 NOV 26 110 CALL @ 11.70 TO OPEN LMT,0.0,0.0,-1170.0,,2026-09-10-AccountStatement.csv,389bdf46b28547d4a8c382fb5000141991a048b85cde5eb5eb5bf8ad1f093788,2026-09-11T19:36:46
b7da5769290d224cedfddf5d,2026-09-09T11:02:09,FILL,EXECUTION_EVIDENCE,,SELL -3 BMY 20 NOV 26 70 CALL @ 1.54 TO CLOSE LMT,0.0,0.0,462.0,,2026-09-10-AccountStatement.csv,389bdf46b28547d4a8c382fb5000141991a048b85cde5eb5eb5bf8ad1f093788,2026-09-11T19:36:46
8d395c8846b47fcdfff25bd1,2026-09-09T10:32:08,FILL,EXECUTION_EVIDENCE,,SELL -1 AAPL 20 NOV 26 330 CALL @ 10.00 TO CLOSE STP,0.0,0.0,1000.0,,2026-09-10-AccountStatement.csv,389bdf46b28547d4a8c382fb5000141991a048b85cde5eb5eb5bf8ad1f093788,2026-09-11T19:36:46
16f08371c046aea36d8d3327,2026-09-09T09:40:38,FILL,EXECUTION_EVIDENCE,,SELL -3 VZ 20 NOV 26 52.5 CALL @ 1.04 TO CLOSE STP,0.0,0.0,312.0,,2026-09-10-AccountStatement.csv,389bdf46b28547d4a8c382fb5000141991a048b85cde5eb5eb5bf8ad1f093788,2026-09-11T19:36:46
c77cecbe27d6325e59bc5df8,2026-09-09T09:34:30,FILL,EXECUTION_EVIDENCE,,SELL -3 PFE 20 NOV 26 28 CALL @ 1.05 TO CLOSE STP,0.0,0.0,315.00000000000006,,2026-09-10-AccountStatement.csv,389bdf46b28547d4a8c382fb5000141991a048b85cde5eb5eb5bf8ad1f093788,2026-09-11T19:36:46
6c5ecc1b9dcead57f05e6e36,2026-09-09T09:33:17,FILL,EXECUTION_EVIDENCE,,SELL -3 DIS 20 NOV 26 110 CALL @ 3.15 TO CLOSE STP,0.0,0.0,944.9999999999999,,2026-09-10-AccountStatement.csv,389bdf46b28547d4a8c382fb5000141991a048b85cde5eb5eb5bf8ad1f093788,2026-09-11T19:36:46
9aefc6500989e343ebc469af,2026-09-09T09:31:54,FILL,EXECUTION_EVIDENCE,,SELL -1 C 20 NOV 26 140 CALL @ 5.10 TO CLOSE STP,0.0,0.0,509.99999999999994,,2026-09-10-AccountStatement.csv,389bdf46b28547d4a8c382fb5000141991a048b85cde5eb5eb5bf8ad1f093788,2026-09-11T19:36:46
0fbc3544545ad296ac38cabc,2026-09-09T09:31:11,FILL,EXECUTION_EVIDENCE,,SELL -3 KDP 18 DEC 26 34 CALL @ 1.03 TO CLOSE STP,0.0,0.0,309.0,,2026-09-10-AccountStatement.csv,389bdf46b28547d4a8c382fb5000141991a048b85cde5eb5eb5bf8ad1f093788,2026-09-11T19:36:46
816111c28eb18dc9de4b333f,2026-09-08T15:54:44,FILL,EXECUTION_EVIDENCE,,SELL -3 WFC 20 NOV 26 92.5 CALL @ 2.64 TO CLOSE STP,0.0,0.0,792.0,,2026-09-10-AccountStatement.csv,389bdf46b28547d4a8c382fb5000141991a048b85cde5eb5eb5bf8ad1f093788,2026-09-11T19:36:46
cabd1a0536d8b54ecf8511a8,2026-09-08T15:02:37,FILL,EXECUTION_EVIDENCE,,SELL -3 F 20 NOV 26 14 CALL @ .91 TO CLOSE STP,0.0,0.0,273.0,,2026-09-10-AccountStatement.csv,389bdf46b28547d4a8c382fb5000141991a048b85cde5eb5eb5bf8ad1f093788,2026-09-11T19:36:46
81b8cf83b4343720955517a4,2026-09-08T11:27:52,FILL,EXECUTION_EVIDENCE,,BUY +3 DVN 20 NOV 26 50 CALL @ 2.64 TO OPEN LMT,0.0,0.0,-792.0,,2026-09-10-AccountStatement.csv,389bdf46b28547d4a8c382fb5000141991a048b85cde5eb5eb5bf8ad1f093788,2026-09-11T19:36:46
78a65db24c03b15f2ca21a9e,2026-09-08T11:20:34,FILL,EXECUTION_EVIDENCE,,BUY +3 KDP 18 DEC 26 34 CALL @ 1.25 TO OPEN LMT,0.0,0.0,-375.0,,2026-09-10-AccountStatement.csv,389bdf46b28547d4a8c382fb5000141991a048b85cde5eb5eb5bf8ad1f093788,2026-09-11T19:36:46
6de010eea2f1e749e0fc458a,2026-09-08T11:19:45,FILL,EXECUTION_EVIDENCE,,BUY +3 BMY 20 NOV 26 70 CALL @ 1.66 TO OPEN LMT,0.0,0.0,-497.99999999999994,,2026-09-10-AccountStatement.csv,389bdf46b28547d4a8c382fb5000141991a048b85cde5eb5eb5bf8ad1f093788,2026-09-11T19:36:46
00ae1d4f6fdee0f273a69931,2026-09-08T11:18:52,FILL,EXECUTION_EVIDENCE,,BUY +1 C 20 NOV 26 140 CALL @ 6.40 TO OPEN LMT,0.0,0.0,-640.0,,2026-09-10-AccountStatement.csv,389bdf46b28547d4a8c382fb5000141991a048b85cde5eb5eb5bf8ad1f093788,2026-09-11T19:36:46
8614c897dc3463b3ec7fa4ee,2026-09-08T11:16:44,FILL,EXECUTION_EVIDENCE,,BUY +3 PFE 20 NOV 26 28 CALL @ 1.18 TO OPEN LMT,0.0,0.0,-354.0,,2026-09-10-AccountStatement.csv,389bdf46b28547d4a8c382fb5000141991a048b85cde5eb5eb5bf8ad1f093788,2026-09-11T19:36:46
ffc2f68327bb1cb43bfdb343,2026-09-08T11:14:03,FILL,EXECUTION_EVIDENCE,,SELL -3 DIS 20 NOV 26 110 CALL @ 3.55 TO CLOSE LMT,0.0,0.0,1064.9999999999998,,2026-09-10-AccountStatement.csv,389bdf46b28547d4a8c382fb5000141991a048b85cde5eb5eb5bf8ad1f093788,2026-09-11T19:36:46
442a90b3b3f5e22333f2e35d,2026-09-08T11:13:44,FILL,EXECUTION_EVIDENCE,,SELL -3 BAC 20 NOV 26 62.5 CALL @ 3.05 TO CLOSE LMT,0.0,0.0,914.9999999999999,,2026-09-10-AccountStatement.csv,389bdf46b28547d4a8c382fb5000141991a048b85cde5eb5eb5bf8ad1f093788,2026-09-11T19:36:46
2fdd9ce1c8c475806e127e07,2026-09-08T11:13:07,FILL,EXECUTION_EVIDENCE,,SELL -3 HAL 16 OCT 26 36 CALL @ 2.52 TO CLOSE LMT,0.0,0.0,756.0,,2026-09-10-AccountStatement.csv,389bdf46b28547d4a8c382fb5000141991a048b85cde5eb5eb5bf8ad1f093788,2026-09-11T19:36:46
6b377eeef7f5f9bf46a785c1,2026-09-08T10:21:21,FILL,EXECUTION_EVIDENCE,,SELL -1 MDT 20 NOV 26 90 CALL @ 5.30 TO CLOSE STP,0.0,0.0,530.0,,2026-09-10-AccountStatement.csv,389bdf46b28547d4a8c382fb5000141991a048b85cde5eb5eb5bf8ad1f093788,2026-09-11T19:36:46
41f19816a458742a5d2c6caa,2026-09-08T10:12:06,FILL,EXECUTION_EVIDENCE,,BUY +3 F 20 NOV 26 14 CALL @ 1.10 TO OPEN LMT,0.0,0.0,-330.0,,2026-09-10-AccountStatement.csv,389bdf46b28547d4a8c382fb5000141991a048b85cde5eb5eb5bf8ad1f093788,2026-09-11T19:36:46
1e1999369358075a09fc9071,2026-09-08T09:45:40,FILL,EXECUTION_EVIDENCE,,SELL -2 FCX 20 NOV 26 75 CALL @ 8.00 TO CLOSE LMT,0.0,0.0,1600.0,,2026-09-10-AccountStatement.csv,389bdf46b28547d4a8c382fb5000141991a048b85cde5eb5eb5bf8ad1f093788,2026-09-11T19:36:46
307ca178f409d93fd287933a,2026-09-08T09:31:07,FILL,EXECUTION_EVIDENCE,,SELL -3 KO 20 NOV 26 90 CALL @ 2.33 TO CLOSE STP,0.0,0.0,699.0,,2026-09-10-AccountStatement.csv,389bdf46b28547d4a8c382fb5000141991a048b85cde5eb5eb5bf8ad1f093788,2026-09-11T19:36:46
556397526afb7b93949d7490,2026-09-10T09:31:17,TRD,CASH_POSTING,5396043641,BOT +3 DIS 100 20 NOV 26 110 CALL @3.55,-0.02,-1.95,-1065.0,93777.48,2026-09-11-AccountStatement.csv,f44c7aade65e30ab2192e786c25c9ab4f7854a6c2863b5bf92fe52480e04fac5,2026-09-11T19:36:46
465edf171689e43631830535,2026-09-10T09:31:24,TRD,CASH_POSTING,5395727581,SOLD -1 APH 100 20 NOV 26 85 CALL @4.85,-0.02,-0.65,485.0,94261.81,2026-09-11-AccountStatement.csv,f44c7aade65e30ab2192e786c25c9ab4f7854a6c2863b5bf92fe52480e04fac5,2026-09-11T19:36:46
489f5d51ddab179f852aedba,2026-09-10T09:38:46,TRD,CASH_POSTING,5395057784,SOLD -3 BMY 100 20 NOV 26 70 CALL @1.39,-0.03,-1.95,417.0,94676.83,2026-09-11-AccountStatement.csv,f44c7aade65e30ab2192e786c25c9ab4f7854a6c2863b5bf92fe52480e04fac5,2026-09-11T19:36:46
956ecdf7487c0fd3062c5a67,2026-09-10T09:53:44,TRD,CASH_POSTING,5392732451,SOLD -3 HAL 100 16 OCT 26 36 CALL @1.90,-0.03,-1.95,570.0,95244.85,2026-09-11-AccountStatement.csv,f44c7aade65e30ab2192e786c25c9ab4f7854a6c2863b5bf92fe52480e04fac5,2026-09-11T19:36:46
4df5956f8ebc1a37f42d171c,2026-09-10T10:15:20,TRD,CASH_POSTING,5395727541,SOLD -2 HPE 100 20 NOV 26 60 CALL @4.35,-0.02,-1.3,870.0,96113.53,2026-09-11-AccountStatement.csv,f44c7aade65e30ab2192e786c25c9ab4f7854a6c2863b5bf92fe52480e04fac5,2026-09-11T19:36:46
ba9a1e2be7d2f79096e9cf33,2026-09-10T10:19:52,TRD,CASH_POSTING,5395726118,SOLD -3 OXY 100 20 NOV 26 62.5 CALL @2.99,-0.04,-1.95,897.0,97008.54,2026-09-11-AccountStatement.csv,f44c7aade65e30ab2192e786c25c9ab4f7854a6c2863b5bf92fe52480e04fac5,2026-09-11T19:36:46
ca73c79035ed04575d369770,2026-09-10T12:09:37,TRD,CASH_POSTING,5396377375,SOLD -1 NOW 100 20 NOV 26 140 CALL @11.35,-0.03,-0.65,1135.0,98142.86,2026-09-11-AccountStatement.csv,f44c7aade65e30ab2192e786c25c9ab4f7854a6c2863b5bf92fe52480e04fac5,2026-09-11T19:36:46
be41a7bde8f9c80aa10bf022,2026-09-10T12:11:47,TRD,CASH_POSTING,5396380364,BOT +1 INTC 100 20 NOV 26 105 CALL @10.80,-0.01,-0.65,-1080.0,97062.2,2026-09-11-AccountStatement.csv,f44c7aade65e30ab2192e786c25c9ab4f7854a6c2863b5bf92fe52480e04fac5,2026-09-11T19:36:46
7c379c990fed8a9b8ec9e582,2026-09-10T12:12:38,TRD,CASH_POSTING,5396381838,BOT +3 HAL 100 16 OCT 26 36 CALL @1.67,-0.02,-1.95,-501.0,96559.23,2026-09-11-AccountStatement.csv,f44c7aade65e30ab2192e786c25c9ab4f7854a6c2863b5bf92fe52480e04fac5,2026-09-11T19:36:46
547dd870d345f1acd3ba4d4f,2026-09-10T12:14:15,TRD,CASH_POSTING,5396384123,BOT +1 C 100 20 NOV 26 140 CALL @6.60,-0.01,-0.65,-660.0,95898.57,2026-09-11-AccountStatement.csv,f44c7aade65e30ab2192e786c25c9ab4f7854a6c2863b5bf92fe52480e04fac5,2026-09-11T19:36:46
01206d63c9f9a4f7dd188547,2026-09-10T12:14:59,TRD,CASH_POSTING,5396384159,BOT +2 WFC 100 20 NOV 26 90 CALL @4.15,-0.01,-1.3,-830.0,95067.26,2026-09-11-AccountStatement.csv,f44c7aade65e30ab2192e786c25c9ab4f7854a6c2863b5bf92fe52480e04fac5,2026-09-11T19:36:46
087fff5b624330e49dfcc4c6,2026-09-10T12:16:52,TRD,CASH_POSTING,5396384190,BOT +1 FCX 100 20 NOV 26 70 CALL @6.85,-0.01,-0.65,-685.0,94381.6,2026-09-11-AccountStatement.csv,f44c7aade65e30ab2192e786c25c9ab4f7854a6c2863b5bf92fe52480e04fac5,2026-09-11T19:36:46
9215ee1950a4de5617a4a90e,2026-09-10T12:26:22,TRD,CASH_POSTING,5396380312,BOT +1 NVDA 100 20 NOV 26 230 CALL @10.75,-0.01,-0.65,-1075.0,93305.94,2026-09-11-AccountStatement.csv,f44c7aade65e30ab2192e786c25c9ab4f7854a6c2863b5bf92fe52480e04fac5,2026-09-11T19:36:46
f1a37181e06ed50baa8183f6,2026-09-11T01:00:00,BAL,CASH_POSTING,,Cash balance at the start of business day 11.09 CST,0.0,0.0,0.0,93305.94,2026-09-11-AccountStatement.csv,f44c7aade65e30ab2192e786c25c9ab4f7854a6c2863b5bf92fe52480e04fac5,2026-09-11T19:36:46
bb51956520f3ec67e94691c4,2026-09-11T15:50:10,FILL,EXECUTION_EVIDENCE,,SELL -1 AAPL 20 NOV 26 350 CALL @ 9.20 TO CLOSE STP,0.0,0.0,919.9999999999999,,2026-09-11-AccountStatement.csv,f44c7aade65e30ab2192e786c25c9ab4f7854a6c2863b5bf92fe52480e04fac5,2026-09-11T19:36:46
610d0bcab8b9e5afa423615c,2026-09-11T11:50:31,FILL,EXECUTION_EVIDENCE,,BUY +1 HPE 20 NOV 26 60 CALL @ 6.80 TO OPEN LMT,0.0,0.0,-680.0,,2026-09-11-AccountStatement.csv,f44c7aade65e30ab2192e786c25c9ab4f7854a6c2863b5bf92fe52480e04fac5,2026-09-11T19:36:46
67f1994a7b83e29157a11578,2026-09-11T11:39:28,FILL,EXECUTION_EVIDENCE,,BUY +3 SLB 20 NOV 26 57.5 CALL @ 3.20 TO OPEN LMT,0.0,0.0,-960.0000000000001,,2026-09-11-AccountStatement.csv,f44c7aade65e30ab2192e786c25c9ab4f7854a6c2863b5bf92fe52480e04fac5,2026-09-11T19:36:46
9ec9b13ca061f14ecb51cae6,2026-09-11T11:38:59,FILL,EXECUTION_EVIDENCE,,BUY +1 XOM 20 NOV 26 165 CALL @ 9.00 TO OPEN LMT,0.0,0.0,-900.0,,2026-09-11-AccountStatement.csv,f44c7aade65e30ab2192e786c25c9ab4f7854a6c2863b5bf92fe52480e04fac5,2026-09-11T19:36:46
58b50fd0319e9ad040ecf9de,2026-09-11T11:38:24,FILL,EXECUTION_EVIDENCE,,BUY +3 VZ 20 NOV 26 50 CALL @ 2.35 TO OPEN LMT,0.0,0.0,-705.0000000000001,,2026-09-11-AccountStatement.csv,f44c7aade65e30ab2192e786c25c9ab4f7854a6c2863b5bf92fe52480e04fac5,2026-09-11T19:36:46
6f351d6a71c33f86bbee9ba8,2026-09-11T11:37:45,FILL,EXECUTION_EVIDENCE,,BUY +1 HOOD 20 NOV 26 120 CALL @ 11.55 TO OPEN LMT,0.0,0.0,-1155.0,,2026-09-11-AccountStatement.csv,f44c7aade65e30ab2192e786c25c9ab4f7854a6c2863b5bf92fe52480e04fac5,2026-09-11T19:36:46
5fe50ca8eb869c45d17329ea,2026-09-11T11:37:07,FILL,EXECUTION_EVIDENCE,,BUY +2 OXY 20 NOV 26 60 CALL @ 4.30 TO OPEN LMT,0.0,0.0,-860.0,,2026-09-11-AccountStatement.csv,f44c7aade65e30ab2192e786c25c9ab4f7854a6c2863b5bf92fe52480e04fac5,2026-09-11T19:36:46
2a2628d2f5e6753df7805abf,2026-09-11T11:35:40,FILL,EXECUTION_EVIDENCE,,BUY +1 AAPL 20 NOV 26 350 CALL @ 10.60 TO OPEN LMT,0.0,0.0,-1060.0,,2026-09-11-AccountStatement.csv,f44c7aade65e30ab2192e786c25c9ab4f7854a6c2863b5bf92fe52480e04fac5,2026-09-11T19:36:46
b1dc4685a8e313da2d7f1235,2026-09-11T11:17:24,FILL,EXECUTION_EVIDENCE,,SELL -1 C 20 NOV 26 140 CALL @ 6.75 TO CLOSE LMT,0.0,0.0,675.0,,2026-09-11-AccountStatement.csv,f44c7aade65e30ab2192e786c25c9ab4f7854a6c2863b5bf92fe52480e04fac5,2026-09-11T19:36:46
a90643bb026a3ebfc47aaf08,2026-09-11T11:15:54,FILL,EXECUTION_EVIDENCE,,SELL -1 INTC 20 NOV 26 105 CALL @ 11.70 TO CLOSE LMT,0.0,0.0,1170.0,,2026-09-11-AccountStatement.csv,f44c7aade65e30ab2192e786c25c9ab4f7854a6c2863b5bf92fe52480e04fac5,2026-09-11T19:36:46
194d0ea7885d8f940efafa63,2026-09-11T11:15:27,FILL,EXECUTION_EVIDENCE,,SELL -1 NVDA 20 NOV 26 230 CALL @ 10.85 TO CLOSE LMT,0.0,0.0,1085.0,,2026-09-11-AccountStatement.csv,f44c7aade65e30ab2192e786c25c9ab4f7854a6c2863b5bf92fe52480e04fac5,2026-09-11T19:36:46
b1378b017e64c74d20f42801,2026-09-11T11:13:36,FILL,EXECUTION_EVIDENCE,,SELL -2 WFC 20 NOV 26 90 CALL @ 4.50 TO CLOSE LMT,0.0,0.0,900.0,,2026-09-11-AccountStatement.csv,f44c7aade65e30ab2192e786c25c9ab4f7854a6c2863b5bf92fe52480e04fac5,2026-09-11T19:36:46
d4604d262f5b1f55e86d7aa4,2026-09-11T11:12:39,FILL,EXECUTION_EVIDENCE,,BUY +1 HAL 16 OCT 26 36 CALL @ 1.49 TO CLOSE LMT,0.0,0.0,-149.0,,2026-09-11-AccountStatement.csv,f44c7aade65e30ab2192e786c25c9ab4f7854a6c2863b5bf92fe52480e04fac5,2026-09-11T19:36:46
4a5802981e7f802c49287c7a,2026-09-11T11:12:20,FILL,EXECUTION_EVIDENCE,,SELL -1 FCX 20 NOV 26 70 CALL @ 7.70 TO CLOSE LMT,0.0,0.0,770.0,,2026-09-11-AccountStatement.csv,f44c7aade65e30ab2192e786c25c9ab4f7854a6c2863b5bf92fe52480e04fac5,2026-09-11T19:36:46
cf7ebdf38f241fe08c5f06f6,2026-09-11T11:11:55,FILL,EXECUTION_EVIDENCE,,SELL -3 DVN 20 NOV 26 50 CALL @ 2.80 TO CLOSE LMT,0.0,0.0,839.9999999999999,,2026-09-11-AccountStatement.csv,f44c7aade65e30ab2192e786c25c9ab4f7854a6c2863b5bf92fe52480e04fac5,2026-09-11T19:36:46
2e15349fc6e71b82e67402d3,2026-09-11T11:11:29,FILL,EXECUTION_EVIDENCE,,SELL -1 C 20 NOV 26 145 CALL @ 4.70 TO CLOSE LMT,0.0,0.0,470.0,,2026-09-11-AccountStatement.csv,f44c7aade65e30ab2192e786c25c9ab4f7854a6c2863b5bf92fe52480e04fac5,2026-09-11T19:36:46
c392ee7a01657216d6bb906c,2026-09-11T11:09:17,FILL,EXECUTION_EVIDENCE,,SELL -1 HAL 16 OCT 26 36 CALL @ 1.50 TO CLOSE STP,0.0,0.0,150.0,,2026-09-11-AccountStatement.csv,f44c7aade65e30ab2192e786c25c9ab4f7854a6c2863b5bf92fe52480e04fac5,2026-09-11T19:36:46
6b4bcaddc62a72a8396fa160,2026-09-11T10:48:47,FILL,EXECUTION_EVIDENCE,,BUY +1 XOM 20 NOV 26 170 CALL @ 6.50 TO OPEN LMT,0.0,0.0,-650.0,,2026-09-11-AccountStatement.csv,f44c7aade65e30ab2192e786c25c9ab4f7854a6c2863b5bf92fe52480e04fac5,2026-09-11T19:36:46
c66d69c757405469e8c813c2,2026-09-11T09:31:10,FILL,EXECUTION_EVIDENCE,,BUY +3 BMY 20 NOV 26 70 CALL @ 1.24 TO CLOSE LMT,0.0,0.0,-372.0,,2026-09-11-AccountStatement.csv,f44c7aade65e30ab2192e786c25c9ab4f7854a6c2863b5bf92fe52480e04fac5,2026-09-11T19:36:46
2ffe2a9f3e6c52a166c459cb,2026-09-10T12:26:22,FILL,EXECUTION_EVIDENCE,,BUY +1 NVDA 20 NOV 26 230 CALL @ 10.75 TO OPEN LMT,0.0,0.0,-1075.0,,2026-09-11-AccountStatement.csv,f44c7aade65e30ab2192e786c25c9ab4f7854a6c2863b5bf92fe52480e04fac5,2026-09-11T19:36:46
756f6d2471ca5704a7ee4b06,2026-09-10T12:16:52,FILL,EXECUTION_EVIDENCE,,BUY +1 FCX 20 NOV 26 70 CALL @ 6.85 TO OPEN LMT,0.0,0.0,-685.0,,2026-09-11-AccountStatement.csv,f44c7aade65e30ab2192e786c25c9ab4f7854a6c2863b5bf92fe52480e04fac5,2026-09-11T19:36:46
ff37f73e2fe39470a1051d94,2026-09-10T12:14:59,FILL,EXECUTION_EVIDENCE,,BUY +2 WFC 20 NOV 26 90 CALL @ 4.15 TO OPEN LMT,0.0,0.0,-830.0000000000001,,2026-09-11-AccountStatement.csv,f44c7aade65e30ab2192e786c25c9ab4f7854a6c2863b5bf92fe52480e04fac5,2026-09-11T19:36:46
9f8da1846619ce5546d8feda,2026-09-10T12:14:15,FILL,EXECUTION_EVIDENCE,,BUY +1 C 20 NOV 26 140 CALL @ 6.60 TO OPEN LMT,0.0,0.0,-660.0,,2026-09-11-AccountStatement.csv,f44c7aade65e30ab2192e786c25c9ab4f7854a6c2863b5bf92fe52480e04fac5,2026-09-11T19:36:46
9dea1d91885e6885a6c92b41,2026-09-10T12:12:38,FILL,EXECUTION_EVIDENCE,,BUY +3 HAL 16 OCT 26 36 CALL @ 1.67 TO CLOSE LMT,0.0,0.0,-501.0,,2026-09-11-AccountStatement.csv,f44c7aade65e30ab2192e786c25c9ab4f7854a6c2863b5bf92fe52480e04fac5,2026-09-11T19:36:46
bf69a399a5992b63596b6fdb,2026-09-10T12:11:47,FILL,EXECUTION_EVIDENCE,,BUY +1 INTC 20 NOV 26 105 CALL @ 10.80 TO OPEN LMT,0.0,0.0,-1080.0,,2026-09-11-AccountStatement.csv,f44c7aade65e30ab2192e786c25c9ab4f7854a6c2863b5bf92fe52480e04fac5,2026-09-11T19:36:46
ad92973054fd1a07083f0307,2026-09-10T12:09:37,FILL,EXECUTION_EVIDENCE,,SELL -1 NOW 20 NOV 26 140 CALL @ 11.35 TO CLOSE LMT,0.0,0.0,1135.0,,2026-09-11-AccountStatement.csv,f44c7aade65e30ab2192e786c25c9ab4f7854a6c2863b5bf92fe52480e04fac5,2026-09-11T19:36:46
359c165318a33607227ba47f,2026-09-10T10:19:52,FILL,EXECUTION_EVIDENCE,,SELL -3 OXY 20 NOV 26 62.5 CALL @ 2.99 TO CLOSE STP,0.0,0.0,897.0000000000001,,2026-09-11-AccountStatement.csv,f44c7aade65e30ab2192e786c25c9ab4f7854a6c2863b5bf92fe52480e04fac5,2026-09-11T19:36:46
db3c82d4ed5d16f2208cf931,2026-09-10T10:15:20,FILL,EXECUTION_EVIDENCE,,SELL -2 HPE 20 NOV 26 60 CALL @ 4.35 TO CLOSE STP,0.0,0.0,869.9999999999999,,2026-09-11-AccountStatement.csv,f44c7aade65e30ab2192e786c25c9ab4f7854a6c2863b5bf92fe52480e04fac5,2026-09-11T19:36:46
fc2f34109ca1d034df9af626,2026-09-10T09:53:44,FILL,EXECUTION_EVIDENCE,,SELL -3 HAL 16 OCT 26 36 CALL @ 1.90 TO CLOSE STP,0.0,0.0,569.9999999999999,,2026-09-11-AccountStatement.csv,f44c7aade65e30ab2192e786c25c9ab4f7854a6c2863b5bf92fe52480e04fac5,2026-09-11T19:36:46
51df4efe7a2a404c42aa75dc,2026-09-10T09:38:46,FILL,EXECUTION_EVIDENCE,,SELL -3 BMY 20 NOV 26 70 CALL @ 1.39 TO CLOSE STP,0.0,0.0,417.0,,2026-09-11-AccountStatement.csv,f44c7aade65e30ab2192e786c25c9ab4f7854a6c2863b5bf92fe52480e04fac5,2026-09-11T19:36:46
c43ed62cb74c85be4cabeb01,2026-09-10T09:31:24,FILL,EXECUTION_EVIDENCE,,SELL -1 APH 20 NOV 26 85 CALL @ 4.85 TO CLOSE STP,0.0,0.0,484.99999999999994,,2026-09-11-AccountStatement.csv,f44c7aade65e30ab2192e786c25c9ab4f7854a6c2863b5bf92fe52480e04fac5,2026-09-11T19:36:46
bd39cbd45a1cd28f842b3e4f,2026-09-10T09:31:17,FILL,EXECUTION_EVIDENCE,,BUY +3 DIS 20 NOV 26 110 CALL @ 3.55 TO CLOSE LMT,0.0,0.0,-1064.9999999999998,,2026-09-11-AccountStatement.csv,f44c7aade65e30ab2192e786c25c9ab4f7854a6c2863b5bf92fe52480e04fac5,2026-09-11T19:36:46
77b027c02fcc160b09717f69,2026-09-11T09:31:10,TRD,CASH_POSTING,5396686361,BOT +3 BMY 100 20 NOV 26 70 CALL @1.24,-0.02,-1.95,-372.0,92931.97,2026-09-14-AccountStatement.csv,bcb2fb35c349598136e5d4fb1896226be9a6eff5de186fb2582b5cebd23e58e6,2026-09-14T18:35:58
faf426e14abeba45d7a71232,2026-09-11T10:48:47,TRD,CASH_POSTING,5396387309,BOT +1 XOM 100 20 NOV 26 170 CALL @6.50,-0.01,-0.65,-650.0,92281.31,2026-09-14-AccountStatement.csv,bcb2fb35c349598136e5d4fb1896226be9a6eff5de186fb2582b5cebd23e58e6,2026-09-14T18:35:58
c182c1afdb96f29cbb0fce0a,2026-09-11T11:09:17,TRD,CASH_POSTING,5391058428,SOLD -1 HAL 100 16 OCT 26 36 CALL @1.50,-0.02,-0.65,150.0,92430.64,2026-09-14-AccountStatement.csv,bcb2fb35c349598136e5d4fb1896226be9a6eff5de186fb2582b5cebd23e58e6,2026-09-14T18:35:58
007ecaa86f524cf866c35584,2026-09-11T11:11:29,TRD,CASH_POSTING,5396927946,SOLD -1 C 100 20 NOV 26 145 CALL @4.70,-0.02,-0.65,470.0,92899.97,2026-09-14-AccountStatement.csv,bcb2fb35c349598136e5d4fb1896226be9a6eff5de186fb2582b5cebd23e58e6,2026-09-14T18:35:58
e4c10d476e726843b025d9d3,2026-09-11T11:11:55,TRD,CASH_POSTING,5396927970,SOLD -3 DVN 100 20 NOV 26 50 CALL @2.80,-0.03,-1.95,840.0,93737.99,2026-09-14-AccountStatement.csv,bcb2fb35c349598136e5d4fb1896226be9a6eff5de186fb2582b5cebd23e58e6,2026-09-14T18:35:58
f922e3a63343b7f9a598dcd0,2026-09-11T11:12:20,TRD,CASH_POSTING,5396930504,SOLD -1 FCX 100 20 NOV 26 70 CALL @7.70,-0.02,-0.65,770.0,94507.32,2026-09-14-AccountStatement.csv,bcb2fb35c349598136e5d4fb1896226be9a6eff5de186fb2582b5cebd23e58e6,2026-09-14T18:35:58
0be2623f5d5afd1bb7200bf7,2026-09-11T11:12:39,TRD,CASH_POSTING,5396930519,BOT +1 HAL 100 16 OCT 26 36 CALL @1.49,-0.01,-0.65,-149.0,94357.66,2026-09-14-AccountStatement.csv,bcb2fb35c349598136e5d4fb1896226be9a6eff5de186fb2582b5cebd23e58e6,2026-09-14T18:35:58
274290813d56a92c7a6d0c63,2026-09-11T11:13:36,TRD,CASH_POSTING,5396930584,SOLD -2 WFC 100 20 NOV 26 90 CALL @4.50,-0.03,-1.3,900.0,95256.33,2026-09-14-AccountStatement.csv,bcb2fb35c349598136e5d4fb1896226be9a6eff5de186fb2582b5cebd23e58e6,2026-09-14T18:35:58
7a6471108b4d8a999af49e07,2026-09-11T11:15:27,TRD,CASH_POSTING,5396930567,SOLD -1 NVDA 100 20 NOV 26 230 CALL @10.85,-0.03,-0.65,1085.0,96340.65,2026-09-14-AccountStatement.csv,bcb2fb35c349598136e5d4fb1896226be9a6eff5de186fb2582b5cebd23e58e6,2026-09-14T18:35:58
1cca00fcc46d7f48c27371f1,2026-09-11T11:15:54,TRD,CASH_POSTING,5396930552,SOLD -1 INTC 100 20 NOV 26 105 CALL @11.70,-0.03,-0.65,1170.0,97509.97,2026-09-14-AccountStatement.csv,bcb2fb35c349598136e5d4fb1896226be9a6eff5de186fb2582b5cebd23e58e6,2026-09-14T18:35:58
524de093c1df7aca37b261df,2026-09-11T11:17:24,TRD,CASH_POSTING,5396927939,SOLD -1 C 100 20 NOV 26 140 CALL @6.75,-0.02,-0.65,675.0,98184.3,2026-09-14-AccountStatement.csv,bcb2fb35c349598136e5d4fb1896226be9a6eff5de186fb2582b5cebd23e58e6,2026-09-14T18:35:58
1b2468efe12440a906f20b89,2026-09-11T11:35:40,TRD,CASH_POSTING,5396960061,BOT +1 AAPL 100 20 NOV 26 350 CALL @10.60,-0.01,-0.65,-1060.0,97123.64,2026-09-14-AccountStatement.csv,bcb2fb35c349598136e5d4fb1896226be9a6eff5de186fb2582b5cebd23e58e6,2026-09-14T18:35:58
a45173394ba1e27942f14f11,2026-09-11T11:37:07,TRD,CASH_POSTING,5396962124,BOT +2 OXY 100 20 NOV 26 60 CALL @4.30,-0.01,-1.3,-860.0,96262.33,2026-09-14-AccountStatement.csv,bcb2fb35c349598136e5d4fb1896226be9a6eff5de186fb2582b5cebd23e58e6,2026-09-14T18:35:58
37ca9aca90768768ea3a6cc2,2026-09-11T11:37:45,TRD,CASH_POSTING,5396962157,BOT +1 HOOD 100 20 NOV 26 120 CALL @11.55,-0.01,-0.65,-1155.0,95106.67,2026-09-14-AccountStatement.csv,bcb2fb35c349598136e5d4fb1896226be9a6eff5de186fb2582b5cebd23e58e6,2026-09-14T18:35:58
ca000fb8ee9343481f078cb1,2026-09-11T11:38:24,TRD,CASH_POSTING,5396962178,BOT +3 VZ 100 20 NOV 26 50 CALL @2.35,-0.02,-1.95,-705.0,94399.7,2026-09-14-AccountStatement.csv,bcb2fb35c349598136e5d4fb1896226be9a6eff5de186fb2582b5cebd23e58e6,2026-09-14T18:35:58
99a209d847884192be117eae,2026-09-11T11:38:59,TRD,CASH_POSTING,5396964721,BOT +1 XOM 100 20 NOV 26 165 CALL @9.00,-0.01,-0.65,-900.0,93499.04,2026-09-14-AccountStatement.csv,bcb2fb35c349598136e5d4fb1896226be9a6eff5de186fb2582b5cebd23e58e6,2026-09-14T18:35:58
1708cf1b138ac4614b3ec1fd,2026-09-11T11:39:28,TRD,CASH_POSTING,5396964733,BOT +3 SLB 100 20 NOV 26 57.5 CALL @3.20,-0.02,-1.95,-960.0,92537.07,2026-09-14-AccountStatement.csv,bcb2fb35c349598136e5d4fb1896226be9a6eff5de186fb2582b5cebd23e58e6,2026-09-14T18:35:58
b099001facf4b3f24578290c,2026-09-11T11:50:31,TRD,CASH_POSTING,5396962101,BOT +1 HPE 100 20 NOV 26 60 CALL @6.80,-0.01,-0.65,-680.0,91856.41,2026-09-14-AccountStatement.csv,bcb2fb35c349598136e5d4fb1896226be9a6eff5de186fb2582b5cebd23e58e6,2026-09-14T18:35:58
9f7bcdc5616f59a923419c03,2026-09-11T15:50:10,TRD,CASH_POSTING,5396960061,SOLD -1 AAPL 100 20 NOV 26 350 CALL @9.20,-0.03,-0.65,920.0,92775.73,2026-09-14-AccountStatement.csv,bcb2fb35c349598136e5d4fb1896226be9a6eff5de186fb2582b5cebd23e58e6,2026-09-14T18:35:58
e816b6b1bcfc4f285b43ff46,2026-09-12T01:00:00,BAL,CASH_POSTING,,Cash balance at the start of business day 12.09 CST,0.0,0.0,0.0,92775.73,2026-09-14-AccountStatement.csv,bcb2fb35c349598136e5d4fb1896226be9a6eff5de186fb2582b5cebd23e58e6,2026-09-14T18:35:58
f2f3b6e0e790ef406f2c4c6c,2026-09-13T01:00:00,BAL,CASH_POSTING,,Cash balance at the start of business day 13.09 CST,0.0,0.0,0.0,92775.73,2026-09-14-AccountStatement.csv,bcb2fb35c349598136e5d4fb1896226be9a6eff5de186fb2582b5cebd23e58e6,2026-09-14T18:35:58
01521250f8fc9743155bd1c4,2026-09-14T01:00:00,BAL,CASH_POSTING,,Cash balance at the start of business day 14.09 CST,0.0,0.0,0.0,92775.73,2026-09-14-AccountStatement.csv,bcb2fb35c349598136e5d4fb1896226be9a6eff5de186fb2582b5cebd23e58e6,2026-09-14T18:35:58
f1af1b1d683cc91b4cd8dc57,2026-09-14T09:31:34,TRD,CASH_POSTING,5396962101,SOLD -1 HPE 100 20 NOV 26 60 CALL @5.05,-0.02,-0.65,505.0,93280.06,2026-09-14-AccountStatement.csv,bcb2fb35c349598136e5d4fb1896226be9a6eff5de186fb2582b5cebd23e58e6,2026-09-14T18:35:58
81fdec9f996ed13c9a0f97b5,2026-09-14T09:39:50,TRD,CASH_POSTING,5396964733,SOLD -3 SLB 100 20 NOV 26 57.5 CALL @2.66,-0.03,-1.95,798.0,94076.08,2026-09-14-AccountStatement.csv,bcb2fb35c349598136e5d4fb1896226be9a6eff5de186fb2582b5cebd23e58e6,2026-09-14T18:35:58
64a895789bf138ede5291264,2026-09-14T11:04:23,TRD,CASH_POSTING,5397549795,SOLD -1 XOM 100 20 NOV 26 165 CALL @10.30,-0.03,-0.65,1030.0,95105.4,2026-09-14-AccountStatement.csv,bcb2fb35c349598136e5d4fb1896226be9a6eff5de186fb2582b5cebd23e58e6,2026-09-14T18:35:58
094fcb671c8195b4ce8bdf2a,2026-09-14T11:05:54,TRD,CASH_POSTING,5397553857,BOT +3 BAC 100 20 NOV 26 62.5 CALL @2.61,-0.02,-1.95,-783.0,94320.43,2026-09-14-AccountStatement.csv,bcb2fb35c349598136e5d4fb1896226be9a6eff5de186fb2582b5cebd23e58e6,2026-09-14T18:35:58
8b5603517eb8ced3e6f2532f,2026-09-14T11:06:33,TRD,CASH_POSTING,5397556334,BOT +1 INTC 100 20 NOV 26 97.5 CALL @10.95,-0.01,-0.65,-1095.0,93224.77,2026-09-14-AccountStatement.csv,bcb2fb35c349598136e5d4fb1896226be9a6eff5de186fb2582b5cebd23e58e6,2026-09-14T18:35:58
7921dbeb01749bf5d7c40d1a,2026-09-14T11:07:15,TRD,CASH_POSTING,5397556392,BOT +1 AAPL 100 20 NOV 26 355 CALL @7.45,-0.01,-0.65,-745.0,92479.11,2026-09-14-AccountStatement.csv,bcb2fb35c349598136e5d4fb1896226be9a6eff5de186fb2582b5cebd23e58e6,2026-09-14T18:35:58
108b9bd84e8f648420d2aca4,2026-09-14T11:07:56,TRD,CASH_POSTING,5397558731,BOT +1 CVX 100 20 NOV 26 220 CALL @7.95,-0.01,-0.65,-795.0,91683.45,2026-09-14-AccountStatement.csv,bcb2fb35c349598136e5d4fb1896226be9a6eff5de186fb2582b5cebd23e58e6,2026-09-14T18:35:58
aa3fe8a069690aa6f54bb0bb,2026-09-14T11:08:33,TRD,CASH_POSTING,5397558763,BOT +1 C 100 20 NOV 26 135 CALL @7.25,-0.01,-0.65,-725.0,90957.79,2026-09-14-AccountStatement.csv,bcb2fb35c349598136e5d4fb1896226be9a6eff5de186fb2582b5cebd23e58e6,2026-09-14T18:35:58
1144d8350caafbd9bd338771,2026-09-14T11:09:05,TRD,CASH_POSTING,5397561401,BOT +2 WFC 100 20 NOV 26 90 CALL @3.80,-0.01,-1.3,-760.0,90196.48,2026-09-14-AccountStatement.csv,bcb2fb35c349598136e5d4fb1896226be9a6eff5de186fb2582b5cebd23e58e6,2026-09-14T18:35:58
3f5116225183c6d0c8eab450,2026-09-14T11:36:20,TRD,CASH_POSTING,5397561401,SOLD -2 WFC 100 20 NOV 26 90 CALL @3.50,-0.02,-1.3,700.0,90895.16,2026-09-14-AccountStatement.csv,bcb2fb35c349598136e5d4fb1896226be9a6eff5de186fb2582b5cebd23e58e6,2026-09-14T18:35:58
ec412e5daf9d07e067bcaad9,2026-09-14T13:10:41,TRD,CASH_POSTING,5397553857,SOLD -3 BAC 100 20 NOV 26 62.5 CALL @2.37,-0.03,-1.95,711.0,91604.18,2026-09-14-AccountStatement.csv,bcb2fb35c349598136e5d4fb1896226be9a6eff5de186fb2582b5cebd23e58e6,2026-09-14T18:35:58
0104f5aa69d2c51bb7af4928,2026-09-14T13:42:56,TRD,CASH_POSTING,5397558763,SOLD -1 C 100 20 NOV 26 135 CALL @6.40,-0.02,-0.65,640.0,92243.51,2026-09-14-AccountStatement.csv,bcb2fb35c349598136e5d4fb1896226be9a6eff5de186fb2582b5cebd23e58e6,2026-09-14T18:35:58
e37a6bcbda00a67e15d52114,2026-09-14T14:53:21,TRD,CASH_POSTING,5397558731,SOLD -1 CVX 100 20 NOV 26 220 CALL @7.40,-0.02,-0.65,740.0,92982.84,2026-09-14-AccountStatement.csv,bcb2fb35c349598136e5d4fb1896226be9a6eff5de186fb2582b5cebd23e58e6,2026-09-14T18:35:58
46ec567c9860479effdf5d48,2026-09-14T14:53:21,FILL,EXECUTION_EVIDENCE,,SELL -1 CVX 20 NOV 26 220 CALL @ 7.40 TO CLOSE STP,0.0,0.0,740.0,,2026-09-14-AccountStatement.csv,bcb2fb35c349598136e5d4fb1896226be9a6eff5de186fb2582b5cebd23e58e6,2026-09-14T18:35:58
4fb0735b2a47634b203d650a,2026-09-14T13:42:56,FILL,EXECUTION_EVIDENCE,,SELL -1 C 20 NOV 26 135 CALL @ 6.40 TO CLOSE STP,0.0,0.0,640.0,,2026-09-14-AccountStatement.csv,bcb2fb35c349598136e5d4fb1896226be9a6eff5de186fb2582b5cebd23e58e6,2026-09-14T18:35:58
45e0e24e3f6a23a5e3c7855c,2026-09-14T13:10:41,FILL,EXECUTION_EVIDENCE,,SELL -3 BAC 20 NOV 26 62.5 CALL @ 2.37 TO CLOSE STP,0.0,0.0,711.0,,2026-09-14-AccountStatement.csv,bcb2fb35c349598136e5d4fb1896226be9a6eff5de186fb2582b5cebd23e58e6,2026-09-14T18:35:58
72d6789ab28a77637b898346,2026-09-14T11:36:20,FILL,EXECUTION_EVIDENCE,,SELL -2 WFC 20 NOV 26 90 CALL @ 3.50 TO CLOSE STP,0.0,0.0,700.0,,2026-09-14-AccountStatement.csv,bcb2fb35c349598136e5d4fb1896226be9a6eff5de186fb2582b5cebd23e58e6,2026-09-14T18:35:58
28802ed9485103395f47015e,2026-09-14T11:09:05,FILL,EXECUTION_EVIDENCE,,BUY +2 WFC 20 NOV 26 90 CALL @ 3.80 TO OPEN LMT,0.0,0.0,-760.0,,2026-09-14-AccountStatement.csv,bcb2fb35c349598136e5d4fb1896226be9a6eff5de186fb2582b5cebd23e58e6,2026-09-14T18:35:58
05d0655c717e6ab15f19a3f9,2026-09-14T11:08:33,FILL,EXECUTION_EVIDENCE,,BUY +1 C 20 NOV 26 135 CALL @ 7.25 TO OPEN LMT,0.0,0.0,-725.0,,2026-09-14-AccountStatement.csv,bcb2fb35c349598136e5d4fb1896226be9a6eff5de186fb2582b5cebd23e58e6,2026-09-14T18:35:58
97a2cffea2abeb44d46530fb,2026-09-14T11:07:56,FILL,EXECUTION_EVIDENCE,,BUY +1 CVX 20 NOV 26 220 CALL @ 7.95 TO OPEN LMT,0.0,0.0,-795.0,,2026-09-14-AccountStatement.csv,bcb2fb35c349598136e5d4fb1896226be9a6eff5de186fb2582b5cebd23e58e6,2026-09-14T18:35:58
94d7b338847564418c6cdaec,2026-09-14T11:07:15,FILL,EXECUTION_EVIDENCE,,BUY +1 AAPL 20 NOV 26 355 CALL @ 7.45 TO OPEN LMT,0.0,0.0,-745.0,,2026-09-14-AccountStatement.csv,bcb2fb35c349598136e5d4fb1896226be9a6eff5de186fb2582b5cebd23e58e6,2026-09-14T18:35:58
075153e82941df1dd02b7c20,2026-09-14T11:06:33,FILL,EXECUTION_EVIDENCE,,BUY +1 INTC 20 NOV 26 97.5 CALL @ 10.95 TO OPEN LMT,0.0,0.0,-1095.0,,2026-09-14-AccountStatement.csv,bcb2fb35c349598136e5d4fb1896226be9a6eff5de186fb2582b5cebd23e58e6,2026-09-14T18:35:58
0650d18ecce20157d0caa268,2026-09-14T11:05:54,FILL,EXECUTION_EVIDENCE,,BUY +3 BAC 20 NOV 26 62.5 CALL @ 2.61 TO OPEN LMT,0.0,0.0,-783.0,,2026-09-14-AccountStatement.csv,bcb2fb35c349598136e5d4fb1896226be9a6eff5de186fb2582b5cebd23e58e6,2026-09-14T18:35:58
93997eaf7c98e6cc128d0e37,2026-09-14T11:04:23,FILL,EXECUTION_EVIDENCE,,SELL -1 XOM 20 NOV 26 165 CALL @ 10.30 TO CLOSE LMT,0.0,0.0,1030.0,,2026-09-14-AccountStatement.csv,bcb2fb35c349598136e5d4fb1896226be9a6eff5de186fb2582b5cebd23e58e6,2026-09-14T18:35:58
7d2024e6698bb79a3eeccace,2026-09-14T09:39:50,FILL,EXECUTION_EVIDENCE,,SELL -3 SLB 20 NOV 26 57.5 CALL @ 2.66 TO CLOSE STP,0.0,0.0,798.0,,2026-09-14-AccountStatement.csv,bcb2fb35c349598136e5d4fb1896226be9a6eff5de186fb2582b5cebd23e58e6,2026-09-14T18:35:58
fd801ffcc33ac73498a003ff,2026-09-14T09:31:34,FILL,EXECUTION_EVIDENCE,,SELL -1 HPE 20 NOV 26 60 CALL @ 5.05 TO CLOSE STP,0.0,0.0,505.0,,2026-09-14-AccountStatement.csv,bcb2fb35c349598136e5d4fb1896226be9a6eff5de186fb2582b5cebd23e58e6,2026-09-14T18:35:58
d08b6dc915f370ac6617267f,2026-09-15T01:00:00,BAL,CASH_POSTING,,Cash balance at the start of business day 15.09 CST,0.0,0.0,0.0,92982.84,2026-09-15-AccountStatement.csv,a39cb742b594f3c02f87278defa7f6cc9688a1bb7504c7b6bc1e2cf3d17327da,2026-09-15T19:55:30
708eca3109eb888ed7cdac8a,2026-09-15T09:31:50,TRD,CASH_POSTING,5396962157,SOLD -1 HOOD 100 20 NOV 26 120 CALL @9.50,-0.03,-0.65,950.0,93932.16,2026-09-15-AccountStatement.csv,a39cb742b594f3c02f87278defa7f6cc9688a1bb7504c7b6bc1e2cf3d17327da,2026-09-15T19:55:30
121092eb35fd1b8add900841,2026-09-15T09:37:28,TRD,CASH_POSTING,5397556392,SOLD -1 AAPL 100 20 NOV 26 355 CALL @6.50,-0.02,-0.65,650.0,94581.49,2026-09-15-AccountStatement.csv,a39cb742b594f3c02f87278defa7f6cc9688a1bb7504c7b6bc1e2cf3d17327da,2026-09-15T19:55:30
ac5d7bb96f4da9159ee28b0c,2026-09-15T09:55:27,TRD,CASH_POSTING,5398056736,tIP SOLD -2 OXY 100 20 NOV 26 60 CALL @5.60,-0.03,-1.3,1120.0,95700.16,2026-09-15-AccountStatement.csv,a39cb742b594f3c02f87278defa7f6cc9688a1bb7504c7b6bc1e2cf3d17327da,2026-09-15T19:55:30
6491bd1f6ff201dd7295be92,2026-09-15T10:52:04,TRD,CASH_POSTING,5398184392,tIP SOLD -1 XOM 100 20 NOV 26 170 CALL @7.85,-0.02,-0.65,785.0,96484.49,2026-09-15-AccountStatement.csv,a39cb742b594f3c02f87278defa7f6cc9688a1bb7504c7b6bc1e2cf3d17327da,2026-09-15T19:55:30
4797033b70ff60d4ddd94d4a,2026-09-15T12:18:20,TRD,CASH_POSTING,5396962124,SOLD -2 OXY 100 20 NOV 26 60 CALL @6.00,-0.03,-1.3,1200.0,97683.16,2026-09-15-AccountStatement.csv,a39cb742b594f3c02f87278defa7f6cc9688a1bb7504c7b6bc1e2cf3d17327da,2026-09-15T19:55:30
e61e44f573650cde3d0bf745,2026-09-15T13:57:38,TRD,CASH_POSTING,5396387309,SOLD -1 XOM 100 20 NOV 26 170 CALL @9.00,-0.03,-0.65,900.0,98582.48,2026-09-15-AccountStatement.csv,a39cb742b594f3c02f87278defa7f6cc9688a1bb7504c7b6bc1e2cf3d17327da,2026-09-15T19:55:30
f45d6c60f116d783851de365,2026-09-15T14:46:41,TRD,CASH_POSTING,5398412406,tIP BOT +2 OXY 100 20 NOV 26 60 CALL @5.90,-0.01,-1.3,-1180.0,97401.17,2026-09-15-AccountStatement.csv,a39cb742b594f3c02f87278defa7f6cc9688a1bb7504c7b6bc1e2cf3d17327da,2026-09-15T19:55:30
11589dbd1ce05f85c1062010,2026-09-15T14:46:53,TRD,CASH_POSTING,5398412414,tIP BOT +1 XOM 100 20 NOV 26 170 CALL @8.80,-0.01,-0.65,-880.0,96520.51,2026-09-15-AccountStatement.csv,a39cb742b594f3c02f87278defa7f6cc9688a1bb7504c7b6bc1e2cf3d17327da,2026-09-15T19:55:30
e0ac7a134041f0899d54223c,2026-09-15T14:46:53,FILL,EXECUTION_EVIDENCE,,BUY +1 XOM 20 NOV 26 170 CALL @ 8.80 TO CLOSE LMT,0.0,0.0,-880.0000000000001,,2026-09-15-AccountStatement.csv,a39cb742b594f3c02f87278defa7f6cc9688a1bb7504c7b6bc1e2cf3d17327da,2026-09-15T19:55:30
8de33846f8bf905df6aaee04,2026-09-15T14:46:41,FILL,EXECUTION_EVIDENCE,,BUY +2 OXY 20 NOV 26 60 CALL @ 5.90 TO CLOSE LMT,0.0,0.0,-1180.0,,2026-09-15-AccountStatement.csv,a39cb742b594f3c02f87278defa7f6cc9688a1bb7504c7b6bc1e2cf3d17327da,2026-09-15T19:55:30
990cdcfa0679bfbde7066948,2026-09-15T13:57:38,FILL,EXECUTION_EVIDENCE,,SELL -1 XOM 20 NOV 26 170 CALL @ 9.00 TO CLOSE LMT,0.0,0.0,900.0,,2026-09-15-AccountStatement.csv,a39cb742b594f3c02f87278defa7f6cc9688a1bb7504c7b6bc1e2cf3d17327da,2026-09-15T19:55:30
dae87d71e0ab27a8cc029474,2026-09-15T12:18:20,FILL,EXECUTION_EVIDENCE,,SELL -2 OXY 20 NOV 26 60 CALL @ 6.00 TO CLOSE LMT,0.0,0.0,1200.0,,2026-09-15-AccountStatement.csv,a39cb742b594f3c02f87278defa7f6cc9688a1bb7504c7b6bc1e2cf3d17327da,2026-09-15T19:55:30
8782533cd1131c0e3b6f3c0a,2026-09-15T10:52:04,FILL,EXECUTION_EVIDENCE,,SELL -1 XOM 20 NOV 26 170 CALL @ 7.85 TO CLOSE LMT,0.0,0.0,785.0,,2026-09-15-AccountStatement.csv,a39cb742b594f3c02f87278defa7f6cc9688a1bb7504c7b6bc1e2cf3d17327da,2026-09-15T19:55:30
1ed188c326735e735df5b1bf,2026-09-15T09:55:27,FILL,EXECUTION_EVIDENCE,,SELL -2 OXY 20 NOV 26 60 CALL @ 5.60 TO CLOSE LMT,0.0,0.0,1120.0,,2026-09-15-AccountStatement.csv,a39cb742b594f3c02f87278defa7f6cc9688a1bb7504c7b6bc1e2cf3d17327da,2026-09-15T19:55:30
bfa4fe0095411fdc661f36e3,2026-09-15T09:37:28,FILL,EXECUTION_EVIDENCE,,SELL -1 AAPL 20 NOV 26 355 CALL @ 6.50 TO CLOSE STP,0.0,0.0,650.0,,2026-09-15-AccountStatement.csv,a39cb742b594f3c02f87278defa7f6cc9688a1bb7504c7b6bc1e2cf3d17327da,2026-09-15T19:55:30
daf78cc81f9c834a2e05807d,2026-09-15T09:31:50,FILL,EXECUTION_EVIDENCE,,SELL -1 HOOD 20 NOV 26 120 CALL @ 9.50 TO CLOSE STP,0.0,0.0,950.0,,2026-09-15-AccountStatement.csv,a39cb742b594f3c02f87278defa7f6cc9688a1bb7504c7b6bc1e2cf3d17327da,2026-09-15T19:55:30
fbb61a10d06f1da0e0de7aa5,2026-09-16T01:00:00,BAL,CASH_POSTING,,Cash balance at the start of business day 16.09 CST,0.0,0.0,0.0,96520.51,2026-09-16-AccountStatement.csv,3f949a508125b04d66b411163efb3ecfaac7eb13c6bbd8559f7d270e3886a6fb,2026-09-16T18:49:30
1af75176bfc71c04a5faa4db,2026-09-16T09:31:03,TRD,CASH_POSTING,5398512860,BOT +1 CVX 100 20 NOV 26 220 CALL @8.65,-0.01,-0.65,-865.0,95654.85,2026-09-16-AccountStatement.csv,3f949a508125b04d66b411163efb3ecfaac7eb13c6bbd8559f7d270e3886a6fb,2026-09-16T18:49:30
49dc73cbbeb17b59e133d0dc,2026-09-16T09:31:08,TRD,CASH_POSTING,5398512846,BOT +3 KO 100 20 NOV 26 90 CALL @2.74,-0.02,-1.95,-822.0,94830.88,2026-09-16-AccountStatement.csv,3f949a508125b04d66b411163efb3ecfaac7eb13c6bbd8559f7d270e3886a6fb,2026-09-16T18:49:30
90be054cda7d29e0d0549878,2026-09-16T09:32:07,TRD,CASH_POSTING,5398512854,BOT +1 C 100 20 NOV 26 135 CALL @8.25,-0.01,-0.65,-825.0,94005.22,2026-09-16-AccountStatement.csv,3f949a508125b04d66b411163efb3ecfaac7eb13c6bbd8559f7d270e3886a6fb,2026-09-16T18:49:30
89962ebbed1aa710692ac533,2026-09-16T09:32:25,TRD,CASH_POSTING,5398512869,BOT +2 WFC 100 20 NOV 26 90 CALL @3.90,-0.01,-1.3,-780.0,93223.91,2026-09-16-AccountStatement.csv,3f949a508125b04d66b411163efb3ecfaac7eb13c6bbd8559f7d270e3886a6fb,2026-09-16T18:49:30
8236a98dfe88b0b2ecc07862,2026-09-16T09:35:53,TRD,CASH_POSTING,5398512835,BOT +1 GOOG 100 20 NOV 26 370 CALL @10.40,-0.01,-0.65,-1040.0,92183.25,2026-09-16-AccountStatement.csv,3f949a508125b04d66b411163efb3ecfaac7eb13c6bbd8559f7d270e3886a6fb,2026-09-16T18:49:30
cda747609364f3a774e424b7,2026-09-16T09:35:57,TRD,CASH_POSTING,5398512869,SOLD -2 WFC 100 20 NOV 26 90 CALL @3.60,-0.02,-1.3,720.0,92901.93,2026-09-16-AccountStatement.csv,3f949a508125b04d66b411163efb3ecfaac7eb13c6bbd8559f7d270e3886a6fb,2026-09-16T18:49:30
26caa18e30dff655ce1c518c,2026-09-16T09:41:43,TRD,CASH_POSTING,5397556334,SOLD -1 INTC 100 20 NOV 26 97.5 CALL @15.30,-0.04,-0.65,1530.0,94431.24,2026-09-16-AccountStatement.csv,3f949a508125b04d66b411163efb3ecfaac7eb13c6bbd8559f7d270e3886a6fb,2026-09-16T18:49:30
15d819b2b0f29b979c7d6c48,2026-09-16T09:42:50,TRD,CASH_POSTING,5398512860,SOLD -1 CVX 100 20 NOV 26 220 CALL @8.15,-0.02,-0.65,815.0,95245.57,2026-09-16-AccountStatement.csv,3f949a508125b04d66b411163efb3ecfaac7eb13c6bbd8559f7d270e3886a6fb,2026-09-16T18:49:30
94cfe89564f3da064b876784,2026-09-16T09:46:42,TRD,CASH_POSTING,5398512835,SOLD -1 GOOG 100 20 NOV 26 370 CALL @9.85,-0.03,-0.65,985.0,96229.89,2026-09-16-AccountStatement.csv,3f949a508125b04d66b411163efb3ecfaac7eb13c6bbd8559f7d270e3886a6fb,2026-09-16T18:49:30
85595149e9196b2918534914,2026-09-16T11:53:29,TRD,CASH_POSTING,5398880272,tIP SOLD -3 VZ 100 20 NOV 26 50 CALL @2.24,-0.03,-1.95,672.0,96899.91,2026-09-16-AccountStatement.csv,3f949a508125b04d66b411163efb3ecfaac7eb13c6bbd8559f7d270e3886a6fb,2026-09-16T18:49:30
8835239d45ed0039b6f96426,2026-09-16T12:00:16,TRD,CASH_POSTING,5398885770,BOT +1 XOM 100 20 NOV 26 165 CALL @8.60,-0.01,-0.65,-860.0,96039.25,2026-09-16-AccountStatement.csv,3f949a508125b04d66b411163efb3ecfaac7eb13c6bbd8559f7d270e3886a6fb,2026-09-16T18:49:30
68f187dae71955029c882017,2026-09-16T13:27:06,TRD,CASH_POSTING,5398966243,BOT +1 AAPL 100 20 NOV 26 350 CALL @8.75,-0.01,-0.65,-875.0,95163.59,2026-09-16-AccountStatement.csv,3f949a508125b04d66b411163efb3ecfaac7eb13c6bbd8559f7d270e3886a6fb,2026-09-16T18:49:30
e491695e5dea28285618e0b8,2026-09-16T13:30:00,TRD,CASH_POSTING,5398966288,BOT +3 C 100 20 NOV 26 145 CALL @3.50,-0.02,-1.95,-1050.0,94111.62,2026-09-16-AccountStatement.csv,3f949a508125b04d66b411163efb3ecfaac7eb13c6bbd8559f7d270e3886a6fb,2026-09-16T18:49:30
50222997e5db8c14e6065d07,2026-09-16T13:30:43,TRD,CASH_POSTING,5398966294,BOT +1 HOOD 100 20 NOV 26 110 CALL @10.25,-0.01,-0.65,-1025.0,93085.96,2026-09-16-AccountStatement.csv,3f949a508125b04d66b411163efb3ecfaac7eb13c6bbd8559f7d270e3886a6fb,2026-09-16T18:49:30
ca76c6c77353e39bdaa314ee,2026-09-16T13:35:15,TRD,CASH_POSTING,5398972603,BOT +3 WFC 100 20 NOV 26 95 CALL @1.79,-0.02,-1.95,-537.0,92546.99,2026-09-16-AccountStatement.csv,3f949a508125b04d66b411163efb3ecfaac7eb13c6bbd8559f7d270e3886a6fb,2026-09-16T18:49:30
b1cd4cc80c9ad48cad5ba878,2026-09-16T13:37:24,TRD,CASH_POSTING,5398972677,BOT +1 CF 100 20 NOV 26 135 CALL @10.20,-0.01,-0.65,-1020.0,91526.33,2026-09-16-AccountStatement.csv,3f949a508125b04d66b411163efb3ecfaac7eb13c6bbd8559f7d270e3886a6fb,2026-09-16T18:49:30
2e363975a6d19595453f070f,2026-09-16T13:38:26,TRD,CASH_POSTING,5398974107,BOT +3 CMCSA 100 18 DEC 26 25 CALL @1.12,-0.02,-1.95,-336.0,91188.36,2026-09-16-AccountStatement.csv,3f949a508125b04d66b411163efb3ecfaac7eb13c6bbd8559f7d270e3886a6fb,2026-09-16T18:49:30
52f53dab7b5cadc4144d3150,2026-09-16T13:38:28,TRD,CASH_POSTING,5398974107,SOLD -3 CMCSA 100 18 DEC 26 25 CALL @1.11,-0.03,-1.95,333.0,91519.38,2026-09-16-AccountStatement.csv,3f949a508125b04d66b411163efb3ecfaac7eb13c6bbd8559f7d270e3886a6fb,2026-09-16T18:49:30
aa8d09c83341bec21d9d736d,2026-09-16T13:46:28,TRD,CASH_POSTING,5398971283,BOT +2 MO 100 18 DEC 26 70 CALL @4.05,-0.01,-1.3,-810.0,90708.07,2026-09-16-AccountStatement.csv,3f949a508125b04d66b411163efb3ecfaac7eb13c6bbd8559f7d270e3886a6fb,2026-09-16T18:49:30
dd0217ccc72564a145ea7c2b,2026-09-16T14:01:23,TRD,CASH_POSTING,5398972651,BOT +1 HPE 100 20 NOV 26 55 CALL @6.85,-0.01,-0.65,-685.0,90022.41,2026-09-16-AccountStatement.csv,3f949a508125b04d66b411163efb3ecfaac7eb13c6bbd8559f7d270e3886a6fb,2026-09-16T18:49:30
4de01bbe04c8fa265685a855,2026-09-16T14:16:07,TRD,CASH_POSTING,5396962178,SOLD -3 VZ 100 20 NOV 26 50 CALL @1.99,-0.03,-1.95,597.0,90617.43,2026-09-16-AccountStatement.csv,3f949a508125b04d66b411163efb3ecfaac7eb13c6bbd8559f7d270e3886a6fb,2026-09-16T18:49:30
72d3e04af74d5e395b9a0196,2026-09-16T14:27:21,TRD,CASH_POSTING,5398512854,SOLD -1 C 100 20 NOV 26 135 CALL @6.95,-0.02,-0.65,695.0,91311.76,2026-09-16-AccountStatement.csv,3f949a508125b04d66b411163efb3ecfaac7eb13c6bbd8559f7d270e3886a6fb,2026-09-16T18:49:30
b8739e25c3605cca09046580,2026-09-16T14:48:41,TRD,CASH_POSTING,5398966288,SOLD -3 C 100 20 NOV 26 145 CALL @2.83,-0.03,-1.95,849.0,92158.78,2026-09-16-AccountStatement.csv,3f949a508125b04d66b411163efb3ecfaac7eb13c6bbd8559f7d270e3886a6fb,2026-09-16T18:49:30
2a8400e253da247d13ee1856,2026-09-16T14:48:43,TRD,CASH_POSTING,5398972603,SOLD -3 WFC 100 20 NOV 26 95 CALL @1.59,-0.03,-1.95,477.0,92633.8,2026-09-16-AccountStatement.csv,3f949a508125b04d66b411163efb3ecfaac7eb13c6bbd8559f7d270e3886a6fb,2026-09-16T18:49:30
f86be1e84326e2984e000a51,2026-09-16T14:54:36,TRD,CASH_POSTING,5398969545,BOT +1 ABBV 100 20 NOV 26 270 CALL @9.55,-0.01,-0.65,-955.0,91678.14,2026-09-16-AccountStatement.csv,3f949a508125b04d66b411163efb3ecfaac7eb13c6bbd8559f7d270e3886a6fb,2026-09-16T18:49:30
40fe216ffc6fd147b58f3730,2026-09-16T15:11:43,TRD,CASH_POSTING,5398966294,SOLD -1 HOOD 100 20 NOV 26 110 CALL @8.70,-0.02,-0.65,870.0,92547.47,2026-09-16-AccountStatement.csv,3f949a508125b04d66b411163efb3ecfaac7eb13c6bbd8559f7d270e3886a6fb,2026-09-16T18:49:30
4c1e46c63b475ce7e67016ed,2026-09-16T15:18:21,TRD,CASH_POSTING,5398512846,SOLD -3 KO 100 20 NOV 26 90 CALL @2.39,-0.03,-1.95,717.0,93262.49,2026-09-16-AccountStatement.csv,3f949a508125b04d66b411163efb3ecfaac7eb13c6bbd8559f7d270e3886a6fb,2026-09-16T18:49:30
99e5fe992ee6d68ab0ca1eff,2026-09-16T15:23:13,TRD,CASH_POSTING,5398885770,SOLD -1 XOM 100 20 NOV 26 165 CALL @7.60,-0.02,-0.65,760.0,94021.82,2026-09-16-AccountStatement.csv,3f949a508125b04d66b411163efb3ecfaac7eb13c6bbd8559f7d270e3886a6fb,2026-09-16T18:49:30
1998245a050c1e40f20632c4,2026-09-16T15:23:13,FILL,EXECUTION_EVIDENCE,,SELL -1 XOM 20 NOV 26 165 CALL @ 7.60 TO CLOSE STP,0.0,0.0,760.0,,2026-09-16-AccountStatement.csv,3f949a508125b04d66b411163efb3ecfaac7eb13c6bbd8559f7d270e3886a6fb,2026-09-16T18:49:30
82544a5fc4936a54b685cca8,2026-09-16T15:18:21,FILL,EXECUTION_EVIDENCE,,SELL -3 KO 20 NOV 26 90 CALL @ 2.39 TO CLOSE STP,0.0,0.0,717.0,,2026-09-16-AccountStatement.csv,3f949a508125b04d66b411163efb3ecfaac7eb13c6bbd8559f7d270e3886a6fb,2026-09-16T18:49:30
3dc98eeba365e52b9753f58c,2026-09-16T15:11:43,FILL,EXECUTION_EVIDENCE,,SELL -1 HOOD 20 NOV 26 110 CALL @ 8.70 TO CLOSE STP,0.0,0.0,869.9999999999999,,2026-09-16-AccountStatement.csv,3f949a508125b04d66b411163efb3ecfaac7eb13c6bbd8559f7d270e3886a6fb,2026-09-16T18:49:30
35a74cb78da5cef62e695d61,2026-09-16T14:54:36,FILL,EXECUTION_EVIDENCE,,BUY +1 ABBV 20 NOV 26 270 CALL @ 9.55 TO OPEN LMT,0.0,0.0,-955.0000000000001,,2026-09-16-AccountStatement.csv,3f949a508125b04d66b411163efb3ecfaac7eb13c6bbd8559f7d270e3886a6fb,2026-09-16T18:49:30
2a29f6fb96a17a2e9ec013c8,2026-09-16T14:48:43,FILL,EXECUTION_EVIDENCE,,SELL -3 WFC 20 NOV 26 95 CALL @ 1.59 TO CLOSE STP,0.0,0.0,477.00000000000006,,2026-09-16-AccountStatement.csv,3f949a508125b04d66b411163efb3ecfaac7eb13c6bbd8559f7d270e3886a6fb,2026-09-16T18:49:30
50584fa60c13b99412ec04c9,2026-09-16T14:48:41,FILL,EXECUTION_EVIDENCE,,SELL -3 C 20 NOV 26 145 CALL @ 2.83 TO CLOSE STP,0.0,0.0,849.0,,2026-09-16-AccountStatement.csv,3f949a508125b04d66b411163efb3ecfaac7eb13c6bbd8559f7d270e3886a6fb,2026-09-16T18:49:30
722c252a2c264bb347d081a6,2026-09-16T14:27:21,FILL,EXECUTION_EVIDENCE,,SELL -1 C 20 NOV 26 135 CALL @ 6.95 TO CLOSE STP,0.0,0.0,695.0,,2026-09-16-AccountStatement.csv,3f949a508125b04d66b411163efb3ecfaac7eb13c6bbd8559f7d270e3886a6fb,2026-09-16T18:49:30
b050b7d206b8a9b9469bd74c,2026-09-16T14:16:07,FILL,EXECUTION_EVIDENCE,,SELL -3 VZ 20 NOV 26 50 CALL @ 1.99 TO CLOSE STP,0.0,0.0,597.0,,2026-09-16-AccountStatement.csv,3f949a508125b04d66b411163efb3ecfaac7eb13c6bbd8559f7d270e3886a6fb,2026-09-16T18:49:30
61fa4f042bfb0f17eacc6884,2026-09-16T14:01:23,FILL,EXECUTION_EVIDENCE,,BUY +1 HPE 20 NOV 26 55 CALL @ 6.85 TO OPEN LMT,0.0,0.0,-685.0,,2026-09-16-AccountStatement.csv,3f949a508125b04d66b411163efb3ecfaac7eb13c6bbd8559f7d270e3886a6fb,2026-09-16T18:49:30
f568d92d74112812e6d788a2,2026-09-16T13:46:28,FILL,EXECUTION_EVIDENCE,,BUY +2 MO 18 DEC 26 70 CALL @ 4.05 TO OPEN LMT,0.0,0.0,-810.0,,2026-09-16-AccountStatement.csv,3f949a508125b04d66b411163efb3ecfaac7eb13c6bbd8559f7d270e3886a6fb,2026-09-16T18:49:30
c17f68480ee4050ad9d4142d,2026-09-16T13:38:28,FILL,EXECUTION_EVIDENCE,,SELL -3 CMCSA 18 DEC 26 25 CALL @ 1.11 TO CLOSE STP,0.0,0.0,333.0,,2026-09-16-AccountStatement.csv,3f949a508125b04d66b411163efb3ecfaac7eb13c6bbd8559f7d270e3886a6fb,2026-09-16T18:49:30
3b933f07a1cbd1924d330410,2026-09-16T13:38:26,FILL,EXECUTION_EVIDENCE,,BUY +3 CMCSA 18 DEC 26 25 CALL @ 1.12 TO OPEN LMT,0.0,0.0,-336.00000000000006,,2026-09-16-AccountStatement.csv,3f949a508125b04d66b411163efb3ecfaac7eb13c6bbd8559f7d270e3886a6fb,2026-09-16T18:49:30
ddeac3ff0dc9b69f2a34e9b4,2026-09-16T13:37:24,FILL,EXECUTION_EVIDENCE,,BUY +1 CF 20 NOV 26 135 CALL @ 10.20 TO OPEN LMT,0.0,0.0,-1019.9999999999999,,2026-09-16-AccountStatement.csv,3f949a508125b04d66b411163efb3ecfaac7eb13c6bbd8559f7d270e3886a6fb,2026-09-16T18:49:30
bab3f2c3aeb85a6767ca8dbd,2026-09-16T13:35:15,FILL,EXECUTION_EVIDENCE,,BUY +3 WFC 20 NOV 26 95 CALL @ 1.79 TO OPEN LMT,0.0,0.0,-537.0,,2026-09-16-AccountStatement.csv,3f949a508125b04d66b411163efb3ecfaac7eb13c6bbd8559f7d270e3886a6fb,2026-09-16T18:49:30
263c3a763ba71235e87db0c4,2026-09-16T13:30:43,FILL,EXECUTION_EVIDENCE,,BUY +1 HOOD 20 NOV 26 110 CALL @ 10.25 TO OPEN LMT,0.0,0.0,-1025.0,,2026-09-16-AccountStatement.csv,3f949a508125b04d66b411163efb3ecfaac7eb13c6bbd8559f7d270e3886a6fb,2026-09-16T18:49:30
1d0fc09b2cedf0bd474b6713,2026-09-16T13:30:00,FILL,EXECUTION_EVIDENCE,,BUY +3 C 20 NOV 26 145 CALL @ 3.50 TO OPEN LMT,0.0,0.0,-1050.0,,2026-09-16-AccountStatement.csv,3f949a508125b04d66b411163efb3ecfaac7eb13c6bbd8559f7d270e3886a6fb,2026-09-16T18:49:30
b385855178f322400d0ee4e3,2026-09-16T13:27:06,FILL,EXECUTION_EVIDENCE,,BUY +1 AAPL 20 NOV 26 350 CALL @ 8.75 TO OPEN LMT,0.0,0.0,-875.0,,2026-09-16-AccountStatement.csv,3f949a508125b04d66b411163efb3ecfaac7eb13c6bbd8559f7d270e3886a6fb,2026-09-16T18:49:30
56a13c111d197cf686b1a534,2026-09-16T12:00:16,FILL,EXECUTION_EVIDENCE,,BUY +1 XOM 20 NOV 26 165 CALL @ 8.60 TO OPEN LMT,0.0,0.0,-860.0,,2026-09-16-AccountStatement.csv,3f949a508125b04d66b411163efb3ecfaac7eb13c6bbd8559f7d270e3886a6fb,2026-09-16T18:49:30
5e18c6ababa636bf2c2c1268,2026-09-16T11:53:29,FILL,EXECUTION_EVIDENCE,,SELL -3 VZ 20 NOV 26 50 CALL @ 2.24 TO CLOSE LMT,0.0,0.0,672.0000000000001,,2026-09-16-AccountStatement.csv,3f949a508125b04d66b411163efb3ecfaac7eb13c6bbd8559f7d270e3886a6fb,2026-09-16T18:49:30
a19d7a852fe43e4cdf76f190,2026-09-16T09:46:42,FILL,EXECUTION_EVIDENCE,,SELL -1 GOOG 20 NOV 26 370 CALL @ 9.85 TO CLOSE STP,0.0,0.0,985.0,,2026-09-16-AccountStatement.csv,3f949a508125b04d66b411163efb3ecfaac7eb13c6bbd8559f7d270e3886a6fb,2026-09-16T18:49:30
261523472e1a05f1a1b4cc7a,2026-09-16T09:42:50,FILL,EXECUTION_EVIDENCE,,SELL -1 CVX 20 NOV 26 220 CALL @ 8.15 TO CLOSE STP,0.0,0.0,815.0,,2026-09-16-AccountStatement.csv,3f949a508125b04d66b411163efb3ecfaac7eb13c6bbd8559f7d270e3886a6fb,2026-09-16T18:49:30
6278cf693206f9c518d55828,2026-09-16T09:41:43,FILL,EXECUTION_EVIDENCE,,SELL -1 INTC 20 NOV 26 97.5 CALL @ 15.30 TO CLOSE LMT,0.0,0.0,1530.0,,2026-09-16-AccountStatement.csv,3f949a508125b04d66b411163efb3ecfaac7eb13c6bbd8559f7d270e3886a6fb,2026-09-16T18:49:30
19e1672003012113d0d1749d,2026-09-16T09:35:57,FILL,EXECUTION_EVIDENCE,,SELL -2 WFC 20 NOV 26 90 CALL @ 3.60 TO CLOSE STP,0.0,0.0,720.0,,2026-09-16-AccountStatement.csv,3f949a508125b04d66b411163efb3ecfaac7eb13c6bbd8559f7d270e3886a6fb,2026-09-16T18:49:30
d4afbcd293b18f5de56c6c6e,2026-09-16T09:35:53,FILL,EXECUTION_EVIDENCE,,BUY +1 GOOG 20 NOV 26 370 CALL @ 10.40 TO OPEN LMT,0.0,0.0,-1040.0,,2026-09-16-AccountStatement.csv,3f949a508125b04d66b411163efb3ecfaac7eb13c6bbd8559f7d270e3886a6fb,2026-09-16T18:49:30
e9250562092eb135aa5540ed,2026-09-16T09:32:25,FILL,EXECUTION_EVIDENCE,,BUY +2 WFC 20 NOV 26 90 CALL @ 3.90 TO OPEN LMT,0.0,0.0,-780.0,,2026-09-16-AccountStatement.csv,3f949a508125b04d66b411163efb3ecfaac7eb13c6bbd8559f7d270e3886a6fb,2026-09-16T18:49:30
ed41dde1a53c45716f955c5c,2026-09-16T09:32:07,FILL,EXECUTION_EVIDENCE,,BUY +1 C 20 NOV 26 135 CALL @ 8.25 TO OPEN LMT,0.0,0.0,-825.0,,2026-09-16-AccountStatement.csv,3f949a508125b04d66b411163efb3ecfaac7eb13c6bbd8559f7d270e3886a6fb,2026-09-16T18:49:30
21912812920aef87ad65a1e1,2026-09-16T09:31:08,FILL,EXECUTION_EVIDENCE,,BUY +3 KO 20 NOV 26 90 CALL @ 2.74 TO OPEN LMT,0.0,0.0,-822.0000000000001,,2026-09-16-AccountStatement.csv,3f949a508125b04d66b411163efb3ecfaac7eb13c6bbd8559f7d270e3886a6fb,2026-09-16T18:49:30
2208a02fac212273372ab066,2026-09-16T09:31:03,FILL,EXECUTION_EVIDENCE,,BUY +1 CVX 20 NOV 26 220 CALL @ 8.65 TO OPEN LMT,0.0,0.0,-865.0,,2026-09-16-AccountStatement.csv,3f949a508125b04d66b411163efb3ecfaac7eb13c6bbd8559f7d270e3886a6fb,2026-09-16T18:49:30
069c2a10b0bcc4bc3fdca74e,2026-09-17T01:00:00,BAL,CASH_POSTING,,Cash balance at the start of business day 17.09 CST,0.0,0.0,0.0,94021.82,2026-09-18-AccountStatement.csv,971af2641bb14f1e60719eeaf0f39460b40a87087ac86e787b71014934f2cc28,2026-09-18T08:23:55
839a2ae93f4b03718583fa3f,2026-09-17T09:31:04,TRD,CASH_POSTING,5399206585,BOT +3 VZ 100 20 NOV 26 50 CALL @1.71,-0.02,-1.95,-513.0,93506.85,2026-09-18-AccountStatement.csv,971af2641bb14f1e60719eeaf0f39460b40a87087ac86e787b71014934f2cc28,2026-09-18T08:23:55
5accb4a4c07040c117f8f7f5,2026-09-17T09:49:40,TRD,CASH_POSTING,5398966243,SOLD -1 AAPL 100 20 NOV 26 350 CALL @7.75,-0.02,-0.65,775.0,94281.18,2026-09-18-AccountStatement.csv,971af2641bb14f1e60719eeaf0f39460b40a87087ac86e787b71014934f2cc28,2026-09-18T08:23:55
f2476ce2e0923891349a2536,2026-09-17T10:12:34,TRD,CASH_POSTING,5398971283,SOLD -2 MO 100 18 DEC 26 70 CALL @3.40,-0.02,-1.3,680.0,94959.86,2026-09-18-AccountStatement.csv,971af2641bb14f1e60719eeaf0f39460b40a87087ac86e787b71014934f2cc28,2026-09-18T08:23:55
93a3b7ee0303a3fd8b70ed2d,2026-09-17T10:13:23,TRD,CASH_POSTING,5398972651,SOLD -1 HPE 100 20 NOV 26 55 CALL @9.50,-0.03,-0.65,950.0,95909.18,2026-09-18-AccountStatement.csv,971af2641bb14f1e60719eeaf0f39460b40a87087ac86e787b71014934f2cc28,2026-09-18T08:23:55
96d574043c192c6a660c5229,2026-09-17T11:10:55,TRD,CASH_POSTING,5399536175,BOT +1 MO 100 18 DEC 26 70 CALL @3.25,-0.01,-0.65,-325.0,95583.52,2026-09-18-AccountStatement.csv,971af2641bb14f1e60719eeaf0f39460b40a87087ac86e787b71014934f2cc28,2026-09-18T08:23:55
2123c9980cce30226f89ace3,2026-09-17T11:11:32,TRD,CASH_POSTING,5399538141,BOT +2 APA 100 18 DEC 26 45 CALL @4.50,-0.01,-1.3,-900.0,94682.21,2026-09-18-AccountStatement.csv,971af2641bb14f1e60719eeaf0f39460b40a87087ac86e787b71014934f2cc28,2026-09-18T08:23:55
f09af8cd41c6ff9d67ef1282,2026-09-17T11:12:23,TRD,CASH_POSTING,5399538196,BOT +3 HPQ 100 20 NOV 26 34 CALL @2.54,-0.02,-1.95,-762.0,93918.24,2026-09-18-AccountStatement.csv,971af2641bb14f1e60719eeaf0f39460b40a87087ac86e787b71014934f2cc28,2026-09-18T08:23:55
6c02128b3574050fc4c19e42,2026-09-17T11:13:08,TRD,CASH_POSTING,5399539797,BOT +1 CVX 100 20 NOV 26 220 CALL @6.45,-0.01,-0.65,-645.0,93272.58,2026-09-18-AccountStatement.csv,971af2641bb14f1e60719eeaf0f39460b40a87087ac86e787b71014934f2cc28,2026-09-18T08:23:55
75e8ba62a3e04e13d75c7d4e,2026-09-17T11:14:26,TRD,CASH_POSTING,5399540985,BOT +3 PSKY 100 18 DEC 26 11 CALL @1.11,-0.02,-1.95,-333.0,92937.61,2026-09-18-AccountStatement.csv,971af2641bb14f1e60719eeaf0f39460b40a87087ac86e787b71014934f2cc28,2026-09-18T08:23:55
3c5417dcda7e326bdfc94227,2026-09-17T11:17:36,TRD,CASH_POSTING,5399536154,BOT +1 INTC 100 20 NOV 26 115 CALL @11.10,-0.01,-0.65,-1110.0,91826.95,2026-09-18-AccountStatement.csv,971af2641bb14f1e60719eeaf0f39460b40a87087ac86e787b71014934f2cc28,2026-09-18T08:23:55
7c35ccbd777cd2ed4a98529a,2026-09-18T01:00:00,BAL,CASH_POSTING,,Cash balance at the start of business day 18.09 CST,0.0,0.0,0.0,91826.95,2026-09-18-AccountStatement.csv,971af2641bb14f1e60719eeaf0f39460b40a87087ac86e787b71014934f2cc28,2026-09-18T08:23:55
b59b2b6a614024d878d277d2,2026-09-17T11:17:36,FILL,EXECUTION_EVIDENCE,,BUY +1 INTC 20 NOV 26 115 CALL @ 11.10 TO OPEN LMT,0.0,0.0,-1110.0,,2026-09-18-AccountStatement.csv,971af2641bb14f1e60719eeaf0f39460b40a87087ac86e787b71014934f2cc28,2026-09-18T08:23:55
79cb58d5e18d4ebd23f44438,2026-09-17T11:14:26,FILL,EXECUTION_EVIDENCE,,BUY +3 PSKY 18 DEC 26 11 CALL @ 1.11 TO OPEN LMT,0.0,0.0,-333.0,,2026-09-18-AccountStatement.csv,971af2641bb14f1e60719eeaf0f39460b40a87087ac86e787b71014934f2cc28,2026-09-18T08:23:55
2341811674bd0f879feb04f1,2026-09-17T11:13:08,FILL,EXECUTION_EVIDENCE,,BUY +1 CVX 20 NOV 26 220 CALL @ 6.45 TO OPEN LMT,0.0,0.0,-645.0,,2026-09-18-AccountStatement.csv,971af2641bb14f1e60719eeaf0f39460b40a87087ac86e787b71014934f2cc28,2026-09-18T08:23:55
947c125b55a7f642281b5231,2026-09-17T11:12:23,FILL,EXECUTION_EVIDENCE,,BUY +3 HPQ 20 NOV 26 34 CALL @ 2.54 TO OPEN LMT,0.0,0.0,-762.0,,2026-09-18-AccountStatement.csv,971af2641bb14f1e60719eeaf0f39460b40a87087ac86e787b71014934f2cc28,2026-09-18T08:23:55
42a33a688e90e2069f49c43f,2026-09-17T11:11:32,FILL,EXECUTION_EVIDENCE,,BUY +2 APA 18 DEC 26 45 CALL @ 4.50 TO OPEN LMT,0.0,0.0,-900.0,,2026-09-18-AccountStatement.csv,971af2641bb14f1e60719eeaf0f39460b40a87087ac86e787b71014934f2cc28,2026-09-18T08:23:55
33418d9c3ecdfdcec0395c95,2026-09-17T11:10:55,FILL,EXECUTION_EVIDENCE,,BUY +1 MO 18 DEC 26 70 CALL @ 3.25 TO OPEN LMT,0.0,0.0,-325.0,,2026-09-18-AccountStatement.csv,971af2641bb14f1e60719eeaf0f39460b40a87087ac86e787b71014934f2cc28,2026-09-18T08:23:55
69410f7084fe721a6f671a85,2026-09-17T10:13:23,FILL,EXECUTION_EVIDENCE,,SELL -1 HPE 20 NOV 26 55 CALL @ 9.50 TO CLOSE LMT,0.0,0.0,950.0,,2026-09-18-AccountStatement.csv,971af2641bb14f1e60719eeaf0f39460b40a87087ac86e787b71014934f2cc28,2026-09-18T08:23:55
2c32c19825edc68e0eb8df16,2026-09-17T10:12:34,FILL,EXECUTION_EVIDENCE,,SELL -2 MO 18 DEC 26 70 CALL @ 3.40 TO CLOSE STP,0.0,0.0,680.0,,2026-09-18-AccountStatement.csv,971af2641bb14f1e60719eeaf0f39460b40a87087ac86e787b71014934f2cc28,2026-09-18T08:23:55
5becbaed74ac69d8b5770329,2026-09-17T09:49:40,FILL,EXECUTION_EVIDENCE,,SELL -1 AAPL 20 NOV 26 350 CALL @ 7.75 TO CLOSE STP,0.0,0.0,775.0,,2026-09-18-AccountStatement.csv,971af2641bb14f1e60719eeaf0f39460b40a87087ac86e787b71014934f2cc28,2026-09-18T08:23:55
680cbbe8b5cf42b88bdca449,2026-09-17T09:31:04,FILL,EXECUTION_EVIDENCE,,BUY +3 VZ 20 NOV 26 50 CALL @ 1.71 TO CLOSE LMT,0.0,0.0,-513.0,,2026-09-18-AccountStatement.csv,971af2641bb14f1e60719eeaf0f39460b40a87087ac86e787b71014934f2cc28,2026-09-18T08:23:55
4a2d0e13f051bc6a46a8ff7c,2026-09-18T09:32:17,TRD,CASH_POSTING,5399538196,SOLD -3 HPQ 100 20 NOV 26 34 CALL @3.50,-0.04,-1.95,1050.0,92874.96,2026-09-21-AccountStatement.csv,8e5037623662f3b9540ea7a4f84d055d7363cff3abf9cb7abc01c5523cd94f38,2026-09-21T08:22:40
4c731a8c0c07685b33d7dfa5,2026-09-18T09:32:32,TRD,CASH_POSTING,5399536175,SOLD -1 MO 100 18 DEC 26 70 CALL @2.87,-0.02,-0.65,287.0,93161.29,2026-09-21-AccountStatement.csv,8e5037623662f3b9540ea7a4f84d055d7363cff3abf9cb7abc01c5523cd94f38,2026-09-21T08:22:40
4409b5dd930d659c121d82e1,2026-09-18T10:12:32,TRD,CASH_POSTING,5398972677,SOLD -1 CF 100 20 NOV 26 135 CALL @8.45,-0.02,-0.65,845.0,94005.62,2026-09-21-AccountStatement.csv,8e5037623662f3b9540ea7a4f84d055d7363cff3abf9cb7abc01c5523cd94f38,2026-09-21T08:22:40
ce76facc1cf2e051f6ce6809,2026-09-18T10:37:16,TRD,CASH_POSTING,5400071324,SOLD -2 APA 100 18 DEC 26 45 CALL @4.40,-0.02,-1.3,880.0,94884.3,2026-09-21-AccountStatement.csv,8e5037623662f3b9540ea7a4f84d055d7363cff3abf9cb7abc01c5523cd94f38,2026-09-21T08:22:40
29ebc7e872a926b95560e4b4,2026-09-18T10:38:30,TRD,CASH_POSTING,5400071395,SOLD -3 PSKY 100 18 DEC 26 11 CALL @.98,-0.03,-1.95,294.0,95176.32,2026-09-21-AccountStatement.csv,8e5037623662f3b9540ea7a4f84d055d7363cff3abf9cb7abc01c5523cd94f38,2026-09-21T08:22:40
a27d5122c0299d0e84ff7cf2,2026-09-18T10:40:06,TRD,CASH_POSTING,5400073490,BOT +1 NVDA 100 20 NOV 26 230 CALL @9.05,-0.01,-0.65,-905.0,94270.66,2026-09-21-AccountStatement.csv,8e5037623662f3b9540ea7a4f84d055d7363cff3abf9cb7abc01c5523cd94f38,2026-09-21T08:22:40
e16b9f6abc2b5ef43e878327,2026-09-18T10:40:56,TRD,CASH_POSTING,5400076126,BOT +1 AAPL 100 20 NOV 26 345 CALL @9.85,-0.01,-0.65,-985.0,93285.0,2026-09-21-AccountStatement.csv,8e5037623662f3b9540ea7a4f84d055d7363cff3abf9cb7abc01c5523cd94f38,2026-09-21T08:22:40
23b21daabd6187ba050a077b,2026-09-18T10:41:37,TRD,CASH_POSTING,5400076184,BOT +2 XOM 100 20 NOV 26 170 CALL @5.40,-0.01,-1.3,-1080.0,92203.69,2026-09-21-AccountStatement.csv,8e5037623662f3b9540ea7a4f84d055d7363cff3abf9cb7abc01c5523cd94f38,2026-09-21T08:22:40
0a7a48e4c80da84aa664a34d,2026-09-18T10:42:21,TRD,CASH_POSTING,5400077915,BOT +1 NOW 100 20 NOV 26 140 CALL @11.70,-0.01,-0.65,-1170.0,91033.03,2026-09-21-AccountStatement.csv,8e5037623662f3b9540ea7a4f84d055d7363cff3abf9cb7abc01c5523cd94f38,2026-09-21T08:22:40
f479e795d1d4ef7f7c9d1987,2026-09-18T10:42:49,TRD,CASH_POSTING,5400077943,BOT +1 PLTR 100 20 NOV 26 200 CALL @8.20,-0.01,-0.65,-820.0,90212.37,2026-09-21-AccountStatement.csv,8e5037623662f3b9540ea7a4f84d055d7363cff3abf9cb7abc01c5523cd94f38,2026-09-21T08:22:40
a20abd0c7e9df0f09d26a65e,2026-09-18T10:44:47,TRD,CASH_POSTING,5399536154,SOLD -1 INTC 100 20 NOV 26 115 CALL @9.25,-0.03,-0.65,925.0,91136.69,2026-09-21-AccountStatement.csv,8e5037623662f3b9540ea7a4f84d055d7363cff3abf9cb7abc01c5523cd94f38,2026-09-21T08:22:40
4aa38299c89f0119199d6591,2026-09-18T10:51:19,TRD,CASH_POSTING,5400077985,BOT +3 DVN 100 20 NOV 26 50 CALL @2.51,-0.02,-1.95,-753.0,90381.72,2026-09-21-AccountStatement.csv,8e5037623662f3b9540ea7a4f84d055d7363cff3abf9cb7abc01c5523cd94f38,2026-09-21T08:22:40
b5e3c8e2173bef01c67c84fc,2026-09-19T01:00:00,BAL,CASH_POSTING,,Cash balance at the start of business day 19.09 CST,0.0,0.0,0.0,90916.05,2026-09-21-AccountStatement.csv,8e5037623662f3b9540ea7a4f84d055d7363cff3abf9cb7abc01c5523cd94f38,2026-09-21T08:22:40
cee2902f6449609b12959010,2026-09-20T01:00:00,BAL,CASH_POSTING,,Cash balance at the start of business day 20.09 CST,0.0,0.0,0.0,90916.05,2026-09-21-AccountStatement.csv,8e5037623662f3b9540ea7a4f84d055d7363cff3abf9cb7abc01c5523cd94f38,2026-09-21T08:22:40
e56685f01cd097f22999d38c,2026-09-21T01:00:00,BAL,CASH_POSTING,,Cash balance at the start of business day 21.09 CST,0.0,0.0,0.0,90916.05,2026-09-21-AccountStatement.csv,8e5037623662f3b9540ea7a4f84d055d7363cff3abf9cb7abc01c5523cd94f38,2026-09-21T08:22:40
7f4201b3fcb912762c6f9478,2026-09-18T15:16:22,FILL,EXECUTION_EVIDENCE,,SELL -1 CVX 20 NOV 26 220 CALL @ 5.35 TO CLOSE STP,0.0,0.0,535.0,,2026-09-21-AccountStatement.csv,8e5037623662f3b9540ea7a4f84d055d7363cff3abf9cb7abc01c5523cd94f38,2026-09-21T08:22:40
48b2442dd8e73a48caaab776,2026-09-18T10:51:19,FILL,EXECUTION_EVIDENCE,,BUY +3 DVN 20 NOV 26 50 CALL @ 2.51 TO OPEN LMT,0.0,0.0,-752.9999999999999,,2026-09-21-AccountStatement.csv,8e5037623662f3b9540ea7a4f84d055d7363cff3abf9cb7abc01c5523cd94f38,2026-09-21T08:22:40
254a103e2144e3d40e061205,2026-09-18T10:44:47,FILL,EXECUTION_EVIDENCE,,SELL -1 INTC 20 NOV 26 115 CALL @ 9.25 TO CLOSE STP,0.0,0.0,925.0,,2026-09-21-AccountStatement.csv,8e5037623662f3b9540ea7a4f84d055d7363cff3abf9cb7abc01c5523cd94f38,2026-09-21T08:22:40
c0a634b3f749f8938e8df316,2026-09-18T10:42:49,FILL,EXECUTION_EVIDENCE,,BUY +1 PLTR 20 NOV 26 200 CALL @ 8.20 TO OPEN LMT,0.0,0.0,-819.9999999999999,,2026-09-21-AccountStatement.csv,8e5037623662f3b9540ea7a4f84d055d7363cff3abf9cb7abc01c5523cd94f38,2026-09-21T08:22:40
439463ec11feb3203e205bb3,2026-09-18T10:42:21,FILL,EXECUTION_EVIDENCE,,BUY +1 NOW 20 NOV 26 140 CALL @ 11.70 TO OPEN LMT,0.0,0.0,-1170.0,,2026-09-21-AccountStatement.csv,8e5037623662f3b9540ea7a4f84d055d7363cff3abf9cb7abc01c5523cd94f38,2026-09-21T08:22:40
138dd18df19dbbb4e8ea0a2b,2026-09-18T10:41:37,FILL,EXECUTION_EVIDENCE,,BUY +2 XOM 20 NOV 26 170 CALL @ 5.40 TO OPEN LMT,0.0,0.0,-1080.0,,2026-09-21-AccountStatement.csv,8e5037623662f3b9540ea7a4f84d055d7363cff3abf9cb7abc01c5523cd94f38,2026-09-21T08:22:40
0105b9f26619488f1ed74137,2026-09-18T10:40:56,FILL,EXECUTION_EVIDENCE,,BUY +1 AAPL 20 NOV 26 345 CALL @ 9.85 TO OPEN LMT,0.0,0.0,-985.0,,2026-09-21-AccountStatement.csv,8e5037623662f3b9540ea7a4f84d055d7363cff3abf9cb7abc01c5523cd94f38,2026-09-21T08:22:40
e5d08c70c1b724485e260c5a,2026-09-18T10:40:06,FILL,EXECUTION_EVIDENCE,,BUY +1 NVDA 20 NOV 26 230 CALL @ 9.05 TO OPEN LMT,0.0,0.0,-905.0000000000001,,2026-09-21-AccountStatement.csv,8e5037623662f3b9540ea7a4f84d055d7363cff3abf9cb7abc01c5523cd94f38,2026-09-21T08:22:40
63fa637ef8085ca2140a7f5e,2026-09-18T10:38:30,FILL,EXECUTION_EVIDENCE,,SELL -3 PSKY 18 DEC 26 11 CALL @ .98 TO CLOSE LMT,0.0,0.0,294.0,,2026-09-21-AccountStatement.csv,8e5037623662f3b9540ea7a4f84d055d7363cff3abf9cb7abc01c5523cd94f38,2026-09-21T08:22:40
0d318263c2c71e7b7ceab62f,2026-09-18T10:37:16,FILL,EXECUTION_EVIDENCE,,SELL -2 APA 18 DEC 26 45 CALL @ 4.40 TO CLOSE LMT,0.0,0.0,880.0000000000001,,2026-09-21-AccountStatement.csv,8e5037623662f3b9540ea7a4f84d055d7363cff3abf9cb7abc01c5523cd94f38,2026-09-21T08:22:40
ed2ec6cf50364bd101640480,2026-09-18T10:12:32,FILL,EXECUTION_EVIDENCE,,SELL -1 CF 20 NOV 26 135 CALL @ 8.45 TO CLOSE STP,0.0,0.0,844.9999999999999,,2026-09-21-AccountStatement.csv,8e5037623662f3b9540ea7a4f84d055d7363cff3abf9cb7abc01c5523cd94f38,2026-09-21T08:22:40
aa303cc1a9b04800a899bb1b,2026-09-18T09:32:32,FILL,EXECUTION_EVIDENCE,,SELL -1 MO 18 DEC 26 70 CALL @ 2.87 TO CLOSE STP,0.0,0.0,287.0,,2026-09-21-AccountStatement.csv,8e5037623662f3b9540ea7a4f84d055d7363cff3abf9cb7abc01c5523cd94f38,2026-09-21T08:22:40
4ef8601ada4a9fdb4cfb13a9,2026-09-18T09:32:17,FILL,EXECUTION_EVIDENCE,,SELL -3 HPQ 20 NOV 26 34 CALL @ 3.50 TO CLOSE LMT,0.0,0.0,1050.0,,2026-09-21-AccountStatement.csv,8e5037623662f3b9540ea7a4f84d055d7363cff3abf9cb7abc01c5523cd94f38,2026-09-21T08:22:40
3feb00ecb789f19f5f9b8730,2026-09-18T15:16:22,TRD,CASH_POSTING,5399539797,SOLD -1 CVX 100 20 NOV 26 220 CALL @5.35,-0.02,-0.65,535.0,90916.05,2026-09-21-AccountStatement_EOD.csv,176cde881354ec8095850a37972466443a2d455d6c6d58c8d4d8b12acf08bb26,2026-09-21T16:07:15
aaf95d9b052cbd4e08c0b21b,2026-09-21T09:31:10,TRD,CASH_POSTING,5400077985,SOLD -3 DVN 100 20 NOV 26 50 CALL @2.06,-0.03,-1.95,618.0,91532.07,2026-09-21-AccountStatement_EOD.csv,176cde881354ec8095850a37972466443a2d455d6c6d58c8d4d8b12acf08bb26,2026-09-21T16:07:15
72793c16187f00d7a2ad67d9,2026-09-21T09:31:13,TRD,CASH_POSTING,5400076184,SOLD -2 XOM 100 20 NOV 26 170 CALL @4.50,-0.03,-1.3,900.0,92430.74,2026-09-21-AccountStatement_EOD.csv,176cde881354ec8095850a37972466443a2d455d6c6d58c8d4d8b12acf08bb26,2026-09-21T16:07:15
e021c6ed8f382f874a3b4715,2026-09-21T10:58:24,TRD,CASH_POSTING,5400759576,SOLD -1 NOW 100 20 NOV 26 140 CALL @12.50,-0.03,-0.65,1250.0,93680.06,2026-09-21-AccountStatement_EOD.csv,176cde881354ec8095850a37972466443a2d455d6c6d58c8d4d8b12acf08bb26,2026-09-21T16:07:15
7390186ad8106a0de1ca30dc,2026-09-21T11:02:08,TRD,CASH_POSTING,5400766555,BOT +1 CVX 100 20 NOV 26 210 CALL @7.60,-0.01,-0.65,-760.0,92919.4,2026-09-21-AccountStatement_EOD.csv,176cde881354ec8095850a37972466443a2d455d6c6d58c8d4d8b12acf08bb26,2026-09-21T16:07:15
f170e8b1a8838452126bf5ee,2026-09-21T11:02:55,TRD,CASH_POSTING,5400768506,BOT +1 GOOG 100 20 NOV 26 380 CALL @9.80,-0.01,-0.65,-980.0,91938.74,2026-09-21-AccountStatement_EOD.csv,176cde881354ec8095850a37972466443a2d455d6c6d58c8d4d8b12acf08bb26,2026-09-21T16:07:15
d18fdfb549d1742184aa2f26,2026-09-21T11:02:56,TRD,CASH_POSTING,5400764800,BOT +1 GOOGL 100 20 NOV 26 380 CALL @11.45,-0.01,-0.65,-1145.0,90793.08,2026-09-21-AccountStatement_EOD.csv,176cde881354ec8095850a37972466443a2d455d6c6d58c8d4d8b12acf08bb26,2026-09-21T16:07:15
1ce1446196f15014fd4cab5f,2026-09-21T11:05:17,TRD,CASH_POSTING,5400772410,BOT +1 GILD 100 20 NOV 26 150 CALL @9.10,-0.01,-0.65,-910.0,89882.42,2026-09-21-AccountStatement_EOD.csv,176cde881354ec8095850a37972466443a2d455d6c6d58c8d4d8b12acf08bb26,2026-09-21T16:07:15
2b217561ede6a355714a68af,2026-09-21T11:11:17,TRD,CASH_POSTING,5400768580,BOT +3 APA 100 18 DEC 26 45 CALL @3.60,-0.02,-1.95,-1080.0,88800.45,2026-09-21-AccountStatement_EOD.csv,176cde881354ec8095850a37972466443a2d455d6c6d58c8d4d8b12acf08bb26,2026-09-21T16:07:15
0156f03de4a6fd9acef0c3c8,2026-09-21T12:32:16,TRD,CASH_POSTING,5400073490,SOLD -1 NVDA 100 20 NOV 26 230 CALL @12.25,-0.03,-0.65,1225.0,90024.77,2026-09-21-AccountStatement_EOD.csv,176cde881354ec8095850a37972466443a2d455d6c6d58c8d4d8b12acf08bb26,2026-09-21T16:07:15
c0712524bda749d7b52d0128,2026-09-21T12:49:59,TRD,CASH_POSTING,5400763171,SOLD -1 ABBV 100 20 NOV 26 270 CALL @9.75,-0.03,-0.65,975.0,90999.09,2026-09-21-AccountStatement_EOD.csv,176cde881354ec8095850a37972466443a2d455d6c6d58c8d4d8b12acf08bb26,2026-09-21T16:07:15
f6b63e1f02d73f508ec30aaf,2026-09-21T12:49:59,FILL,EXECUTION_EVIDENCE,,SELL -1 ABBV 20 NOV 26 270 CALL @ 9.75 TO CLOSE STP,0.0,0.0,975.0,,2026-09-21-AccountStatement_EOD.csv,176cde881354ec8095850a37972466443a2d455d6c6d58c8d4d8b12acf08bb26,2026-09-21T16:07:15
5d694af7c7af258b0d04a9cc,2026-09-21T12:32:16,FILL,EXECUTION_EVIDENCE,,SELL -1 NVDA 20 NOV 26 230 CALL @ 12.25 TO CLOSE LMT,0.0,0.0,1225.0,,2026-09-21-AccountStatement_EOD.csv,176cde881354ec8095850a37972466443a2d455d6c6d58c8d4d8b12acf08bb26,2026-09-21T16:07:15
a051a87987c36f317c65f90a,2026-09-21T11:11:17,FILL,EXECUTION_EVIDENCE,,BUY +3 APA 18 DEC 26 45 CALL @ 3.60 TO OPEN LMT,0.0,0.0,-1080.0,,2026-09-21-AccountStatement_EOD.csv,176cde881354ec8095850a37972466443a2d455d6c6d58c8d4d8b12acf08bb26,2026-09-21T16:07:15
9a4d5abe16470fe103efc65e,2026-09-21T11:05:17,FILL,EXECUTION_EVIDENCE,,BUY +1 GILD 20 NOV 26 150 CALL @ 9.10 TO OPEN LMT,0.0,0.0,-910.0,,2026-09-21-AccountStatement_EOD.csv,176cde881354ec8095850a37972466443a2d455d6c6d58c8d4d8b12acf08bb26,2026-09-21T16:07:15
b288954beac31232e22ab4b7,2026-09-21T11:02:56,FILL,EXECUTION_EVIDENCE,,BUY +1 GOOGL 20 NOV 26 380 CALL @ 11.45 TO OPEN LMT,0.0,0.0,-1145.0,,2026-09-21-AccountStatement_EOD.csv,176cde881354ec8095850a37972466443a2d455d6c6d58c8d4d8b12acf08bb26,2026-09-21T16:07:15
efe32f8f11670e9409ec0153,2026-09-21T11:02:55,FILL,EXECUTION_EVIDENCE,,BUY +1 GOOG 20 NOV 26 380 CALL @ 9.80 TO OPEN LMT,0.0,0.0,-980.0000000000001,,2026-09-21-AccountStatement_EOD.csv,176cde881354ec8095850a37972466443a2d455d6c6d58c8d4d8b12acf08bb26,2026-09-21T16:07:15
eeeaf16bab180a60d6ed2c2b,2026-09-21T11:02:08,FILL,EXECUTION_EVIDENCE,,BUY +1 CVX 20 NOV 26 210 CALL @ 7.60 TO OPEN LMT,0.0,0.0,-760.0,,2026-09-21-AccountStatement_EOD.csv,176cde881354ec8095850a37972466443a2d455d6c6d58c8d4d8b12acf08bb26,2026-09-21T16:07:15
124e38e4f91ebdc84b002638,2026-09-21T10:58:24,FILL,EXECUTION_EVIDENCE,,SELL -1 NOW 20 NOV 26 140 CALL @ 12.50 TO CLOSE LMT,0.0,0.0,1250.0,,2026-09-21-AccountStatement_EOD.csv,176cde881354ec8095850a37972466443a2d455d6c6d58c8d4d8b12acf08bb26,2026-09-21T16:07:15
39600aeda8a2fc24dde66b0d,2026-09-21T09:31:13,FILL,EXECUTION_EVIDENCE,,SELL -2 XOM 20 NOV 26 170 CALL @ 4.50 TO CLOSE STP,0.0,0.0,900.0,,2026-09-21-AccountStatement_EOD.csv,176cde881354ec8095850a37972466443a2d455d6c6d58c8d4d8b12acf08bb26,2026-09-21T16:07:15
8ef5f622ccd031deeda82674,2026-09-21T09:31:10,FILL,EXECUTION_EVIDENCE,,SELL -3 DVN 20 NOV 26 50 CALL @ 2.06 TO CLOSE STP,0.0,0.0,618.0,,2026-09-21-AccountStatement_EOD.csv,176cde881354ec8095850a37972466443a2d455d6c6d58c8d4d8b12acf08bb26,2026-09-21T16:07:15
5b5a32287bc4e41bd59c6551,2026-09-22T01:00:00,BAL,CASH_POSTING,,Cash balance at the start of business day 22.09 CST,0.0,0.0,0.0,90999.09,2026-09-22-AccountStatement.csv,76a125393d2d43369f99851de9e789fce0b219bdfa9bddfc8918c304128657ef,2026-09-22T20:11:03
b518b557c50905ba685d6148,2026-09-22T09:31:01,TRD,CASH_POSTING,5400076126,SOLD -1 AAPL 100 20 NOV 26 345 CALL @13.70,-0.03,-0.65,1370.0,92368.41,2026-09-22-AccountStatement.csv,76a125393d2d43369f99851de9e789fce0b219bdfa9bddfc8918c304128657ef,2026-09-22T20:11:03
bfbf0fe39df58893d4bdf0e2,2026-09-22T09:31:09,TRD,CASH_POSTING,5400077943,SOLD -1 PLTR 100 20 NOV 26 200 CALL @11.30,-0.03,-0.65,1130.0,93497.73,2026-09-22-AccountStatement.csv,76a125393d2d43369f99851de9e789fce0b219bdfa9bddfc8918c304128657ef,2026-09-22T20:11:03
6d0126c4c0438e51296004de,2026-09-22T09:31:09,TRD,CASH_POSTING,5400766555,SOLD -1 CVX 100 20 NOV 26 210 CALL @5.85,-0.02,-0.65,585.0,94082.06,2026-09-22-AccountStatement.csv,76a125393d2d43369f99851de9e789fce0b219bdfa9bddfc8918c304128657ef,2026-09-22T20:11:03
3be0da9d93ea42190bb05d3c,2026-09-22T12:32:23,TRD,CASH_POSTING,5400768506,SOLD -1 GOOG 100 20 NOV 26 380 CALL @8.75,-0.02,-0.65,875.0,94956.39,2026-09-22-AccountStatement.csv,76a125393d2d43369f99851de9e789fce0b219bdfa9bddfc8918c304128657ef,2026-09-22T20:11:03
0f1a65515e2ccd3ca930cf83,2026-09-22T13:58:30,TRD,CASH_POSTING,5400768580,SOLD -3 APA 100 18 DEC 26 45 CALL @2.99,-0.04,-1.95,897.0,95851.4,2026-09-22-AccountStatement.csv,76a125393d2d43369f99851de9e789fce0b219bdfa9bddfc8918c304128657ef,2026-09-22T20:11:03
2489e7a346d2e93d192edf1a,2026-09-22T13:58:30,FILL,EXECUTION_EVIDENCE,,SELL -3 APA 18 DEC 26 45 CALL @ 2.99 TO CLOSE STP,0.0,0.0,897.0000000000001,,2026-09-22-AccountStatement.csv,76a125393d2d43369f99851de9e789fce0b219bdfa9bddfc8918c304128657ef,2026-09-22T20:11:03
02e95e9af070212cbd84b732,2026-09-22T12:32:23,FILL,EXECUTION_EVIDENCE,,SELL -1 GOOG 20 NOV 26 380 CALL @ 8.75 TO CLOSE STP,0.0,0.0,875.0,,2026-09-22-AccountStatement.csv,76a125393d2d43369f99851de9e789fce0b219bdfa9bddfc8918c304128657ef,2026-09-22T20:11:03
a356a9dcd3dd21f08f0fc698,2026-09-22T09:31:09,FILL,EXECUTION_EVIDENCE,,SELL -1 CVX 20 NOV 26 210 CALL @ 5.85 TO CLOSE STP,0.0,0.0,585.0,,2026-09-22-AccountStatement.csv,76a125393d2d43369f99851de9e789fce0b219bdfa9bddfc8918c304128657ef,2026-09-22T20:11:03
7483c5b90d464df3c58abf83,2026-09-22T09:31:09,FILL,EXECUTION_EVIDENCE,,SELL -1 PLTR 20 NOV 26 200 CALL @ 11.30 TO CLOSE LMT,0.0,0.0,1130.0,,2026-09-22-AccountStatement.csv,76a125393d2d43369f99851de9e789fce0b219bdfa9bddfc8918c304128657ef,2026-09-22T20:11:03
bfbacfdb7d7fdeb652e70461,2026-09-22T09:31:01,FILL,EXECUTION_EVIDENCE,,SELL -1 AAPL 20 NOV 26 345 CALL @ 13.70 TO CLOSE LMT,0.0,0.0,1370.0,,2026-09-22-AccountStatement.csv,76a125393d2d43369f99851de9e789fce0b219bdfa9bddfc8918c304128657ef,2026-09-22T20:11:03
aee4d390dbf32495822e5b81,2026-09-23T01:00:00,BAL,CASH_POSTING,,Cash balance at the start of business day 23.09 CST,0.0,0.0,0.0,95851.4,2026-09-23-AccountStatement.csv,039b836ccaa6a25e106a08ceae5a95f32ee16b60330887c6e439950b21073fe2,2026-09-23T18:56:36
f2a53997ec6b4bc4f5797ace,2026-09-23T09:31:22,TRD,CASH_POSTING,5400764800,SOLD -1 GOOGL 100 20 NOV 26 380 CALL @10.00,-0.03,-0.65,1000.0,96850.72,2026-09-23-AccountStatement.csv,039b836ccaa6a25e106a08ceae5a95f32ee16b60330887c6e439950b21073fe2,2026-09-23T18:56:36
ce1e0c470401763330d22aea,2026-09-23T10:40:46,TRD,CASH_POSTING,5401982316,BOT +1 NVDA 100 20 NOV 26 230 CALL @11.90,-0.01,-0.65,-1190.0,95660.06,2026-09-23-AccountStatement.csv,039b836ccaa6a25e106a08ceae5a95f32ee16b60330887c6e439950b21073fe2,2026-09-23T18:56:36
1ee1206b3ad426fa3bad44c2,2026-09-23T10:41:24,TRD,CASH_POSTING,5401982400,BOT +1 AAPL 100 20 NOV 26 350 CALL @8.90,-0.01,-0.65,-890.0,94769.4,2026-09-23-AccountStatement.csv,039b836ccaa6a25e106a08ceae5a95f32ee16b60330887c6e439950b21073fe2,2026-09-23T18:56:36
ae908b13a5a419481633871b,2026-09-23T10:42:02,TRD,CASH_POSTING,5401983458,BOT +1 GOOG 100 20 NOV 26 360 CALL @11.85,-0.01,-0.65,-1185.0,93583.74,2026-09-23-AccountStatement.csv,039b836ccaa6a25e106a08ceae5a95f32ee16b60330887c6e439950b21073fe2,2026-09-23T18:56:36
a729fd4813fb8d9a4c81cdb9,2026-09-23T10:42:40,TRD,CASH_POSTING,5401984862,BOT +2 PG 100 20 NOV 26 150 CALL @4.05,-0.01,-1.3,-810.0,92772.43,2026-09-23-AccountStatement.csv,039b836ccaa6a25e106a08ceae5a95f32ee16b60330887c6e439950b21073fe2,2026-09-23T18:56:36
1e678abf81525f3213c11c9c,2026-09-23T10:43:19,TRD,CASH_POSTING,5401985526,BOT +1 MRK 100 20 NOV 26 150 CALL @7.85,-0.01,-0.65,-785.0,91986.77,2026-09-23-AccountStatement.csv,039b836ccaa6a25e106a08ceae5a95f32ee16b60330887c6e439950b21073fe2,2026-09-23T18:56:36
8abfce2835346e370d09c123,2026-09-23T10:44:15,TRD,CASH_POSTING,5401986929,BOT +2 BBY 100 20 NOV 26 95 CALL @5.70,-0.01,-1.3,-1140.0,90845.46,2026-09-23-AccountStatement.csv,039b836ccaa6a25e106a08ceae5a95f32ee16b60330887c6e439950b21073fe2,2026-09-23T18:56:36
a8da60fb46c075a1b4ead6f4,2026-09-23T10:45:33,TRD,CASH_POSTING,5401988089,BOT +1 ABBV 100 20 NOV 26 270 CALL @11.20,-0.01,-0.65,-1120.0,89724.8,2026-09-23-AccountStatement.csv,039b836ccaa6a25e106a08ceae5a95f32ee16b60330887c6e439950b21073fe2,2026-09-23T18:56:36
15282e3d6fb1c7f5e949a9d4,2026-09-23T10:46:10,TRD,CASH_POSTING,5401989540,BOT +2 FCX 100 20 NOV 26 75 CALL @4.40,-0.01,-1.3,-880.0,88843.49,2026-09-23-AccountStatement.csv,039b836ccaa6a25e106a08ceae5a95f32ee16b60330887c6e439950b21073fe2,2026-09-23T18:56:36
28ac021f30cf274d61c1bff9,2026-09-23T12:00:36,TRD,CASH_POSTING,5401986929,SOLD -2 BBY 100 20 NOV 26 95 CALL @4.80,-0.03,-1.3,960.0,89802.16,2026-09-23-AccountStatement.csv,039b836ccaa6a25e106a08ceae5a95f32ee16b60330887c6e439950b21073fe2,2026-09-23T18:56:36
3abec5303cfd075e5a4e6f5c,2026-09-23T12:05:03,TRD,CASH_POSTING,5401988089,SOLD -1 ABBV 100 20 NOV 26 270 CALL @9.60,-0.03,-0.65,960.0,90761.48,2026-09-23-AccountStatement.csv,039b836ccaa6a25e106a08ceae5a95f32ee16b60330887c6e439950b21073fe2,2026-09-23T18:56:36
b19d8b61c0b1bf8c0895c709,2026-09-23T13:20:11,TRD,CASH_POSTING,5402155611,tIP SOLD -1 GOOG 100 20 NOV 26 360 CALL @10.45,-0.03,-0.65,1045.0,91805.8,2026-09-23-AccountStatement.csv,039b836ccaa6a25e106a08ceae5a95f32ee16b60330887c6e439950b21073fe2,2026-09-23T18:56:36
5a5c0afddc804ca9212cd5b9,2026-09-23T13:20:11,FILL,EXECUTION_EVIDENCE,,SELL -1 GOOG 20 NOV 26 360 CALL @ 10.45 TO CLOSE LMT,0.0,0.0,1045.0,,2026-09-23-AccountStatement.csv,039b836ccaa6a25e106a08ceae5a95f32ee16b60330887c6e439950b21073fe2,2026-09-23T18:56:36
b79d91339c5c3e88a050c240,2026-09-23T12:05:03,FILL,EXECUTION_EVIDENCE,,SELL -1 ABBV 20 NOV 26 270 CALL @ 9.60 TO CLOSE STP,0.0,0.0,960.0,,2026-09-23-AccountStatement.csv,039b836ccaa6a25e106a08ceae5a95f32ee16b60330887c6e439950b21073fe2,2026-09-23T18:56:36
ea72bcd63a6a7eaca9fddcbe,2026-09-23T12:00:36,FILL,EXECUTION_EVIDENCE,,SELL -2 BBY 20 NOV 26 95 CALL @ 4.80 TO CLOSE STP,0.0,0.0,960.0,,2026-09-23-AccountStatement.csv,039b836ccaa6a25e106a08ceae5a95f32ee16b60330887c6e439950b21073fe2,2026-09-23T18:56:36
91edccaf80e45747144f48be,2026-09-23T10:46:10,FILL,EXECUTION_EVIDENCE,,BUY +2 FCX 20 NOV 26 75 CALL @ 4.40 TO OPEN LMT,0.0,0.0,-880.0000000000001,,2026-09-23-AccountStatement.csv,039b836ccaa6a25e106a08ceae5a95f32ee16b60330887c6e439950b21073fe2,2026-09-23T18:56:36
ab75c4a24b9419b05e1298ad,2026-09-23T10:45:33,FILL,EXECUTION_EVIDENCE,,BUY +1 ABBV 20 NOV 26 270 CALL @ 11.20 TO OPEN LMT,0.0,0.0,-1120.0,,2026-09-23-AccountStatement.csv,039b836ccaa6a25e106a08ceae5a95f32ee16b60330887c6e439950b21073fe2,2026-09-23T18:56:36
f4371d859e79aa5a2101cab8,2026-09-23T10:44:15,FILL,EXECUTION_EVIDENCE,,BUY +2 BBY 20 NOV 26 95 CALL @ 5.70 TO OPEN LMT,0.0,0.0,-1140.0,,2026-09-23-AccountStatement.csv,039b836ccaa6a25e106a08ceae5a95f32ee16b60330887c6e439950b21073fe2,2026-09-23T18:56:36
fa9f14f1293265d503c644c2,2026-09-23T10:43:19,FILL,EXECUTION_EVIDENCE,,BUY +1 MRK 20 NOV 26 150 CALL @ 7.85 TO OPEN LMT,0.0,0.0,-785.0,,2026-09-23-AccountStatement.csv,039b836ccaa6a25e106a08ceae5a95f32ee16b60330887c6e439950b21073fe2,2026-09-23T18:56:36
97c2a66de6fcc77228d4fcec,2026-09-23T10:42:40,FILL,EXECUTION_EVIDENCE,,BUY +2 PG 20 NOV 26 150 CALL @ 4.05 TO OPEN LMT,0.0,0.0,-810.0,,2026-09-23-AccountStatement.csv,039b836ccaa6a25e106a08ceae5a95f32ee16b60330887c6e439950b21073fe2,2026-09-23T18:56:36
060d2d8477c5cdbcbf21a9eb,2026-09-23T10:42:02,FILL,EXECUTION_EVIDENCE,,BUY +1 GOOG 20 NOV 26 360 CALL @ 11.85 TO OPEN LMT,0.0,0.0,-1185.0,,2026-09-23-AccountStatement.csv,039b836ccaa6a25e106a08ceae5a95f32ee16b60330887c6e439950b21073fe2,2026-09-23T18:56:36
94e43bbbc1b1db2da9d91503,2026-09-23T10:41:24,FILL,EXECUTION_EVIDENCE,,BUY +1 AAPL 20 NOV 26 350 CALL @ 8.90 TO OPEN LMT,0.0,0.0,-890.0,,2026-09-23-AccountStatement.csv,039b836ccaa6a25e106a08ceae5a95f32ee16b60330887c6e439950b21073fe2,2026-09-23T18:56:36
96155aed045d075a4a3c1147,2026-09-23T10:40:46,FILL,EXECUTION_EVIDENCE,,BUY +1 NVDA 20 NOV 26 230 CALL @ 11.90 TO OPEN LMT,0.0,0.0,-1190.0,,2026-09-23-AccountStatement.csv,039b836ccaa6a25e106a08ceae5a95f32ee16b60330887c6e439950b21073fe2,2026-09-23T18:56:36
4b6551b1117705b1d9dbbc3d,2026-09-23T09:31:22,FILL,EXECUTION_EVIDENCE,,SELL -1 GOOGL 20 NOV 26 380 CALL @ 10.00 TO CLOSE STP,0.0,0.0,1000.0,,2026-09-23-AccountStatement.csv,039b836ccaa6a25e106a08ceae5a95f32ee16b60330887c6e439950b21073fe2,2026-09-23T18:56:36
527e7100057531da4201d38d,2026-09-24T01:00:00,BAL,CASH_POSTING,,Cash balance at the start of business day 24.09 CST,0.0,0.0,0.0,91805.8,2026-09-25-AccountStatement.csv,3f55fa0271cedf34fc1f8402f1fbd7e8a39e1d1fbd1bb53a31a85029d36dcb94,2026-09-25T09:05:28
82e021dca9280341098461bb,2026-09-24T09:31:22,TRD,CASH_POSTING,5401983458,SOLD -1 GOOG 100 20 NOV 26 360 CALL @10.20,-0.03,-0.65,1020.0,92825.12,2026-09-25-AccountStatement.csv,3f55fa0271cedf34fc1f8402f1fbd7e8a39e1d1fbd1bb53a31a85029d36dcb94,2026-09-25T09:05:28
5febebb285b0315152217c31,2026-09-24T09:31:54,TRD,CASH_POSTING,5401982316,SOLD -1 NVDA 100 20 NOV 26 230 CALL @10.15,-0.03,-0.65,1015.0,93839.44,2026-09-25-AccountStatement.csv,3f55fa0271cedf34fc1f8402f1fbd7e8a39e1d1fbd1bb53a31a85029d36dcb94,2026-09-25T09:05:28
4fcf67013e9cbc8ba0523a80,2026-09-24T10:44:56,TRD,CASH_POSTING,5402617052,SOLD -2 FCX 100 20 NOV 26 75 CALL @4.20,-0.02,-1.3,840.0,94678.12,2026-09-25-AccountStatement.csv,3f55fa0271cedf34fc1f8402f1fbd7e8a39e1d1fbd1bb53a31a85029d36dcb94,2026-09-25T09:05:28
d1e0c45ef39ec827b3e1d1d0,2026-09-24T10:45:21,TRD,CASH_POSTING,5402617079,SOLD -1 MRK 100 20 NOV 26 150 CALL @8.50,-0.02,-0.65,850.0,95527.45,2026-09-25-AccountStatement.csv,3f55fa0271cedf34fc1f8402f1fbd7e8a39e1d1fbd1bb53a31a85029d36dcb94,2026-09-25T09:05:28
4fadc874674f14785a441f55,2026-09-24T10:45:30,TRD,CASH_POSTING,5402617100,SOLD -2 PG 100 20 NOV 26 150 CALL @4.10,-0.02,-1.3,820.0,96346.13,2026-09-25-AccountStatement.csv,3f55fa0271cedf34fc1f8402f1fbd7e8a39e1d1fbd1bb53a31a85029d36dcb94,2026-09-25T09:05:28
9aaf63307ef7e287513d7228,2026-09-24T10:48:22,TRD,CASH_POSTING,5402623449,BOT +1 ABBV 100 20 NOV 26 270 CALL @10.35,-0.01,-0.65,-1035.0,95310.47,2026-09-25-AccountStatement.csv,3f55fa0271cedf34fc1f8402f1fbd7e8a39e1d1fbd1bb53a31a85029d36dcb94,2026-09-25T09:05:28
d6c4ef1e05d94d300f8f6cb0,2026-09-24T10:48:28,TRD,CASH_POSTING,5402621295,BOT +1 NOW 100 20 NOV 26 145 CALL @10.80,-0.01,-0.65,-1080.0,94229.81,2026-09-25-AccountStatement.csv,3f55fa0271cedf34fc1f8402f1fbd7e8a39e1d1fbd1bb53a31a85029d36dcb94,2026-09-25T09:05:28
d5187f410a5501c12563a8cd,2026-09-24T10:49:28,TRD,CASH_POSTING,5402626613,BOT +1 BA 100 20 NOV 26 195 PUT @8.75,-0.01,-0.65,-875.0,93354.15,2026-09-25-AccountStatement.csv,3f55fa0271cedf34fc1f8402f1fbd7e8a39e1d1fbd1bb53a31a85029d36dcb94,2026-09-25T09:05:28
43dcafab8d49a0746e3d83f4,2026-09-24T10:50:20,TRD,CASH_POSTING,5402626668,BOT +1 APH 100 20 NOV 26 80 CALL @7.00,-0.01,-0.65,-700.0,92653.49,2026-09-25-AccountStatement.csv,3f55fa0271cedf34fc1f8402f1fbd7e8a39e1d1fbd1bb53a31a85029d36dcb94,2026-09-25T09:05:28
ab915901da9de23a1fb0b80c,2026-09-24T10:50:58,TRD,CASH_POSTING,5402629304,BOT +3 FAST 100 20 NOV 26 52.5 CALL @1.79,-0.02,-1.95,-537.0,92114.52,2026-09-25-AccountStatement.csv,3f55fa0271cedf34fc1f8402f1fbd7e8a39e1d1fbd1bb53a31a85029d36dcb94,2026-09-25T09:05:28
72f7357f64ad763aa26d9686,2026-09-24T10:54:00,TRD,CASH_POSTING,5402634330,BOT +1 PM 100 20 NOV 26 190 CALL @10.40,-0.01,-0.65,-1040.0,91073.86,2026-09-25-AccountStatement.csv,3f55fa0271cedf34fc1f8402f1fbd7e8a39e1d1fbd1bb53a31a85029d36dcb94,2026-09-25T09:05:28
2ee4ebcfc5889e2979af1994,2026-09-24T11:06:06,TRD,CASH_POSTING,5402631250,BOT +1 HPE 100 18 DEC 26 65 CALL @7.35,-0.01,-0.65,-735.0,90338.2,2026-09-25-AccountStatement.csv,3f55fa0271cedf34fc1f8402f1fbd7e8a39e1d1fbd1bb53a31a85029d36dcb94,2026-09-25T09:05:28
a54f581a2185a1aaa8e7be8b,2026-09-24T12:15:56,TRD,CASH_POSTING,5402634373,BOT +1 GOOG 100 20 NOV 26 320 PUT @10.40,-0.01,-0.65,-1040.0,89297.54,2026-09-25-AccountStatement.csv,3f55fa0271cedf34fc1f8402f1fbd7e8a39e1d1fbd1bb53a31a85029d36dcb94,2026-09-25T09:05:28
1ada960503c3919bf5e0dd61,2026-09-24T12:49:00,TRD,CASH_POSTING,5402787829,tIP BOT +1 GOOG 100 20 NOV 26 360 CALL @11.15,-0.01,-0.65,-1115.0,88181.88,2026-09-25-AccountStatement.csv,3f55fa0271cedf34fc1f8402f1fbd7e8a39e1d1fbd1bb53a31a85029d36dcb94,2026-09-25T09:05:28
032c56c94a3f315e15c32e85,2026-09-25T01:00:00,BAL,CASH_POSTING,,Cash balance at the start of business day 25.09 CST,0.0,0.0,0.0,88181.88,2026-09-25-AccountStatement.csv,3f55fa0271cedf34fc1f8402f1fbd7e8a39e1d1fbd1bb53a31a85029d36dcb94,2026-09-25T09:05:28
09483845402bb06433b712d7,2026-09-24T12:49:00,FILL,EXECUTION_EVIDENCE,,BUY +1 GOOG 20 NOV 26 360 CALL @ 11.15 TO CLOSE LMT,0.0,0.0,-1115.0,,2026-09-25-AccountStatement.csv,3f55fa0271cedf34fc1f8402f1fbd7e8a39e1d1fbd1bb53a31a85029d36dcb94,2026-09-25T09:05:28
a1ec794fd5fee705419bda6a,2026-09-24T12:15:56,FILL,EXECUTION_EVIDENCE,,BUY +1 GOOG 20 NOV 26 320 PUT @ 10.40 TO OPEN LMT,0.0,0.0,-1040.0,,2026-09-25-AccountStatement.csv,3f55fa0271cedf34fc1f8402f1fbd7e8a39e1d1fbd1bb53a31a85029d36dcb94,2026-09-25T09:05:28
16a93a4930210f9d32954dcb,2026-09-24T11:06:06,FILL,EXECUTION_EVIDENCE,,BUY +1 HPE 18 DEC 26 65 CALL @ 7.35 TO OPEN LMT,0.0,0.0,-735.0,,2026-09-25-AccountStatement.csv,3f55fa0271cedf34fc1f8402f1fbd7e8a39e1d1fbd1bb53a31a85029d36dcb94,2026-09-25T09:05:28
c88c5ca69752fa4138369885,2026-09-24T10:54:00,FILL,EXECUTION_EVIDENCE,,BUY +1 PM 20 NOV 26 190 CALL @ 10.40 TO OPEN LMT,0.0,0.0,-1040.0,,2026-09-25-AccountStatement.csv,3f55fa0271cedf34fc1f8402f1fbd7e8a39e1d1fbd1bb53a31a85029d36dcb94,2026-09-25T09:05:28
ac7196fe5db9c72b372f4826,2026-09-24T10:50:58,FILL,EXECUTION_EVIDENCE,,BUY +3 FAST 20 NOV 26 52.5 CALL @ 1.79 TO OPEN LMT,0.0,0.0,-537.0,,2026-09-25-AccountStatement.csv,3f55fa0271cedf34fc1f8402f1fbd7e8a39e1d1fbd1bb53a31a85029d36dcb94,2026-09-25T09:05:28
be255ceb3e250eafeffcf9c6,2026-09-24T10:50:20,FILL,EXECUTION_EVIDENCE,,BUY +1 APH 20 NOV 26 80 CALL @ 7.00 TO OPEN LMT,0.0,0.0,-700.0,,2026-09-25-AccountStatement.csv,3f55fa0271cedf34fc1f8402f1fbd7e8a39e1d1fbd1bb53a31a85029d36dcb94,2026-09-25T09:05:28
54b73169f440ae81fa3a7bcc,2026-09-24T10:49:28,FILL,EXECUTION_EVIDENCE,,BUY +1 BA 20 NOV 26 195 PUT @ 8.75 TO OPEN LMT,0.0,0.0,-875.0,,2026-09-25-AccountStatement.csv,3f55fa0271cedf34fc1f8402f1fbd7e8a39e1d1fbd1bb53a31a85029d36dcb94,2026-09-25T09:05:28
40758157b7ef75682810ac18,2026-09-24T10:48:28,FILL,EXECUTION_EVIDENCE,,BUY +1 NOW 20 NOV 26 145 CALL @ 10.80 TO OPEN LMT,0.0,0.0,-1080.0,,2026-09-25-AccountStatement.csv,3f55fa0271cedf34fc1f8402f1fbd7e8a39e1d1fbd1bb53a31a85029d36dcb94,2026-09-25T09:05:28
91c7c5916490f467f73aa817,2026-09-24T10:48:22,FILL,EXECUTION_EVIDENCE,,BUY +1 ABBV 20 NOV 26 270 CALL @ 10.35 TO OPEN LMT,0.0,0.0,-1035.0,,2026-09-25-AccountStatement.csv,3f55fa0271cedf34fc1f8402f1fbd7e8a39e1d1fbd1bb53a31a85029d36dcb94,2026-09-25T09:05:28
a848e0552c5c261059184e58,2026-09-24T10:45:30,FILL,EXECUTION_EVIDENCE,,SELL -2 PG 20 NOV 26 150 CALL @ 4.10 TO CLOSE LMT,0.0,0.0,819.9999999999999,,2026-09-25-AccountStatement.csv,3f55fa0271cedf34fc1f8402f1fbd7e8a39e1d1fbd1bb53a31a85029d36dcb94,2026-09-25T09:05:28
715207d62970722d677f6263,2026-09-24T10:45:21,FILL,EXECUTION_EVIDENCE,,SELL -1 MRK 20 NOV 26 150 CALL @ 8.50 TO CLOSE LMT,0.0,0.0,850.0,,2026-09-25-AccountStatement.csv,3f55fa0271cedf34fc1f8402f1fbd7e8a39e1d1fbd1bb53a31a85029d36dcb94,2026-09-25T09:05:28
e48a7e6d8853a5afe9c86d3a,2026-09-24T10:44:56,FILL,EXECUTION_EVIDENCE,,SELL -2 FCX 20 NOV 26 75 CALL @ 4.20 TO CLOSE LMT,0.0,0.0,840.0,,2026-09-25-AccountStatement.csv,3f55fa0271cedf34fc1f8402f1fbd7e8a39e1d1fbd1bb53a31a85029d36dcb94,2026-09-25T09:05:28
2e5c40d42f29ca690824033b,2026-09-24T09:31:54,FILL,EXECUTION_EVIDENCE,,SELL -1 NVDA 20 NOV 26 230 CALL @ 10.15 TO CLOSE STP,0.0,0.0,1015.0,,2026-09-25-AccountStatement.csv,3f55fa0271cedf34fc1f8402f1fbd7e8a39e1d1fbd1bb53a31a85029d36dcb94,2026-09-25T09:05:28
fda439343a4612d9f024894c,2026-09-24T09:31:22,FILL,EXECUTION_EVIDENCE,,SELL -1 GOOG 20 NOV 26 360 CALL @ 10.20 TO CLOSE STP,0.0,0.0,1019.9999999999999,,2026-09-25-AccountStatement.csv,3f55fa0271cedf34fc1f8402f1fbd7e8a39e1d1fbd1bb53a31a85029d36dcb94,2026-09-25T09:05:28
b05af74e3c2ff3cb6a7b5d68,2026-09-25T09:31:11,TRD,CASH_POSTING,5402634330,SOLD -1 PM 100 20 NOV 26 190 CALL @8.80,-0.02,-0.65,880.0,89061.21,2026-09-25-AccountStatement_EOD.csv,bfa44b23f1570711a3f332a3e2923bbbb7afad2c4696b4260c14492b0b756ae4,2026-09-28T08:10:50
93b2d543e2aeb2d3a1a09dfb,2026-09-25T09:31:36,TRD,CASH_POSTING,5400772410,SOLD -1 GILD 100 20 NOV 26 150 CALL @7.50,-0.02,-0.65,750.0,89810.54,2026-09-25-AccountStatement_EOD.csv,bfa44b23f1570711a3f332a3e2923bbbb7afad2c4696b4260c14492b0b756ae4,2026-09-28T08:10:50
c505090e6349ca357716f0fd,2026-09-25T09:32:48,TRD,CASH_POSTING,5402634373,SOLD -1 GOOG 100 20 NOV 26 320 PUT @8.90,-0.03,-0.65,890.0,90699.86,2026-09-25-AccountStatement_EOD.csv,bfa44b23f1570711a3f332a3e2923bbbb7afad2c4696b4260c14492b0b756ae4,2026-09-28T08:10:50
30adedc2d0b0e26e3292c21c,2026-09-25T10:01:30,TRD,CASH_POSTING,5402623449,SOLD -1 ABBV 100 20 NOV 26 270 CALL @8.35,-0.02,-0.65,835.0,91534.19,2026-09-25-AccountStatement_EOD.csv,bfa44b23f1570711a3f332a3e2923bbbb7afad2c4696b4260c14492b0b756ae4,2026-09-28T08:10:50
4bc42308e371a0119e6348ad,2026-09-25T10:03:03,TRD,CASH_POSTING,5402629304,SOLD -3 FAST 100 20 NOV 26 52.5 CALL @1.52,-0.03,-1.95,456.0,91988.21,2026-09-25-AccountStatement_EOD.csv,bfa44b23f1570711a3f332a3e2923bbbb7afad2c4696b4260c14492b0b756ae4,2026-09-28T08:10:50
680a40e8cfceab60129a1dd6,2026-09-25T10:11:47,TRD,CASH_POSTING,5401982400,SOLD -1 AAPL 100 20 NOV 26 350 CALL @7.85,-0.02,-0.65,785.0,92772.54,2026-09-25-AccountStatement_EOD.csv,bfa44b23f1570711a3f332a3e2923bbbb7afad2c4696b4260c14492b0b756ae4,2026-09-28T08:10:50
0c2bddec207f40a76dbfaeb9,2026-09-25T11:04:11,TRD,CASH_POSTING,5403306071,SOLD -1 NOW 100 20 NOV 26 145 CALL @9.70,-0.03,-0.65,970.0,93741.86,2026-09-25-AccountStatement_EOD.csv,bfa44b23f1570711a3f332a3e2923bbbb7afad2c4696b4260c14492b0b756ae4,2026-09-28T08:10:50
32ff201cee008a6cca307aae,2026-09-25T11:09:01,TRD,CASH_POSTING,5403315732,BOT +3 NFLX 100 20 NOV 26 70 PUT @3.60,-0.02,-1.95,-1080.0,92659.89,2026-09-25-AccountStatement_EOD.csv,bfa44b23f1570711a3f332a3e2923bbbb7afad2c4696b4260c14492b0b756ae4,2026-09-28T08:10:50
84358a17e9fa279a74edf115,2026-09-25T11:09:43,TRD,CASH_POSTING,5403316913,BOT +3 DVN 100 20 NOV 26 47.5 CALL @3.05,-0.02,-1.95,-915.0,91742.92,2026-09-25-AccountStatement_EOD.csv,bfa44b23f1570711a3f332a3e2923bbbb7afad2c4696b4260c14492b0b756ae4,2026-09-28T08:10:50
61699fe1c8f6dd3c00d850cd,2026-09-25T11:24:28,TRD,CASH_POSTING,5403314460,BOT +1 MRK 100 20 NOV 26 150 CALL @7.30,-0.01,-0.65,-730.0,91012.26,2026-09-25-AccountStatement_EOD.csv,bfa44b23f1570711a3f332a3e2923bbbb7afad2c4696b4260c14492b0b756ae4,2026-09-28T08:10:50
1fa817c31653e0b0ef4f32f2,2026-09-25T11:25:45,TRD,CASH_POSTING,5403312691,BOT +3 PFE 100 20 NOV 26 28 CALL @1.20,-0.02,-1.95,-360.0,90650.29,2026-09-25-AccountStatement_EOD.csv,bfa44b23f1570711a3f332a3e2923bbbb7afad2c4696b4260c14492b0b756ae4,2026-09-28T08:10:50
c044916b2b7b7446a5b4c7a8,2026-09-25T11:36:31,TRD,CASH_POSTING,5403312642,BOT +1 NVDA 100 20 NOV 26 230 CALL @10.60,-0.01,-0.65,-1060.0,89589.63,2026-09-25-AccountStatement_EOD.csv,bfa44b23f1570711a3f332a3e2923bbbb7afad2c4696b4260c14492b0b756ae4,2026-09-28T08:10:50
21ba5b6b39d24a903f433c9d,2026-09-25T11:49:25,TRD,CASH_POSTING,5402621295,SOLD -1 NOW 100 20 NOV 26 145 CALL @9.10,-0.03,-0.65,910.0,90498.95,2026-09-25-AccountStatement_EOD.csv,bfa44b23f1570711a3f332a3e2923bbbb7afad2c4696b4260c14492b0b756ae4,2026-09-28T08:10:50
ba41c4170eda6d37c2a47993,2026-09-25T11:58:33,TRD,CASH_POSTING,5402626613,SOLD -1 BA 100 20 NOV 26 195 PUT @7.60,-0.02,-0.65,760.0,91258.28,2026-09-25-AccountStatement_EOD.csv,bfa44b23f1570711a3f332a3e2923bbbb7afad2c4696b4260c14492b0b756ae4,2026-09-28T08:10:50
ed48d007750b6df6b776e212,2026-09-25T15:54:47,TRD,CASH_POSTING,5403310416,SOLD -1 HPE 100 18 DEC 26 65 CALL @7.50,-0.02,-0.65,750.0,92007.61,2026-09-25-AccountStatement_EOD.csv,bfa44b23f1570711a3f332a3e2923bbbb7afad2c4696b4260c14492b0b756ae4,2026-09-28T08:10:50
ec948119b06c3f62e54ea470,2026-09-25T15:54:47,FILL,EXECUTION_EVIDENCE,,SELL -1 HPE 18 DEC 26 65 CALL @ 7.50 TO CLOSE STP,0.0,0.0,750.0,,2026-09-25-AccountStatement_EOD.csv,bfa44b23f1570711a3f332a3e2923bbbb7afad2c4696b4260c14492b0b756ae4,2026-09-28T08:10:50
4898298fa91c68df84cc89fd,2026-09-25T11:58:33,FILL,EXECUTION_EVIDENCE,,SELL -1 BA 20 NOV 26 195 PUT @ 7.60 TO CLOSE STP,0.0,0.0,760.0,,2026-09-25-AccountStatement_EOD.csv,bfa44b23f1570711a3f332a3e2923bbbb7afad2c4696b4260c14492b0b756ae4,2026-09-28T08:10:50
62780f9f5d182f5a41ce3fd0,2026-09-25T11:49:25,FILL,EXECUTION_EVIDENCE,,SELL -1 NOW 20 NOV 26 145 CALL @ 9.10 TO CLOSE STP,0.0,0.0,910.0,,2026-09-25-AccountStatement_EOD.csv,bfa44b23f1570711a3f332a3e2923bbbb7afad2c4696b4260c14492b0b756ae4,2026-09-28T08:10:50
abde75f3034861b41884f735,2026-09-25T11:36:31,FILL,EXECUTION_EVIDENCE,,BUY +1 NVDA 20 NOV 26 230 CALL @ 10.60 TO OPEN LMT,0.0,0.0,-1060.0,,2026-09-25-AccountStatement_EOD.csv,bfa44b23f1570711a3f332a3e2923bbbb7afad2c4696b4260c14492b0b756ae4,2026-09-28T08:10:50
e1334be6b63f937397adb817,2026-09-25T11:25:45,FILL,EXECUTION_EVIDENCE,,BUY +3 PFE 20 NOV 26 28 CALL @ 1.20 TO OPEN LMT,0.0,0.0,-359.99999999999994,,2026-09-25-AccountStatement_EOD.csv,bfa44b23f1570711a3f332a3e2923bbbb7afad2c4696b4260c14492b0b756ae4,2026-09-28T08:10:50
5e3e2d3fea23fd5c66502477,2026-09-25T11:24:28,FILL,EXECUTION_EVIDENCE,,BUY +1 MRK 20 NOV 26 150 CALL @ 7.30 TO OPEN LMT,0.0,0.0,-730.0,,2026-09-25-AccountStatement_EOD.csv,bfa44b23f1570711a3f332a3e2923bbbb7afad2c4696b4260c14492b0b756ae4,2026-09-28T08:10:50
6d35e8e9d616de1fde3826ba,2026-09-25T11:09:43,FILL,EXECUTION_EVIDENCE,,BUY +3 DVN 20 NOV 26 47.5 CALL @ 3.05 TO OPEN LMT,0.0,0.0,-914.9999999999999,,2026-09-25-AccountStatement_EOD.csv,bfa44b23f1570711a3f332a3e2923bbbb7afad2c4696b4260c14492b0b756ae4,2026-09-28T08:10:50
d20877a532f8fed10778ac18,2026-09-25T11:09:01,FILL,EXECUTION_EVIDENCE,,BUY +3 NFLX 20 NOV 26 70 PUT @ 3.60 TO OPEN LMT,0.0,0.0,-1080.0,,2026-09-25-AccountStatement_EOD.csv,bfa44b23f1570711a3f332a3e2923bbbb7afad2c4696b4260c14492b0b756ae4,2026-09-28T08:10:50
42c8317893383fb7df55370e,2026-09-25T11:04:11,FILL,EXECUTION_EVIDENCE,,SELL -1 NOW 20 NOV 26 145 CALL @ 9.70 TO CLOSE LMT,0.0,0.0,969.9999999999999,,2026-09-25-AccountStatement_EOD.csv,bfa44b23f1570711a3f332a3e2923bbbb7afad2c4696b4260c14492b0b756ae4,2026-09-28T08:10:50
35eb6e19dd1b994f587502d9,2026-09-25T10:11:47,FILL,EXECUTION_EVIDENCE,,SELL -1 AAPL 20 NOV 26 350 CALL @ 7.85 TO CLOSE STP,0.0,0.0,785.0,,2026-09-25-AccountStatement_EOD.csv,bfa44b23f1570711a3f332a3e2923bbbb7afad2c4696b4260c14492b0b756ae4,2026-09-28T08:10:50
cb0b23896e03020f518191a9,2026-09-25T10:03:03,FILL,EXECUTION_EVIDENCE,,SELL -3 FAST 20 NOV 26 52.5 CALL @ 1.52 TO CLOSE STP,0.0,0.0,456.00000000000006,,2026-09-25-AccountStatement_EOD.csv,bfa44b23f1570711a3f332a3e2923bbbb7afad2c4696b4260c14492b0b756ae4,2026-09-28T08:10:50
29f3cfc61e89bde47331d813,2026-09-25T10:01:30,FILL,EXECUTION_EVIDENCE,,SELL -1 ABBV 20 NOV 26 270 CALL @ 8.35 TO CLOSE STP,0.0,0.0,835.0,,2026-09-25-AccountStatement_EOD.csv,bfa44b23f1570711a3f332a3e2923bbbb7afad2c4696b4260c14492b0b756ae4,2026-09-28T08:10:50
301a38d13c14e3b8c159d96c,2026-09-25T09:32:48,FILL,EXECUTION_EVIDENCE,,SELL -1 GOOG 20 NOV 26 320 PUT @ 8.90 TO CLOSE STP,0.0,0.0,890.0,,2026-09-25-AccountStatement_EOD.csv,bfa44b23f1570711a3f332a3e2923bbbb7afad2c4696b4260c14492b0b756ae4,2026-09-28T08:10:50
6426364ecc12c3293d5dbe4a,2026-09-25T09:31:36,FILL,EXECUTION_EVIDENCE,,SELL -1 GILD 20 NOV 26 150 CALL @ 7.50 TO CLOSE STP,0.0,0.0,750.0,,2026-09-25-AccountStatement_EOD.csv,bfa44b23f1570711a3f332a3e2923bbbb7afad2c4696b4260c14492b0b756ae4,2026-09-28T08:10:50
c4cee15df7e50c87dd3234cf,2026-09-25T09:31:11,FILL,EXECUTION_EVIDENCE,,SELL -1 PM 20 NOV 26 190 CALL @ 8.80 TO CLOSE STP,0.0,0.0,880.0000000000001,,2026-09-25-AccountStatement_EOD.csv,bfa44b23f1570711a3f332a3e2923bbbb7afad2c4696b4260c14492b0b756ae4,2026-09-28T08:10:50
40488ea64247734f5d7713e3,2026-09-26T01:00:00,BAL,CASH_POSTING,,Cash balance at the start of business day 26.09 CST,0.0,0.0,0.0,92007.61,2026-09-28-AccountStatement.csv,663b35597600035600bac8ded65c4d2d5f26164ce43d6ab7e1c69c8ee56414ef,2026-09-28T16:10:43
c7f1497644a0d061592c9e78,2026-09-27T01:00:00,BAL,CASH_POSTING,,Cash balance at the start of business day 27.09 CST,0.0,0.0,0.0,92007.61,2026-09-28-AccountStatement.csv,663b35597600035600bac8ded65c4d2d5f26164ce43d6ab7e1c69c8ee56414ef,2026-09-28T16:10:43
6fe3a900ddc6c31e1ffcdecb,2026-09-28T01:00:00,BAL,CASH_POSTING,,Cash balance at the start of business day 28.09 CST,0.0,0.0,0.0,92007.61,2026-09-28-AccountStatement.csv,663b35597600035600bac8ded65c4d2d5f26164ce43d6ab7e1c69c8ee56414ef,2026-09-28T16:10:43
65e2b61f61f4ab34edd26acf,2026-09-28T09:31:06,TRD,CASH_POSTING,5403761699,BOT +1 NOW 100 20 NOV 26 145 CALL @6.25,-0.01,-0.65,-625.0,91381.95,2026-09-28-AccountStatement.csv,663b35597600035600bac8ded65c4d2d5f26164ce43d6ab7e1c69c8ee56414ef,2026-09-28T16:10:43
12e41fea8c1ddc73a0956440,2026-09-28T09:31:26,TRD,CASH_POSTING,5403312642,SOLD -1 NVDA 100 20 NOV 26 230 CALL @14.50,-0.03,-0.65,1450.0,92831.27,2026-09-28-AccountStatement.csv,663b35597600035600bac8ded65c4d2d5f26164ce43d6ab7e1c69c8ee56414ef,2026-09-28T16:10:43
209e6304b7686f3c1f8289d1,2026-09-28T09:33:40,TRD,CASH_POSTING,5403450225,SOLD -1 APH 100 20 NOV 26 80 CALL @8.20,-0.02,-0.65,820.0,93650.6,2026-09-28-AccountStatement.csv,663b35597600035600bac8ded65c4d2d5f26164ce43d6ab7e1c69c8ee56414ef,2026-09-28T16:10:43
4b12146c81d8c5bf79e6ed68,2026-09-28T11:12:04,TRD,CASH_POSTING,5404006330,BOT +1 NVDA 100 20 NOV 26 235 CALL @11.45,-0.01,-0.65,-1145.0,92504.94,2026-09-28-AccountStatement.csv,663b35597600035600bac8ded65c4d2d5f26164ce43d6ab7e1c69c8ee56414ef,2026-09-28T16:10:43
9655ef0b20bcbdf5a4f94d1b,2026-09-28T11:12:36,TRD,CASH_POSTING,5404006358,BOT +1 HOOD 100 20 NOV 26 120 CALL @10.60,-0.01,-0.65,-1060.0,91444.28,2026-09-28-AccountStatement.csv,663b35597600035600bac8ded65c4d2d5f26164ce43d6ab7e1c69c8ee56414ef,2026-09-28T16:10:43
6351af6b5283adf2c9e7bc86,2026-09-28T11:13:06,TRD,CASH_POSTING,5404008401,BOT +2 DIS 100 20 NOV 26 105 CALL @5.50,-0.01,-1.3,-1100.0,90342.97,2026-09-28-AccountStatement.csv,663b35597600035600bac8ded65c4d2d5f26164ce43d6ab7e1c69c8ee56414ef,2026-09-28T16:10:43
dca17286e5c24e4b764f0adb,2026-09-28T11:24:19,TRD,CASH_POSTING,5404008485,BOT +2 UBER 100 20 NOV 26 70 PUT @4.70,-0.01,-1.3,-940.0,89401.66,2026-09-28-AccountStatement.csv,663b35597600035600bac8ded65c4d2d5f26164ce43d6ab7e1c69c8ee56414ef,2026-09-28T16:10:43
f3d5114dfb2afa0ed422aca4,2026-09-28T15:01:04,TRD,CASH_POSTING,5403316913,SOLD -3 DVN 100 20 NOV 26 47.5 CALL @2.47,-0.03,-1.95,741.0,90140.68,2026-09-28-AccountStatement.csv,663b35597600035600bac8ded65c4d2d5f26164ce43d6ab7e1c69c8ee56414ef,2026-09-28T16:10:43
fb07020006f179025fb5300e,2026-09-28T15:01:04,FILL,EXECUTION_EVIDENCE,,SELL -3 DVN 20 NOV 26 47.5 CALL @ 2.47 TO CLOSE STP,0.0,0.0,741.0,,2026-09-28-AccountStatement.csv,663b35597600035600bac8ded65c4d2d5f26164ce43d6ab7e1c69c8ee56414ef,2026-09-28T16:10:43
1b7ff57ed69d899f4b243ec1,2026-09-28T11:24:19,FILL,EXECUTION_EVIDENCE,,BUY +2 UBER 20 NOV 26 70 PUT @ 4.70 TO OPEN LMT,0.0,0.0,-940.0,,2026-09-28-AccountStatement.csv,663b35597600035600bac8ded65c4d2d5f26164ce43d6ab7e1c69c8ee56414ef,2026-09-28T16:10:43
12f3f669d1b5fbc860d7c0a8,2026-09-28T11:13:06,FILL,EXECUTION_EVIDENCE,,BUY +2 DIS 20 NOV 26 105 CALL @ 5.50 TO OPEN LMT,0.0,0.0,-1100.0,,2026-09-28-AccountStatement.csv,663b35597600035600bac8ded65c4d2d5f26164ce43d6ab7e1c69c8ee56414ef,2026-09-28T16:10:43
792b99ba2188c22ae41449bc,2026-09-28T11:12:36,FILL,EXECUTION_EVIDENCE,,BUY +1 HOOD 20 NOV 26 120 CALL @ 10.60 TO OPEN LMT,0.0,0.0,-1060.0,,2026-09-28-AccountStatement.csv,663b35597600035600bac8ded65c4d2d5f26164ce43d6ab7e1c69c8ee56414ef,2026-09-28T16:10:43
c22e647c3bbece928f4a0e60,2026-09-28T11:12:04,FILL,EXECUTION_EVIDENCE,,BUY +1 NVDA 20 NOV 26 235 CALL @ 11.45 TO OPEN LMT,0.0,0.0,-1145.0,,2026-09-28-AccountStatement.csv,663b35597600035600bac8ded65c4d2d5f26164ce43d6ab7e1c69c8ee56414ef,2026-09-28T16:10:43
feecba8c1fdb162d8d93c711,2026-09-28T09:33:40,FILL,EXECUTION_EVIDENCE,,SELL -1 APH 20 NOV 26 80 CALL @ 8.20 TO CLOSE STP,0.0,0.0,819.9999999999999,,2026-09-28-AccountStatement.csv,663b35597600035600bac8ded65c4d2d5f26164ce43d6ab7e1c69c8ee56414ef,2026-09-28T16:10:43
a11faa5090c826ee6a4d357b,2026-09-28T09:31:26,FILL,EXECUTION_EVIDENCE,,SELL -1 NVDA 20 NOV 26 230 CALL @ 14.50 TO CLOSE LMT,0.0,0.0,1450.0,,2026-09-28-AccountStatement.csv,663b35597600035600bac8ded65c4d2d5f26164ce43d6ab7e1c69c8ee56414ef,2026-09-28T16:10:43
ff8674a9758e11ff4d26f266,2026-09-28T09:31:06,FILL,EXECUTION_EVIDENCE,,BUY +1 NOW 20 NOV 26 145 CALL @ 6.25 TO CLOSE LMT,0.0,0.0,-625.0,,2026-09-28-AccountStatement.csv,663b35597600035600bac8ded65c4d2d5f26164ce43d6ab7e1c69c8ee56414ef,2026-09-28T16:10:43
277d4cccdea6b8bb398e1fa7,2026-09-29T01:00:00,BAL,CASH_POSTING,,Cash balance at the start of business day 29.09 CST,0.0,0.0,0.0,90140.68,2026-09-29-AccountStatement.csv,995397fa07a33f744d0dd7452195c05e319b07313ccb8bd1e2f02528e87253de,2026-09-29T20:12:00
2f623b51f7185f7dae78999a,2026-09-29T10:03:59,TRD,CASH_POSTING,5404008451,BOT +2 MRK 100 20 NOV 26 155 CALL @5.10,-0.01,-1.3,-1020.0,89119.37,2026-09-29-AccountStatement.csv,995397fa07a33f744d0dd7452195c05e319b07313ccb8bd1e2f02528e87253de,2026-09-29T20:12:00
6bb75f401d08e046a04275ef,2026-09-29T10:45:36,TRD,CASH_POSTING,5404561886,SOLD -2 DIS 100 20 NOV 26 105 CALL @5.55,-0.03,-1.3,1110.0,90228.04,2026-09-29-AccountStatement.csv,995397fa07a33f744d0dd7452195c05e319b07313ccb8bd1e2f02528e87253de,2026-09-29T20:12:00
ac9c6c47410a04c90932b2a0,2026-09-29T10:49:13,TRD,CASH_POSTING,5404569516,BOT +1 AAPL 100 20 NOV 26 340 CALL @9.90,-0.01,-0.65,-990.0,89237.38,2026-09-29-AccountStatement.csv,995397fa07a33f744d0dd7452195c05e319b07313ccb8bd1e2f02528e87253de,2026-09-29T20:12:00
f911902887ceb17a1bd388d8,2026-09-29T10:49:28,TRD,CASH_POSTING,5404569541,BOT +1 PG 100 20 NOV 26 145 CALL @6.45,-0.01,-0.65,-645.0,88591.72,2026-09-29-AccountStatement.csv,995397fa07a33f744d0dd7452195c05e319b07313ccb8bd1e2f02528e87253de,2026-09-29T20:12:00
0d6aca56135cece547ec9adc,2026-09-29T10:50:05,TRD,CASH_POSTING,5404569582,BOT +1 MRK 100 20 NOV 26 155 CALL @4.40,-0.01,-0.65,-440.0,88151.06,2026-09-29-AccountStatement.csv,995397fa07a33f744d0dd7452195c05e319b07313ccb8bd1e2f02528e87253de,2026-09-29T20:12:00
cc52d232026b1ee513e7f9d6,2026-09-29T10:50:39,TRD,CASH_POSTING,5404573333,BOT +1 QCOM 100 20 NOV 26 200 CALL @10.95,-0.01,-0.65,-1095.0,87055.4,2026-09-29-AccountStatement.csv,995397fa07a33f744d0dd7452195c05e319b07313ccb8bd1e2f02528e87253de,2026-09-29T20:12:00
d3a33f980ef8846e8e2d37a3,2026-09-29T10:51:13,TRD,CASH_POSTING,5404573394,BOT +1 JNJ 100 20 NOV 26 270 CALL @9.65,-0.01,-0.65,-965.0,86089.74,2026-09-29-AccountStatement.csv,995397fa07a33f744d0dd7452195c05e319b07313ccb8bd1e2f02528e87253de,2026-09-29T20:12:00
6540e7fd6a95ad21e74b1b15,2026-09-29T13:00:04,TRD,CASH_POSTING,5404573333,SOLD -1 QCOM 100 20 NOV 26 200 CALL @9.50,-0.03,-0.65,950.0,87039.06,2026-09-29-AccountStatement.csv,995397fa07a33f744d0dd7452195c05e319b07313ccb8bd1e2f02528e87253de,2026-09-29T20:12:00
ee5e8dbb7d6a0b044463201b,2026-09-29T13:51:28,TRD,CASH_POSTING,5404006330,SOLD -1 NVDA 100 20 NOV 26 235 CALL @10.00,-0.03,-0.65,1000.0,88038.38,2026-09-29-AccountStatement.csv,995397fa07a33f744d0dd7452195c05e319b07313ccb8bd1e2f02528e87253de,2026-09-29T20:12:00
13dedd1327a292dd5a344035,2026-09-29T13:51:28,FILL,EXECUTION_EVIDENCE,,SELL -1 NVDA 20 NOV 26 235 CALL @ 10.00 TO CLOSE STP,0.0,0.0,1000.0,,2026-09-29-AccountStatement.csv,995397fa07a33f744d0dd7452195c05e319b07313ccb8bd1e2f02528e87253de,2026-09-29T20:12:00
d1ad7fcd832a5084afaaec56,2026-09-29T13:00:04,FILL,EXECUTION_EVIDENCE,,SELL -1 QCOM 20 NOV 26 200 CALL @ 9.50 TO CLOSE STP,0.0,0.0,950.0,,2026-09-29-AccountStatement.csv,995397fa07a33f744d0dd7452195c05e319b07313ccb8bd1e2f02528e87253de,2026-09-29T20:12:00
c94d69327228b61b4ed1a53c,2026-09-29T10:51:13,FILL,EXECUTION_EVIDENCE,,BUY +1 JNJ 20 NOV 26 270 CALL @ 9.65 TO OPEN LMT,0.0,0.0,-965.0,,2026-09-29-AccountStatement.csv,995397fa07a33f744d0dd7452195c05e319b07313ccb8bd1e2f02528e87253de,2026-09-29T20:12:00
692e49f78013280057ece6e7,2026-09-29T10:50:39,FILL,EXECUTION_EVIDENCE,,BUY +1 QCOM 20 NOV 26 200 CALL @ 10.95 TO OPEN LMT,0.0,0.0,-1095.0,,2026-09-29-AccountStatement.csv,995397fa07a33f744d0dd7452195c05e319b07313ccb8bd1e2f02528e87253de,2026-09-29T20:12:00
dd2cb2c309d566a6ff3e097d,2026-09-29T10:50:05,FILL,EXECUTION_EVIDENCE,,BUY +1 MRK 20 NOV 26 155 CALL @ 4.40 TO OPEN LMT,0.0,0.0,-440.00000000000006,,2026-09-29-AccountStatement.csv,995397fa07a33f744d0dd7452195c05e319b07313ccb8bd1e2f02528e87253de,2026-09-29T20:12:00
729e070898a9d3faf900794e,2026-09-29T10:49:28,FILL,EXECUTION_EVIDENCE,,BUY +1 PG 20 NOV 26 145 CALL @ 6.45 TO OPEN LMT,0.0,0.0,-645.0,,2026-09-29-AccountStatement.csv,995397fa07a33f744d0dd7452195c05e319b07313ccb8bd1e2f02528e87253de,2026-09-29T20:12:00
a0823f0c4fd7c50e16ec3759,2026-09-29T10:49:13,FILL,EXECUTION_EVIDENCE,,BUY +1 AAPL 20 NOV 26 340 CALL @ 9.90 TO OPEN LMT,0.0,0.0,-990.0,,2026-09-29-AccountStatement.csv,995397fa07a33f744d0dd7452195c05e319b07313ccb8bd1e2f02528e87253de,2026-09-29T20:12:00
1ec0137b2634c8827ce5bb32,2026-09-29T10:45:36,FILL,EXECUTION_EVIDENCE,,SELL -2 DIS 20 NOV 26 105 CALL @ 5.55 TO CLOSE LMT,0.0,0.0,1110.0,,2026-09-29-AccountStatement.csv,995397fa07a33f744d0dd7452195c05e319b07313ccb8bd1e2f02528e87253de,2026-09-29T20:12:00
f55aef94497488ee926eb15d,2026-09-29T10:03:59,FILL,EXECUTION_EVIDENCE,,BUY +2 MRK 20 NOV 26 155 CALL @ 5.10 TO OPEN LMT,0.0,0.0,-1019.9999999999999,,2026-09-29-AccountStatement.csv,995397fa07a33f744d0dd7452195c05e319b07313ccb8bd1e2f02528e87253de,2026-09-29T20:12:00
