ticker,opportunity_type,action,confidence,expected_apr,option_strategy,option_type,expiration,strike,position_size_pct,notes,RecommendationDate,ProjectVersion,ConfigVersion,premium
MMM,Long Put Candidate,Evaluate Options,85,,,,,,,"['Research Score: 95', 'Trend: 33', 'Momentum: 28', 'Above 20-day SMA; Above 50-day SMA; Above 200-day SMA; Healthy distance above 20-day SMA; Healthy distance above 50-day SMA; MACD bullish; RSI in ideal bullish range; Acceptable liquidity; Above 20 SMA; Above 50 SMA; Above 200 SMA; Long-term trend positive; Momentum positive', 'No suitable option contract found']",2026-06-30 20:10:20.464286,,,
AOS,Watchlist,Watch,56,,,,,,,"['Research Score: 56', 'Trend: 20', 'Momentum: 19', 'Above 20-day SMA; Above 50-day SMA; Healthy distance above 50-day SMA; MACD bullish; RSI bullish but warming up; Acceptable liquidity; Above 20 SMA; Above 50 SMA; Momentum positive']",2026-06-30 20:10:20.470703,,,
ABT,Watchlist,Watch,63,,,,,,,"['Research Score: 63', 'Trend: 20', 'Momentum: 26', 'Above 20-day SMA; Above 50-day SMA; Healthy distance above 20-day SMA; Healthy distance above 50-day SMA; MACD bullish; RSI in ideal bullish range; High liquidity; Above 20 SMA; Above 50 SMA; Momentum positive']",2026-06-30 20:10:20.489580,,,
ABBV,Long Put Candidate,Evaluate Options,85,,,,,,,"['Research Score: 80', 'Trend: 33', 'Momentum: 13', 'Above 20-day SMA; Above 50-day SMA; Above 200-day SMA; Extended above 20-day SMA; Extended above 50-day SMA; MACD bullish; RSI not favorable for bullish momentum; High liquidity; Above 20 SMA; Above 50 SMA; Above 200 SMA; Long-term trend positive; Momentum positive', 'No suitable option contract found']",2026-06-30 20:10:20.780594,,,
AMD,Watchlist,Watch,65,,,,,,,"['Research Score: 65', 'Trend: 33', 'Momentum: 15', 'Above 20-day SMA; Above 50-day SMA; Above 200-day SMA; Extended above 20-day SMA; Extended above 50-day SMA; RSI bullish but warming up; High liquidity; Above 20 SMA; Above 50 SMA; Above 200 SMA; Long-term trend positive']",2026-06-30 20:10:20.798127,,,
AES,Watchlist,Watch,62,,,,,,,"['Research Score: 62', 'Trend: 25', 'Momentum: 21', 'Above 50-day SMA; Above 200-day SMA; Healthy distance above 50-day SMA; RSI in ideal bullish range; High liquidity; Above 50 SMA; Above 200 SMA; Long-term trend positive']",2026-06-30 20:10:20.813583,,,
AFL,Long Put Candidate,Evaluate Options,85,,,,,,,"['Research Score: 95', 'Trend: 33', 'Momentum: 28', 'Above 20-day SMA; Above 50-day SMA; Above 200-day SMA; Healthy distance above 20-day SMA; Healthy distance above 50-day SMA; MACD bullish; RSI in ideal bullish range; Acceptable liquidity; Above 20 SMA; Above 50 SMA; Above 200 SMA; Long-term trend positive; Momentum positive', 'No suitable option contract found']",2026-06-30 20:10:21.263923,,,
A,Long Put Candidate,Evaluate Options,85,,,,,,,"['Research Score: 75', 'Trend: 33', 'Momentum: 25', 'Above 20-day SMA; Above 50-day SMA; Above 200-day SMA; Healthy distance above 20-day SMA; Healthy distance above 50-day SMA; RSI in ideal bullish range; Acceptable liquidity; Above 20 SMA; Above 50 SMA; Above 200 SMA; Long-term trend positive', 'No suitable option contract found']",2026-06-30 20:10:21.738061,,,
APD,Long Put Candidate,Evaluate Options,85,,,,,,,"['Research Score: 95', 'Trend: 33', 'Momentum: 28', 'Above 20-day SMA; Above 50-day SMA; Above 200-day SMA; Healthy distance above 20-day SMA; Healthy distance above 50-day SMA; MACD bullish; RSI in ideal bullish range; Acceptable liquidity; Above 20 SMA; Above 50 SMA; Above 200 SMA; Long-term trend positive; Momentum positive', 'No suitable option contract found']",2026-06-30 20:10:22.046913,,,
ABNB,Long Put Candidate,Evaluate Options,85,,,,,,,"['Research Score: 95', 'Trend: 33', 'Momentum: 28', 'Above 20-day SMA; Above 50-day SMA; Above 200-day SMA; Healthy distance above 20-day SMA; Healthy distance above 50-day SMA; MACD bullish; RSI in ideal bullish range; Acceptable liquidity; Above 20 SMA; Above 50 SMA; Above 200 SMA; Long-term trend positive; Momentum positive', 'No suitable option contract found']",2026-06-30 20:10:22.327372,,,
ARE,Watchlist,Watch,61,,,,,,,"['Research Score: 61', 'Trend: 20', 'Momentum: 24', 'Above 20-day SMA; Above 50-day SMA; Healthy distance above 20-day SMA; Healthy distance above 50-day SMA; MACD bullish; RSI in ideal bullish range; Acceptable liquidity; Above 20 SMA; Above 50 SMA; Momentum positive']",2026-06-30 20:10:22.353297,,,
ALLE,Watchlist,Watch,56,,,,,,,"['Research Score: 56', 'Trend: 20', 'Momentum: 19', 'Above 20-day SMA; Above 50-day SMA; Healthy distance above 50-day SMA; MACD bullish; RSI bullish but warming up; Acceptable liquidity; Above 20 SMA; Above 50 SMA; Momentum positive']",2026-06-30 20:10:22.384132,,,
LNT,Long Put Candidate,Evaluate Options,85,,,,,,,"['Research Score: 93', 'Trend: 33', 'Momentum: 27', 'Above 20-day SMA; Above 50-day SMA; Above 200-day SMA; Healthy distance above 20-day SMA; Healthy distance above 50-day SMA; MACD bullish; RSI bullish but warming up; Acceptable liquidity; Above 20 SMA; Above 50 SMA; Above 200 SMA; Long-term trend positive; Momentum positive', 'No suitable option contract found']",2026-06-30 20:10:22.678608,,,
ALL,Long Put Candidate,Evaluate Options,85,,,,,,,"['Research Score: 88', 'Trend: 33', 'Momentum: 21', 'Above 20-day SMA; Above 50-day SMA; Above 200-day SMA; Healthy distance above 50-day SMA; MACD bullish; RSI bullish but near overbought; Acceptable liquidity; Above 20 SMA; Above 50 SMA; Above 200 SMA; Long-term trend positive; Momentum positive', 'No suitable option contract found']",2026-06-30 20:10:22.986911,,,
GOOGL,Watchlist,Watch,56,,,,,,,"['Research Score: 56', 'Trend: 13', 'Momentum: 26', 'Below 20-day SMA; Below 50-day SMA; Healthy distance below 20-day SMA; Healthy distance below 50-day SMA; MACD bearish; RSI in ideal bearish range; High liquidity; Above 200 SMA; Long-term trend positive']",2026-06-30 20:10:23.007436,,,
GOOG,Watchlist,Watch,56,,,,,,,"['Research Score: 56', 'Trend: 13', 'Momentum: 26', 'Below 20-day SMA; Below 50-day SMA; Healthy distance below 20-day SMA; Healthy distance below 50-day SMA; MACD bearish; RSI in ideal bearish range; High liquidity; Above 200 SMA; Long-term trend positive']",2026-06-30 20:10:23.027280,,,
MO,Long Put Candidate,Evaluate Options,85,,,,,,,"['Research Score: 97', 'Trend: 33', 'Momentum: 30', 'Above 20-day SMA; Above 50-day SMA; Above 200-day SMA; Healthy distance above 20-day SMA; Healthy distance above 50-day SMA; MACD bullish; RSI in ideal bullish range; High liquidity; Above 20 SMA; Above 50 SMA; Above 200 SMA; Long-term trend positive; Momentum positive', 'No suitable option contract found']",2026-06-30 20:10:23.389847,,,
AMZN,Watchlist,Watch,56,,,,,,,"['Research Score: 56', 'Trend: 13', 'Momentum: 26', 'Below 20-day SMA; Below 50-day SMA; Healthy distance below 20-day SMA; Healthy distance below 50-day SMA; MACD bearish; RSI in ideal bearish range; High liquidity; Above 200 SMA; Long-term trend positive']",2026-06-30 20:10:23.411874,,,
AMCR,Long Put Candidate,Evaluate Options,85,,,,,,,"['Research Score: 84', 'Trend: 33', 'Momentum: 18', 'Above 20-day SMA; Above 50-day SMA; Above 200-day SMA; MACD bullish; RSI bullish but near overbought; Acceptable liquidity; Above 20 SMA; Above 50 SMA; Above 200 SMA; Long-term trend positive; Momentum positive', 'No suitable option contract found']",2026-06-30 20:10:23.683450,,,
AEE,Long Put Candidate,Evaluate Options,85,,,,,,,"['Research Score: 95', 'Trend: 33', 'Momentum: 28', 'Above 20-day SMA; Above 50-day SMA; Above 200-day SMA; Healthy distance above 20-day SMA; Healthy distance above 50-day SMA; MACD bullish; RSI in ideal bullish range; Acceptable liquidity; Above 20 SMA; Above 50 SMA; Above 200 SMA; Long-term trend positive; Momentum positive', 'No suitable option contract found']",2026-06-30 20:10:24.018017,,,
AEP,Long Put Candidate,Evaluate Options,85,,Long Put,Long Put,60821P,135.0,,"['Research Score: 95', 'Trend: 33', 'Momentum: 28', 'Above 20-day SMA; Above 50-day SMA; Above 200-day SMA; Healthy distance above 20-day SMA; Healthy distance above 50-day SMA; MACD bullish; RSI bullish but warming up; High liquidity; Above 20 SMA; Above 50 SMA; Above 200 SMA; Long-term trend positive; Momentum positive', 'Recommended premium: $3.65']",2026-06-30 20:10:24.511590,,,
AXP,Long Put Candidate,Evaluate Options,85,,,,,,,"['Research Score: 93', 'Trend: 33', 'Momentum: 27', 'Above 20-day SMA; Above 50-day SMA; Above 200-day SMA; Healthy distance above 20-day SMA; Healthy distance above 50-day SMA; MACD bullish; RSI bullish but warming up; Acceptable liquidity; Above 20 SMA; Above 50 SMA; Above 200 SMA; Long-term trend positive; Momentum positive', 'No suitable option contract found']",2026-06-30 20:10:24.834185,,,
AWK,Long Put Candidate,Evaluate Options,85,,,,,,,"['Research Score: 93', 'Trend: 33', 'Momentum: 27', 'Above 20-day SMA; Above 50-day SMA; Above 200-day SMA; Healthy distance above 20-day SMA; Healthy distance above 50-day SMA; MACD bullish; RSI bullish but warming up; Acceptable liquidity; Above 20 SMA; Above 50 SMA; Above 200 SMA; Long-term trend positive; Momentum positive', 'No suitable option contract found']",2026-06-30 20:10:25.127237,,,
AME,Long Put Candidate,Evaluate Options,85,,Long Put,Long Put,60821P,230.0,,"['Research Score: 93', 'Trend: 33', 'Momentum: 27', 'Above 20-day SMA; Above 50-day SMA; Above 200-day SMA; Healthy distance above 20-day SMA; Healthy distance above 50-day SMA; MACD bullish; RSI bullish but warming up; Acceptable liquidity; Above 20 SMA; Above 50 SMA; Above 200 SMA; Long-term trend positive; Momentum positive', 'Recommended premium: $5.80']",2026-06-30 20:10:25.580836,,,
AMGN,Long Put Candidate,Evaluate Options,85,,,,,,,"['Research Score: 93', 'Trend: 33', 'Momentum: 27', 'Above 20-day SMA; Above 50-day SMA; Above 200-day SMA; Healthy distance above 20-day SMA; Healthy distance above 50-day SMA; MACD bullish; RSI bullish but warming up; Acceptable liquidity; Above 20 SMA; Above 50 SMA; Above 200 SMA; Long-term trend positive; Momentum positive', 'No suitable option contract found']",2026-06-30 20:10:25.843542,,,
APH,Long Put Candidate,Evaluate Options,85,,Long Put,Long Put,60821P,165.0,,"['Research Score: 80', 'Trend: 33', 'Momentum: 13', 'Above 20-day SMA; Above 50-day SMA; Above 200-day SMA; Extended above 20-day SMA; Extended above 50-day SMA; MACD bullish; RSI not favorable for bullish momentum; High liquidity; Above 20 SMA; Above 50 SMA; Above 200 SMA; Long-term trend positive; Momentum positive', 'Recommended premium: $8.95']",2026-06-30 20:10:26.134276,,,
ADI,Watchlist,Watch,56,,,,,,,"['Research Score: 56', 'Trend: 13', 'Momentum: 26', 'Below 20-day SMA; Below 50-day SMA; Healthy distance below 20-day SMA; Healthy distance below 50-day SMA; MACD bearish; RSI in ideal bearish range; High liquidity; Above 200 SMA; Long-term trend positive']",2026-06-30 20:10:26.147621,,,
AON,Watchlist,Watch,61,,,,,,,"['Research Score: 61', 'Trend: 20', 'Momentum: 24', 'Above 20-day SMA; Above 50-day SMA; Healthy distance above 20-day SMA; Healthy distance above 50-day SMA; MACD bullish; RSI in ideal bullish range; Acceptable liquidity; Above 20 SMA; Above 50 SMA; Momentum positive']",2026-06-30 20:10:26.158916,,,
AAPL,Watchlist,Watch,56,,,,,,,"['Research Score: 56', 'Trend: 13', 'Momentum: 26', 'Below 20-day SMA; Below 50-day SMA; Healthy distance below 20-day SMA; Healthy distance below 50-day SMA; MACD bearish; RSI in ideal bearish range; High liquidity; Above 200 SMA; Long-term trend positive']",2026-06-30 20:10:26.171125,,,
AMAT,Long Put Candidate,Evaluate Options,85,,Long Put,Long Put,260731,670.0,,"['Research Score: 80', 'Trend: 33', 'Momentum: 13', 'Above 20-day SMA; Above 50-day SMA; Above 200-day SMA; Extended above 20-day SMA; Extended above 50-day SMA; MACD bullish; RSI not favorable for bullish momentum; High liquidity; Above 20 SMA; Above 50 SMA; Above 200 SMA; Long-term trend positive; Momentum positive', 'Recommended premium: $44.88']",2026-06-30 20:10:26.511061,,,
ACGL,Long Put Candidate,Evaluate Options,85,,,,,,,"['Research Score: 90', 'Trend: 33', 'Momentum: 23', 'Above 20-day SMA; Above 50-day SMA; Above 200-day SMA; Healthy distance above 50-day SMA; MACD bullish; RSI bullish but warming up; Acceptable liquidity; Above 20 SMA; Above 50 SMA; Above 200 SMA; Long-term trend positive; Momentum positive', 'No suitable option contract found']",2026-06-30 20:10:26.781370,,,
ANET,Long Put Candidate,Evaluate Options,85,,Long Put,Long Put,260731,167.5,,"['Research Score: 77', 'Trend: 33', 'Momentum: 27', 'Above 20-day SMA; Above 50-day SMA; Above 200-day SMA; Healthy distance above 20-day SMA; Healthy distance above 50-day SMA; RSI in ideal bullish range; High liquidity; Above 20 SMA; Above 50 SMA; Above 200 SMA; Long-term trend positive', 'Recommended premium: $9.32']",2026-06-30 20:10:27.063715,,,
AIZ,Long Put Candidate,Evaluate Options,85,,,,,,,"['Research Score: 89', 'Trend: 33', 'Momentum: 23', 'Above 20-day SMA; Above 50-day SMA; Above 200-day SMA; Healthy distance above 20-day SMA; Healthy distance above 50-day SMA; MACD bullish; RSI bullish but near overbought; Above 20 SMA; Above 50 SMA; Above 200 SMA; Long-term trend positive; Momentum positive', 'No suitable option contract found']",2026-06-30 20:10:27.602063,,,
AVB,Long Put Candidate,Evaluate Options,85,,,,,,,"['Research Score: 95', 'Trend: 33', 'Momentum: 28', 'Above 20-day SMA; Above 50-day SMA; Above 200-day SMA; Healthy distance above 20-day SMA; Healthy distance above 50-day SMA; MACD bullish; RSI in ideal bullish range; Acceptable liquidity; Above 20 SMA; Above 50 SMA; Above 200 SMA; Long-term trend positive; Momentum positive', 'No suitable option contract found']",2026-06-30 20:10:27.900988,,,
AVY,Watchlist,Watch,59,,,,,,,"['Research Score: 59', 'Trend: 20', 'Momentum: 23', 'Above 20-day SMA; Above 50-day SMA; Healthy distance above 20-day SMA; Healthy distance above 50-day SMA; MACD bullish; RSI in ideal bullish range; Above 20 SMA; Above 50 SMA; Momentum positive']",2026-06-30 20:10:27.920546,,,
AXON,Long Put Candidate,Evaluate Options,85,,,,,,,"['Research Score: 78', 'Trend: 33', 'Momentum: 12', 'Above 20-day SMA; Above 50-day SMA; Above 200-day SMA; Extended above 20-day SMA; Extended above 50-day SMA; MACD bullish; RSI not favorable for bullish momentum; Acceptable liquidity; Above 20 SMA; Above 50 SMA; Above 200 SMA; Long-term trend positive; Momentum positive', 'No suitable option contract found']",2026-06-30 20:10:28.245067,,,
BALL,Long Put Candidate,Evaluate Options,85,,Long Put,Long Put,260821,60.0,,"['Research Score: 83', 'Trend: 33', 'Momentum: 17', 'Above 20-day SMA; Above 50-day SMA; Above 200-day SMA; Extended above 20-day SMA; Healthy distance above 50-day SMA; MACD bullish; RSI not favorable for bullish momentum; Acceptable liquidity; Above 20 SMA; Above 50 SMA; Above 200 SMA; Long-term trend positive; Momentum positive', 'Recommended premium: $1.52']",2026-06-30 20:10:28.561189,,,
BAC,Long Put Candidate,Evaluate Options,85,,Long Put,Long Put,60731P,55.0,,"['Research Score: 95', 'Trend: 33', 'Momentum: 28', 'Above 20-day SMA; Above 50-day SMA; Above 200-day SMA; Healthy distance above 20-day SMA; Healthy distance above 50-day SMA; MACD bullish; RSI bullish but warming up; High liquidity; Above 20 SMA; Above 50 SMA; Above 200 SMA; Long-term trend positive; Momentum positive', 'Recommended premium: $0.84']",2026-06-30 20:10:29.029399,,,
BAX,Long Put Candidate,Evaluate Options,85,,,,,,,"['Research Score: 88', 'Trend: 33', 'Momentum: 22', 'Above 20-day SMA; Above 50-day SMA; Above 200-day SMA; MACD bullish; RSI bullish but warming up; High liquidity; Above 20 SMA; Above 50 SMA; Above 200 SMA; Long-term trend positive; Momentum positive', 'No suitable option contract found']",2026-06-30 20:10:29.355305,,,
BDX,Watchlist,Watch,61,,,,,,,"['Research Score: 61', 'Trend: 20', 'Momentum: 24', 'Above 20-day SMA; Above 50-day SMA; Healthy distance above 20-day SMA; Healthy distance above 50-day SMA; MACD bullish; RSI in ideal bullish range; Acceptable liquidity; Above 20 SMA; Above 50 SMA; Momentum positive']",2026-06-30 20:10:29.373199,,,
BRK-B,Long Put Candidate,Evaluate Options,85,,,,,,,"['Research Score: 95', 'Trend: 33', 'Momentum: 28', 'Above 20-day SMA; Above 50-day SMA; Above 200-day SMA; Healthy distance above 20-day SMA; Healthy distance above 50-day SMA; MACD bullish; RSI bullish but warming up; High liquidity; Above 20 SMA; Above 50 SMA; Above 200 SMA; Long-term trend positive; Momentum positive', 'No suitable option contract found']",2026-06-30 20:10:29.619405,,,
BBY,Long Put Candidate,Evaluate Options,85,,,,,,,"['Research Score: 72', 'Trend: 33', 'Momentum: 22', 'Above 20-day SMA; Above 50-day SMA; Above 200-day SMA; Healthy distance above 20-day SMA; RSI in ideal bullish range; Acceptable liquidity; Above 20 SMA; Above 50 SMA; Above 200 SMA; Long-term trend positive', 'No suitable option contract found']",2026-06-30 20:10:29.888136,,,
TECH,Long Put Candidate,Evaluate Options,85,,,,,,,"['Research Score: 80', 'Trend: 33', 'Momentum: 13', 'Above 20-day SMA; Above 50-day SMA; Above 200-day SMA; Extended above 20-day SMA; Extended above 50-day SMA; MACD bullish; RSI not favorable for bullish momentum; High liquidity; Above 20 SMA; Above 50 SMA; Above 200 SMA; Long-term trend positive; Momentum positive', 'No suitable option contract found']",2026-06-30 20:10:30.173509,,,
BIIB,Long Put Candidate,Evaluate Options,85,,,,,,,"['Research Score: 83', 'Trend: 33', 'Momentum: 16', 'Above 20-day SMA; Above 50-day SMA; Above 200-day SMA; Extended above 20-day SMA; MACD bullish; RSI bullish but near overbought; Acceptable liquidity; Above 20 SMA; Above 50 SMA; Above 200 SMA; Long-term trend positive; Momentum positive', 'No suitable option contract found']",2026-06-30 20:10:30.456049,,,
XYZ,Long Put Candidate,Evaluate Options,85,,Long Put,Long Put,60731P,75.0,,"['Research Score: 97', 'Trend: 33', 'Momentum: 30', 'Above 20-day SMA; Above 50-day SMA; Above 200-day SMA; Healthy distance above 20-day SMA; Healthy distance above 50-day SMA; MACD bullish; RSI in ideal bullish range; High liquidity; Above 20 SMA; Above 50 SMA; Above 200 SMA; Long-term trend positive; Momentum positive', 'Recommended premium: $3.33']",2026-06-30 20:10:30.875515,,,
BNY,Long Put Candidate,Evaluate Options,85,,,,,,,"['Research Score: 75', 'Trend: 33', 'Momentum: 25', 'Above 20-day SMA; Above 50-day SMA; Above 200-day SMA; Healthy distance above 20-day SMA; Healthy distance above 50-day SMA; RSI in ideal bullish range; Acceptable liquidity; Above 20 SMA; Above 50 SMA; Above 200 SMA; Long-term trend positive', 'No suitable option contract found']",2026-06-30 20:10:31.198460,,,
BKNG,Watchlist,Watch,63,,,,,,,"['Research Score: 63', 'Trend: 20', 'Momentum: 26', 'Above 20-day SMA; Above 50-day SMA; Healthy distance above 20-day SMA; Healthy distance above 50-day SMA; MACD bullish; RSI in ideal bullish range; High liquidity; Above 20 SMA; Above 50 SMA; Momentum positive']",2026-06-30 20:10:31.222957,,,
BMY,Long Put Candidate,Evaluate Options,85,,Long Put,Long Put,60731P,57.0,,"['Research Score: 97', 'Trend: 33', 'Momentum: 30', 'Above 20-day SMA; Above 50-day SMA; Above 200-day SMA; Healthy distance above 20-day SMA; Healthy distance above 50-day SMA; MACD bullish; RSI in ideal bullish range; High liquidity; Above 20 SMA; Above 50 SMA; Above 200 SMA; Long-term trend positive; Momentum positive', 'Recommended premium: $2.04']",2026-06-30 20:10:31.585619,,,
AVGO,Watchlist,Watch,56,,,,,,,"['Research Score: 56', 'Trend: 13', 'Momentum: 26', 'Below 20-day SMA; Below 50-day SMA; Healthy distance below 20-day SMA; Healthy distance below 50-day SMA; MACD bearish; RSI in ideal bearish range; High liquidity; Above 200 SMA; Long-term trend positive']",2026-06-30 20:10:31.602916,,,
BF-B,Watchlist,Watch,56,,,,,,,"['Research Score: 56', 'Trend: 20', 'Momentum: 19', 'Above 20-day SMA; Above 50-day SMA; Healthy distance above 20-day SMA; Healthy distance above 50-day SMA; MACD bullish; RSI improving but not bullish yet; Acceptable liquidity; Above 20 SMA; Above 50 SMA; Momentum positive']",2026-06-30 20:10:31.618982,,,
BXP,Long Put Candidate,Evaluate Options,85,,,,,,,"['Research Score: 73', 'Trend: 33', 'Momentum: 23', 'Above 20-day SMA; Above 50-day SMA; Above 200-day SMA; Healthy distance above 20-day SMA; Healthy distance above 50-day SMA; RSI bullish but warming up; Acceptable liquidity; Above 20 SMA; Above 50 SMA; Above 200 SMA; Long-term trend positive', 'No suitable option contract found']",2026-06-30 20:10:31.896791,,,
CHRW,Long Put Candidate,Evaluate Options,85,,Long Put,Long Put,260821,185.0,,"['Research Score: 75', 'Trend: 33', 'Momentum: 25', 'Above 20-day SMA; Above 50-day SMA; Above 200-day SMA; Healthy distance above 20-day SMA; Healthy distance above 50-day SMA; RSI in ideal bullish range; Acceptable liquidity; Above 20 SMA; Above 50 SMA; Above 200 SMA; Long-term trend positive', 'Recommended premium: $9.30']",2026-06-30 20:10:32.180952,,,
CDNS,Watchlist,Watch,59,,,,,,,"['Research Score: 59', 'Trend: 25', 'Momentum: 18', 'Below 20-day SMA; Healthy distance below 20-day SMA; MACD bearish; RSI in ideal bearish range; Acceptable liquidity; Above 50 SMA; Above 200 SMA; Long-term trend positive']",2026-06-30 20:10:32.199209,,,
CPT,Long Put Candidate,Evaluate Options,85,,,,,,,"['Research Score: 93', 'Trend: 33', 'Momentum: 27', 'Above 20-day SMA; Above 50-day SMA; Above 200-day SMA; Healthy distance above 20-day SMA; Healthy distance above 50-day SMA; MACD bullish; RSI bullish but warming up; Acceptable liquidity; Above 20 SMA; Above 50 SMA; Above 200 SMA; Long-term trend positive; Momentum positive', 'No suitable option contract found']",2026-06-30 20:10:32.504992,,,
COF,Watchlist,Watch,63,,,,,,,"['Research Score: 63', 'Trend: 20', 'Momentum: 26', 'Above 20-day SMA; Above 50-day SMA; Healthy distance above 20-day SMA; Healthy distance above 50-day SMA; MACD bullish; RSI in ideal bullish range; High liquidity; Above 20 SMA; Above 50 SMA; Momentum positive']",2026-06-30 20:10:32.523756,,,
CAH,Long Put Candidate,Evaluate Options,85,,,,,,,"['Research Score: 80', 'Trend: 33', 'Momentum: 13', 'Above 20-day SMA; Above 50-day SMA; Above 200-day SMA; Extended above 50-day SMA; MACD bullish; RSI not favorable for bullish momentum; Acceptable liquidity; Above 20 SMA; Above 50 SMA; Above 200 SMA; Long-term trend positive; Momentum positive', 'No suitable option contract found']",2026-06-30 20:10:32.871898,,,
CCL,Watchlist,Watch,62,,,,,,,"['Research Score: 62', 'Trend: 25', 'Momentum: 21', 'Above 50-day SMA; Above 200-day SMA; Healthy distance above 50-day SMA; RSI in ideal bullish range; High liquidity; Above 50 SMA; Above 200 SMA; Long-term trend positive']",2026-06-30 20:10:32.888706,,,
CARR,Long Put Candidate,Evaluate Options,85,,,,,,,"['Research Score: 95', 'Trend: 33', 'Momentum: 28', 'Above 20-day SMA; Above 50-day SMA; Above 200-day SMA; Healthy distance above 20-day SMA; Healthy distance above 50-day SMA; MACD bullish; RSI bullish but warming up; High liquidity; Above 20 SMA; Above 50 SMA; Above 200 SMA; Long-term trend positive; Momentum positive', 'No suitable option contract found']",2026-06-30 20:10:33.262724,,,
CAT,Long Put Candidate,Evaluate Options,85,,,,,,,"['Research Score: 81', 'Trend: 33', 'Momentum: 14', 'Above 20-day SMA; Above 50-day SMA; Above 200-day SMA; Extended above 20-day SMA; Extended above 50-day SMA; MACD bullish; RSI bullish but near overbought; Acceptable liquidity; Above 20 SMA; Above 50 SMA; Above 200 SMA; Long-term trend positive; Momentum positive', 'No suitable option contract found']",2026-06-30 20:10:33.630443,,,
CDW,Long Put Candidate,Evaluate Options,85,,,,,,,"['Research Score: 87', 'Trend: 33', 'Momentum: 20', 'Above 20-day SMA; Above 50-day SMA; Above 200-day SMA; MACD bullish; RSI bullish but warming up; Acceptable liquidity; Above 20 SMA; Above 50 SMA; Above 200 SMA; Long-term trend positive; Momentum positive', 'No suitable option contract found']",2026-06-30 20:10:33.902041,,,
COR,Watchlist,Watch,61,,,,,,,"['Research Score: 61', 'Trend: 20', 'Momentum: 24', 'Above 20-day SMA; Above 50-day SMA; Healthy distance above 20-day SMA; Healthy distance above 50-day SMA; MACD bullish; RSI in ideal bullish range; Acceptable liquidity; Above 20 SMA; Above 50 SMA; Momentum positive']",2026-06-30 20:10:33.919791,,,
CNC,Long Put Candidate,Evaluate Options,85,,,,,,,"['Research Score: 73', 'Trend: 33', 'Momentum: 23', 'Above 20-day SMA; Above 50-day SMA; Above 200-day SMA; Healthy distance above 20-day SMA; RSI in ideal bullish range; High liquidity; Above 20 SMA; Above 50 SMA; Above 200 SMA; Long-term trend positive', 'No suitable option contract found']",2026-06-30 20:10:34.176914,,,
CNP,Long Put Candidate,Evaluate Options,85,,,,,,,"['Research Score: 97', 'Trend: 33', 'Momentum: 30', 'Above 20-day SMA; Above 50-day SMA; Above 200-day SMA; Healthy distance above 20-day SMA; Healthy distance above 50-day SMA; MACD bullish; RSI in ideal bullish range; High liquidity; Above 20 SMA; Above 50 SMA; Above 200 SMA; Long-term trend positive; Momentum positive', 'No suitable option contract found']",2026-06-30 20:10:34.587041,,,
CF,Long Put Candidate,Evaluate Options,85,,,,,,,"['Research Score: 72', 'Trend: 22', 'Momentum: 17', 'Above 20-day SMA; Above 200-day SMA; Healthy distance above 20-day SMA; MACD bullish; RSI improving but not bullish yet; Acceptable liquidity; Above 20 SMA; Above 200 SMA; Long-term trend positive; Momentum positive', 'No suitable option contract found']",2026-06-30 20:10:34.907906,,,
CRL,Long Put Candidate,Evaluate Options,85,,,,,,,"['Research Score: 77', 'Trend: 33', 'Momentum: 10', 'Above 20-day SMA; Above 50-day SMA; Above 200-day SMA; Extended above 20-day SMA; Extended above 50-day SMA; MACD bullish; RSI not favorable for bullish momentum; Above 20 SMA; Above 50 SMA; Above 200 SMA; Long-term trend positive; Momentum positive', 'No suitable option contract found']",2026-06-30 20:10:35.175924,,,
SCHW,Watchlist,Watch,63,,,,,,,"['Research Score: 63', 'Trend: 20', 'Momentum: 26', 'Above 20-day SMA; Above 50-day SMA; Healthy distance above 20-day SMA; Healthy distance above 50-day SMA; MACD bullish; RSI in ideal bullish range; High liquidity; Above 20 SMA; Above 50 SMA; Momentum positive']",2026-06-30 20:10:35.195458,,,
CMG,Watchlist,Watch,56,,,,,,,"['Research Score: 56', 'Trend: 20', 'Momentum: 19', 'Above 20-day SMA; Above 50-day SMA; Extended above 20-day SMA; Healthy distance above 50-day SMA; MACD bullish; RSI bullish but warming up; High liquidity; Above 20 SMA; Above 50 SMA; Momentum positive']",2026-06-30 20:10:35.212331,,,
CB,Long Put Candidate,Evaluate Options,85,,,,,,,"['Research Score: 93', 'Trend: 33', 'Momentum: 27', 'Above 20-day SMA; Above 50-day SMA; Above 200-day SMA; Healthy distance above 20-day SMA; Healthy distance above 50-day SMA; MACD bullish; RSI bullish but warming up; Acceptable liquidity; Above 20 SMA; Above 50 SMA; Above 200 SMA; Long-term trend positive; Momentum positive', 'No suitable option contract found']",2026-06-30 20:10:35.564916,,,
CHD,Long Put Candidate,Evaluate Options,85,,Long Put,Long Put,60821P,95.0,,"['Research Score: 95', 'Trend: 33', 'Momentum: 28', 'Above 20-day SMA; Above 50-day SMA; Above 200-day SMA; Healthy distance above 20-day SMA; Healthy distance above 50-day SMA; MACD bullish; RSI in ideal bullish range; Acceptable liquidity; Above 20 SMA; Above 50 SMA; Above 200 SMA; Long-term trend positive; Momentum positive', 'Recommended premium: $2.55']",2026-06-30 20:10:35.883851,,,
CIEN,Long Put Candidate,Evaluate Options,85,,,,,,,"['Research Score: 77', 'Trend: 22', 'Momentum: 22', 'Above 20-day SMA; Above 200-day SMA; Healthy distance above 20-day SMA; MACD bullish; RSI in ideal bullish range; Acceptable liquidity; Above 20 SMA; Above 200 SMA; Long-term trend positive; Momentum positive', 'No suitable option contract found']",2026-06-30 20:10:36.206331,,,
CINF,Long Put Candidate,Evaluate Options,85,,,,,,,"['Research Score: 78', 'Trend: 33', 'Momentum: 12', 'Above 20-day SMA; Above 50-day SMA; Above 200-day SMA; Extended above 20-day SMA; MACD bullish; RSI not favorable for bullish momentum; Above 20 SMA; Above 50 SMA; Above 200 SMA; Long-term trend positive; Momentum positive', 'No suitable option contract found']",2026-06-30 20:10:36.506697,,,
CSCO,Watchlist,Watch,62,,,,,,,"['Research Score: 62', 'Trend: 25', 'Momentum: 21', 'Above 50-day SMA; Above 200-day SMA; Healthy distance above 50-day SMA; RSI in ideal bullish range; High liquidity; Above 50 SMA; Above 200 SMA; Long-term trend positive']",2026-06-30 20:10:36.530112,,,
C,Long Put Candidate,Evaluate Options,85,,Long Put,Long Put,731P00,135.0,,"['Research Score: 77', 'Trend: 33', 'Momentum: 27', 'Above 20-day SMA; Above 50-day SMA; Above 200-day SMA; Healthy distance above 20-day SMA; Healthy distance above 50-day SMA; RSI in ideal bullish range; High liquidity; Above 20 SMA; Above 50 SMA; Above 200 SMA; Long-term trend positive', 'Recommended premium: $3.25']",2026-06-30 20:10:36.859771,,,
CFG,Long Put Candidate,Evaluate Options,85,,,,,,,"['Research Score: 91', 'Trend: 33', 'Momentum: 24', 'Above 20-day SMA; Above 50-day SMA; Above 200-day SMA; Healthy distance above 20-day SMA; Healthy distance above 50-day SMA; MACD bullish; RSI bullish but near overbought; Acceptable liquidity; Above 20 SMA; Above 50 SMA; Above 200 SMA; Long-term trend positive; Momentum positive', 'No suitable option contract found']",2026-06-30 20:10:37.179417,,,
CLX,Watchlist,Watch,61,,,,,,,"['Research Score: 61', 'Trend: 20', 'Momentum: 24', 'Above 20-day SMA; Above 50-day SMA; Healthy distance above 20-day SMA; Healthy distance above 50-day SMA; MACD bullish; RSI in ideal bullish range; Acceptable liquidity; Above 20 SMA; Above 50 SMA; Momentum positive']",2026-06-30 20:10:37.199465,,,
CMS,Long Put Candidate,Evaluate Options,85,,,,,,,"['Research Score: 95', 'Trend: 33', 'Momentum: 28', 'Above 20-day SMA; Above 50-day SMA; Above 200-day SMA; Healthy distance above 20-day SMA; Healthy distance above 50-day SMA; MACD bullish; RSI in ideal bullish range; Acceptable liquidity; Above 20 SMA; Above 50 SMA; Above 200 SMA; Long-term trend positive; Momentum positive', 'No suitable option contract found']",2026-06-30 20:10:37.722202,,,
KO,Long Put Candidate,Evaluate Options,85,,Long Put,Long Put,0731P0,80.0,,"['Research Score: 97', 'Trend: 33', 'Momentum: 30', 'Above 20-day SMA; Above 50-day SMA; Above 200-day SMA; Healthy distance above 20-day SMA; Healthy distance above 50-day SMA; MACD bullish; RSI in ideal bullish range; High liquidity; Above 20 SMA; Above 50 SMA; Above 200 SMA; Long-term trend positive; Momentum positive', 'Recommended premium: $1.31']",2026-06-30 20:10:38.186392,,,
COHR,Long Put Candidate,Evaluate Options,85,,,,,,,"['Research Score: 77', 'Trend: 33', 'Momentum: 27', 'Above 20-day SMA; Above 50-day SMA; Above 200-day SMA; Healthy distance above 20-day SMA; Healthy distance above 50-day SMA; RSI in ideal bullish range; High liquidity; Above 20 SMA; Above 50 SMA; Above 200 SMA; Long-term trend positive', 'No suitable option contract found']",2026-06-30 20:10:38.475381,,,
CL,Long Put Candidate,Evaluate Options,85,,,,,,,"['Research Score: 97', 'Trend: 33', 'Momentum: 30', 'Above 20-day SMA; Above 50-day SMA; Above 200-day SMA; Healthy distance above 20-day SMA; Healthy distance above 50-day SMA; MACD bullish; RSI in ideal bullish range; High liquidity; Above 20 SMA; Above 50 SMA; Above 200 SMA; Long-term trend positive; Momentum positive', 'No suitable option contract found']",2026-06-30 20:10:38.905676,,,
FIX,Long Put Candidate,Evaluate Options,85,,,,,,,"['Research Score: 93', 'Trend: 33', 'Momentum: 27', 'Above 20-day SMA; Above 50-day SMA; Above 200-day SMA; Healthy distance above 20-day SMA; Healthy distance above 50-day SMA; MACD bullish; RSI in ideal bullish range; Above 20 SMA; Above 50 SMA; Above 200 SMA; Long-term trend positive; Momentum positive', 'No suitable option contract found']",2026-06-30 20:10:39.633739,,,
ED,Long Put Candidate,Evaluate Options,85,,Long Put,Long Put,0821P0,110.0,,"['Research Score: 95', 'Trend: 33', 'Momentum: 28', 'Above 20-day SMA; Above 50-day SMA; Above 200-day SMA; Healthy distance above 20-day SMA; Healthy distance above 50-day SMA; MACD bullish; RSI in ideal bullish range; Acceptable liquidity; Above 20 SMA; Above 50 SMA; Above 200 SMA; Long-term trend positive; Momentum positive', 'Recommended premium: $2.88']",2026-06-30 20:10:40.053125,,,
GLW,Long Put Candidate,Evaluate Options,85,,Long Put,Long Put,60731P,230.0,,"['Research Score: 83', 'Trend: 33', 'Momentum: 16', 'Above 20-day SMA; Above 50-day SMA; Above 200-day SMA; Extended above 20-day SMA; Extended above 50-day SMA; MACD bullish; RSI bullish but near overbought; High liquidity; Above 20 SMA; Above 50 SMA; Above 200 SMA; Long-term trend positive; Momentum positive', 'Recommended premium: $16.18']",2026-06-30 20:10:40.427524,,,
CTVA,Long Put Candidate,Evaluate Options,85,,,,,,,"['Research Score: 83', 'Trend: 33', 'Momentum: 17', 'Above 20-day SMA; Above 50-day SMA; Above 200-day SMA; Extended above 20-day SMA; Healthy distance above 50-day SMA; MACD bullish; RSI not favorable for bullish momentum; Acceptable liquidity; Above 20 SMA; Above 50 SMA; Above 200 SMA; Long-term trend positive; Momentum positive', 'No suitable option contract found']",2026-06-30 20:10:40.722934,,,
CRWD,Long Put Candidate,Evaluate Options,85,,,,,,,"['Research Score: 78', 'Trend: 33', 'Momentum: 12', 'Above 20-day SMA; Above 50-day SMA; Above 200-day SMA; Extended above 20-day SMA; Extended above 50-day SMA; MACD bullish; RSI not favorable for bullish momentum; Acceptable liquidity; Above 20 SMA; Above 50 SMA; Above 200 SMA; Long-term trend positive; Momentum positive', 'No suitable option contract found']",2026-06-30 20:10:41.166061,,,
CSX,Long Put Candidate,Evaluate Options,85,,,,,,,"['Research Score: 97', 'Trend: 33', 'Momentum: 30', 'Above 20-day SMA; Above 50-day SMA; Above 200-day SMA; Healthy distance above 20-day SMA; Healthy distance above 50-day SMA; MACD bullish; RSI in ideal bullish range; High liquidity; Above 20 SMA; Above 50 SMA; Above 200 SMA; Long-term trend positive; Momentum positive', 'No suitable option contract found']",2026-06-30 20:10:41.505591,,,
CMI,Long Put Candidate,Evaluate Options,85,,,,,,,"['Research Score: 95', 'Trend: 33', 'Momentum: 28', 'Above 20-day SMA; Above 50-day SMA; Above 200-day SMA; Healthy distance above 20-day SMA; Healthy distance above 50-day SMA; MACD bullish; RSI in ideal bullish range; Acceptable liquidity; Above 20 SMA; Above 50 SMA; Above 200 SMA; Long-term trend positive; Momentum positive', 'No suitable option contract found']",2026-06-30 20:10:42.056502,,,
CVS,Long Put Candidate,Evaluate Options,85,,,,,,,"['Research Score: 89', 'Trend: 33', 'Momentum: 23', 'Above 20-day SMA; Above 50-day SMA; Above 200-day SMA; Healthy distance above 20-day SMA; MACD bullish; RSI bullish but near overbought; High liquidity; Above 20 SMA; Above 50 SMA; Above 200 SMA; Long-term trend positive; Momentum positive', 'No suitable option contract found']",2026-06-30 20:10:42.442208,,,
DHR,Watchlist,Watch,61,,,,,,,"['Research Score: 61', 'Trend: 20', 'Momentum: 24', 'Above 20-day SMA; Above 50-day SMA; Healthy distance above 20-day SMA; Healthy distance above 50-day SMA; MACD bullish; RSI in ideal bullish range; Acceptable liquidity; Above 20 SMA; Above 50 SMA; Momentum positive']",2026-06-30 20:10:42.461596,,,
DRI,Watchlist,Watch,59,,,,,,,"['Research Score: 59', 'Trend: 25', 'Momentum: 18', 'Below 20-day SMA; Healthy distance below 20-day SMA; MACD bearish; RSI in ideal bearish range; Acceptable liquidity; Above 50 SMA; Above 200 SMA; Long-term trend positive']",2026-06-30 20:10:42.477557,,,
DDOG,Long Put Candidate,Evaluate Options,85,,,,,,,"['Research Score: 80', 'Trend: 33', 'Momentum: 13', 'Above 20-day SMA; Above 50-day SMA; Above 200-day SMA; Extended above 20-day SMA; Extended above 50-day SMA; MACD bullish; RSI not favorable for bullish momentum; High liquidity; Above 20 SMA; Above 50 SMA; Above 200 SMA; Long-term trend positive; Momentum positive', 'No suitable option contract found']",2026-06-30 20:10:42.747219,,,
DVA,Long Put Candidate,Evaluate Options,85,,,,,,,"['Research Score: 77', 'Trend: 33', 'Momentum: 10', 'Above 20-day SMA; Above 50-day SMA; Above 200-day SMA; Extended above 20-day SMA; Extended above 50-day SMA; MACD bullish; RSI not favorable for bullish momentum; Above 20 SMA; Above 50 SMA; Above 200 SMA; Long-term trend positive; Momentum positive', 'No suitable option contract found']",2026-06-30 20:10:43.001477,,,
DE,Long Put Candidate,Evaluate Options,85,,,,,,,"['Research Score: 84', 'Trend: 33', 'Momentum: 18', 'Above 20-day SMA; Above 50-day SMA; Above 200-day SMA; MACD bullish; RSI bullish but near overbought; Acceptable liquidity; Above 20 SMA; Above 50 SMA; Above 200 SMA; Long-term trend positive; Momentum positive', 'No suitable option contract found']",2026-06-30 20:10:43.456411,,,
DELL,Watchlist,Watch,67,,,,,,,"['Research Score: 67', 'Trend: 33', 'Momentum: 17', 'Above 20-day SMA; Above 50-day SMA; Above 200-day SMA; Extended above 50-day SMA; RSI bullish but warming up; High liquidity; Above 20 SMA; Above 50 SMA; Above 200 SMA; Long-term trend positive']",2026-06-30 20:10:43.477893,,,
DAL,Long Put Candidate,Evaluate Options,85,,,,,,,"['Research Score: 80', 'Trend: 33', 'Momentum: 13', 'Above 20-day SMA; Above 50-day SMA; Above 200-day SMA; Extended above 20-day SMA; Extended above 50-day SMA; MACD bullish; RSI not favorable for bullish momentum; High liquidity; Above 20 SMA; Above 50 SMA; Above 200 SMA; Long-term trend positive; Momentum positive', 'No suitable option contract found']",2026-06-30 20:10:43.795571,,,
DG,Watchlist,Watch,61,,,,,,,"['Research Score: 61', 'Trend: 20', 'Momentum: 24', 'Above 20-day SMA; Above 50-day SMA; Healthy distance above 20-day SMA; Healthy distance above 50-day SMA; MACD bullish; RSI in ideal bullish range; Acceptable liquidity; Above 20 SMA; Above 50 SMA; Momentum positive']",2026-06-30 20:10:43.821032,,,
DLTR,Long Put Candidate,Evaluate Options,85,,,,,,,"['Research Score: 85', 'Trend: 33', 'Momentum: 18', 'Above 20-day SMA; Above 50-day SMA; Above 200-day SMA; Extended above 50-day SMA; MACD bullish; RSI bullish but warming up; Acceptable liquidity; Above 20 SMA; Above 50 SMA; Above 200 SMA; Long-term trend positive; Momentum positive', 'No suitable option contract found']",2026-06-30 20:10:44.080540,,,
D,Long Put Candidate,Evaluate Options,85,,Long Put,Long Put,821P00,67.5,,"['Research Score: 77', 'Trend: 33', 'Momentum: 27', 'Above 20-day SMA; Above 50-day SMA; Above 200-day SMA; Healthy distance above 20-day SMA; Healthy distance above 50-day SMA; RSI in ideal bullish range; High liquidity; Above 20 SMA; Above 50 SMA; Above 200 SMA; Long-term trend positive', 'Recommended premium: $1.60']",2026-06-30 20:10:44.436816,,,
DOV,Long Put Candidate,Evaluate Options,85,,,,,,,"['Research Score: 95', 'Trend: 33', 'Momentum: 28', 'Above 20-day SMA; Above 50-day SMA; Above 200-day SMA; Healthy distance above 20-day SMA; Healthy distance above 50-day SMA; MACD bullish; RSI in ideal bullish range; Acceptable liquidity; Above 20 SMA; Above 50 SMA; Above 200 SMA; Long-term trend positive; Momentum positive', 'No suitable option contract found']",2026-06-30 20:10:44.799063,,,
DHI,Long Put Candidate,Evaluate Options,85,,,,,,,"['Research Score: 90', 'Trend: 33', 'Momentum: 23', 'Above 20-day SMA; Above 50-day SMA; Above 200-day SMA; Healthy distance above 50-day SMA; MACD bullish; RSI bullish but warming up; Acceptable liquidity; Above 20 SMA; Above 50 SMA; Above 200 SMA; Long-term trend positive; Momentum positive', 'No suitable option contract found']",2026-06-30 20:10:45.130721,,,
DTE,Long Put Candidate,Evaluate Options,85,,,,,,,"['Research Score: 93', 'Trend: 33', 'Momentum: 27', 'Above 20-day SMA; Above 50-day SMA; Above 200-day SMA; Healthy distance above 20-day SMA; Healthy distance above 50-day SMA; MACD bullish; RSI bullish but warming up; Acceptable liquidity; Above 20 SMA; Above 50 SMA; Above 200 SMA; Long-term trend positive; Momentum positive', 'No suitable option contract found']",2026-06-30 20:10:45.616372,,,
DUK,Long Put Candidate,Evaluate Options,85,,Long Put,Long Put,60821P,125.0,,"['Research Score: 95', 'Trend: 33', 'Momentum: 28', 'Above 20-day SMA; Above 50-day SMA; Above 200-day SMA; Healthy distance above 20-day SMA; Healthy distance above 50-day SMA; MACD bullish; RSI in ideal bullish range; Acceptable liquidity; Above 20 SMA; Above 50 SMA; Above 200 SMA; Long-term trend positive; Momentum positive', 'Recommended premium: $2.83']",2026-06-30 20:10:45.937956,,,
ETN,Long Put Candidate,Evaluate Options,85,,,,,,,"['Research Score: 95', 'Trend: 33', 'Momentum: 28', 'Above 20-day SMA; Above 50-day SMA; Above 200-day SMA; Healthy distance above 20-day SMA; Healthy distance above 50-day SMA; MACD bullish; RSI in ideal bullish range; Acceptable liquidity; Above 20 SMA; Above 50 SMA; Above 200 SMA; Long-term trend positive; Momentum positive', 'No suitable option contract found']",2026-06-30 20:10:46.402464,,,
EBAY,Long Put Candidate,Evaluate Options,85,,,,,,,"['Research Score: 95', 'Trend: 33', 'Momentum: 28', 'Above 20-day SMA; Above 50-day SMA; Above 200-day SMA; Healthy distance above 20-day SMA; Healthy distance above 50-day SMA; MACD bullish; RSI in ideal bullish range; Acceptable liquidity; Above 20 SMA; Above 50 SMA; Above 200 SMA; Long-term trend positive; Momentum positive', 'No suitable option contract found']",2026-06-30 20:10:46.717774,,,
ECL,Long Put Candidate,Evaluate Options,85,,,,,,,"['Research Score: 93', 'Trend: 33', 'Momentum: 27', 'Above 20-day SMA; Above 50-day SMA; Above 200-day SMA; Healthy distance above 20-day SMA; Healthy distance above 50-day SMA; MACD bullish; RSI bullish but warming up; Acceptable liquidity; Above 20 SMA; Above 50 SMA; Above 200 SMA; Long-term trend positive; Momentum positive', 'No suitable option contract found']",2026-06-30 20:10:47.054222,,,
EIX,Long Put Candidate,Evaluate Options,85,,,,,,,"['Research Score: 95', 'Trend: 33', 'Momentum: 28', 'Above 20-day SMA; Above 50-day SMA; Above 200-day SMA; Healthy distance above 20-day SMA; Healthy distance above 50-day SMA; MACD bullish; RSI in ideal bullish range; Acceptable liquidity; Above 20 SMA; Above 50 SMA; Above 200 SMA; Long-term trend positive; Momentum positive', 'No suitable option contract found']",2026-06-30 20:10:47.584039,,,
EW,Long Put Candidate,Evaluate Options,85,,,,,,,"['Research Score: 93', 'Trend: 33', 'Momentum: 27', 'Above 20-day SMA; Above 50-day SMA; Above 200-day SMA; Healthy distance above 20-day SMA; Healthy distance above 50-day SMA; MACD bullish; RSI bullish but warming up; Acceptable liquidity; Above 20 SMA; Above 50 SMA; Above 200 SMA; Long-term trend positive; Momentum positive', 'No suitable option contract found']",2026-06-30 20:10:47.852201,,,
EA,Long Put Candidate,Evaluate Options,85,,,,,,,"['Research Score: 91', 'Trend: 33', 'Momentum: 24', 'Above 20-day SMA; Above 50-day SMA; Above 200-day SMA; Healthy distance above 20-day SMA; Healthy distance above 50-day SMA; MACD bullish; RSI bullish but near overbought; Acceptable liquidity; Above 20 SMA; Above 50 SMA; Above 200 SMA; Long-term trend positive; Momentum positive', 'No suitable option contract found']",2026-06-30 20:10:48.123559,,,
ELV,Watchlist,Watch,59,,,,,,,"['Research Score: 59', 'Trend: 25', 'Momentum: 18', 'Below 20-day SMA; Healthy distance below 20-day SMA; MACD bearish; RSI in ideal bearish range; Acceptable liquidity; Above 50 SMA; Above 200 SMA; Long-term trend positive']",2026-06-30 20:10:48.149499,,,
EME,Watchlist,Watch,55,,,,,,,"['Research Score: 55', 'Trend: 22', 'Momentum: 17', 'Below 50-day SMA; Healthy distance below 50-day SMA; MACD bearish; RSI in ideal bearish range; Above 20 SMA; Above 200 SMA; Long-term trend positive']",2026-06-30 20:10:48.172642,,,
EMR,Watchlist,Watch,61,,,,,,,"['Research Score: 61', 'Trend: 25', 'Momentum: 19', 'Above 50-day SMA; Above 200-day SMA; Healthy distance above 50-day SMA; RSI in ideal bullish range; Acceptable liquidity; Above 50 SMA; Above 200 SMA; Long-term trend positive']",2026-06-30 20:10:48.194651,,,
ETR,Long Put Candidate,Evaluate Options,85,,,,,,,"['Research Score: 95', 'Trend: 33', 'Momentum: 28', 'Above 20-day SMA; Above 50-day SMA; Above 200-day SMA; Healthy distance above 20-day SMA; Healthy distance above 50-day SMA; MACD bullish; RSI in ideal bullish range; Acceptable liquidity; Above 20 SMA; Above 50 SMA; Above 200 SMA; Long-term trend positive; Momentum positive', 'No suitable option contract found']",2026-06-30 20:10:48.578160,,,
EQR,Long Put Candidate,Evaluate Options,85,,,,,,,"['Research Score: 93', 'Trend: 33', 'Momentum: 27', 'Above 20-day SMA; Above 50-day SMA; Above 200-day SMA; Healthy distance above 20-day SMA; Healthy distance above 50-day SMA; MACD bullish; RSI bullish but warming up; Acceptable liquidity; Above 20 SMA; Above 50 SMA; Above 200 SMA; Long-term trend positive; Momentum positive', 'No suitable option contract found']",2026-06-30 20:10:48.930392,,,
ESS,Long Put Candidate,Evaluate Options,85,,,,,,,"['Research Score: 92', 'Trend: 33', 'Momentum: 25', 'Above 20-day SMA; Above 50-day SMA; Above 200-day SMA; Healthy distance above 20-day SMA; Healthy distance above 50-day SMA; MACD bullish; RSI bullish but warming up; Above 20 SMA; Above 50 SMA; Above 200 SMA; Long-term trend positive; Momentum positive', 'No suitable option contract found']",2026-06-30 20:10:49.224886,,,
EG,Long Put Candidate,Evaluate Options,85,,,,,,,"['Research Score: 86', 'Trend: 33', 'Momentum: 19', 'Above 20-day SMA; Above 50-day SMA; Above 200-day SMA; Healthy distance above 50-day SMA; MACD bullish; RSI bullish but near overbought; Above 20 SMA; Above 50 SMA; Above 200 SMA; Long-term trend positive; Momentum positive', 'No suitable option contract found']",2026-06-30 20:10:49.561813,,,
EVRG,Long Put Candidate,Evaluate Options,85,,,,,,,"['Research Score: 93', 'Trend: 33', 'Momentum: 27', 'Above 20-day SMA; Above 50-day SMA; Above 200-day SMA; Healthy distance above 20-day SMA; Healthy distance above 50-day SMA; MACD bullish; RSI bullish but warming up; Acceptable liquidity; Above 20 SMA; Above 50 SMA; Above 200 SMA; Long-term trend positive; Momentum positive', 'No suitable option contract found']",2026-06-30 20:10:50.014133,,,
ES,Long Put Candidate,Evaluate Options,85,,,,,,,"['Research Score: 95', 'Trend: 33', 'Momentum: 28', 'Above 20-day SMA; Above 50-day SMA; Above 200-day SMA; Healthy distance above 20-day SMA; Healthy distance above 50-day SMA; MACD bullish; RSI in ideal bullish range; Acceptable liquidity; Above 20 SMA; Above 50 SMA; Above 200 SMA; Long-term trend positive; Momentum positive', 'No suitable option contract found']",2026-06-30 20:10:50.320699,,,
EXC,Long Put Candidate,Evaluate Options,85,,,,,,,"['Research Score: 97', 'Trend: 33', 'Momentum: 30', 'Above 20-day SMA; Above 50-day SMA; Above 200-day SMA; Healthy distance above 20-day SMA; Healthy distance above 50-day SMA; MACD bullish; RSI in ideal bullish range; High liquidity; Above 20 SMA; Above 50 SMA; Above 200 SMA; Long-term trend positive; Momentum positive', 'No suitable option contract found']",2026-06-30 20:10:50.637421,,,
EXPE,Long Put Candidate,Evaluate Options,85,,,,,,,"['Research Score: 92', 'Trend: 33', 'Momentum: 25', 'Above 20-day SMA; Above 50-day SMA; Above 200-day SMA; Healthy distance above 50-day SMA; MACD bullish; RSI in ideal bullish range; Acceptable liquidity; Above 20 SMA; Above 50 SMA; Above 200 SMA; Long-term trend positive; Momentum positive', 'No suitable option contract found']",2026-06-30 20:10:50.955266,,,
EXPD,Long Put Candidate,Evaluate Options,85,,Long Put,Long Put,260821,160.0,,"['Research Score: 75', 'Trend: 33', 'Momentum: 25', 'Above 20-day SMA; Above 50-day SMA; Above 200-day SMA; Healthy distance above 20-day SMA; Healthy distance above 50-day SMA; RSI in ideal bullish range; Acceptable liquidity; Above 20 SMA; Above 50 SMA; Above 200 SMA; Long-term trend positive', 'Recommended premium: $5.95']",2026-06-30 20:10:51.471325,,,
EXR,Watchlist,Watch,61,,,,,,,"['Research Score: 61', 'Trend: 25', 'Momentum: 19', 'Above 50-day SMA; Above 200-day SMA; Healthy distance above 50-day SMA; RSI in ideal bullish range; Acceptable liquidity; Above 50 SMA; Above 200 SMA; Long-term trend positive']",2026-06-30 20:10:51.491808,,,
FFIV,Watchlist,Watch,63,,,,,,,"['Research Score: 63', 'Trend: 33', 'Momentum: 13', 'Above 20-day SMA; Above 50-day SMA; Above 200-day SMA; RSI bullish but near overbought; Above 20 SMA; Above 50 SMA; Above 200 SMA; Long-term trend positive']",2026-06-30 20:10:51.509480,,,
FICO,Watchlist,Watch,59,,,,,,,"['Research Score: 59', 'Trend: 20', 'Momentum: 23', 'Above 20-day SMA; Above 50-day SMA; Healthy distance above 20-day SMA; Healthy distance above 50-day SMA; MACD bullish; RSI in ideal bullish range; Above 20 SMA; Above 50 SMA; Momentum positive']",2026-06-30 20:10:51.530301,,,
FAST,Long Put Candidate,Evaluate Options,85,,,,,,,"['Research Score: 95', 'Trend: 33', 'Momentum: 28', 'Above 20-day SMA; Above 50-day SMA; Above 200-day SMA; Healthy distance above 20-day SMA; Healthy distance above 50-day SMA; MACD bullish; RSI bullish but warming up; High liquidity; Above 20 SMA; Above 50 SMA; Above 200 SMA; Long-term trend positive; Momentum positive', 'No suitable option contract found']",2026-06-30 20:10:51.835045,,,
FRT,Long Put Candidate,Evaluate Options,85,,,,,,,"['Research Score: 75', 'Trend: 33', 'Momentum: 25', 'Above 20-day SMA; Above 50-day SMA; Above 200-day SMA; Healthy distance above 20-day SMA; Healthy distance above 50-day SMA; RSI in ideal bullish range; Acceptable liquidity; Above 20 SMA; Above 50 SMA; Above 200 SMA; Long-term trend positive', 'No suitable option contract found']",2026-06-30 20:10:52.165968,,,
FITB,Long Put Candidate,Evaluate Options,85,,,,,,,"['Research Score: 86', 'Trend: 33', 'Momentum: 19', 'Above 20-day SMA; Above 50-day SMA; Above 200-day SMA; MACD bullish; RSI bullish but near overbought; High liquidity; Above 20 SMA; Above 50 SMA; Above 200 SMA; Long-term trend positive; Momentum positive', 'No suitable option contract found']",2026-06-30 20:10:52.558586,,,
FE,Long Put Candidate,Evaluate Options,85,,,,,,,"['Research Score: 95', 'Trend: 33', 'Momentum: 28', 'Above 20-day SMA; Above 50-day SMA; Above 200-day SMA; Healthy distance above 20-day SMA; Healthy distance above 50-day SMA; MACD bullish; RSI in ideal bullish range; Acceptable liquidity; Above 20 SMA; Above 50 SMA; Above 200 SMA; Long-term trend positive; Momentum positive', 'No suitable option contract found']",2026-06-30 20:10:52.851605,,,
FLEX,Watchlist,Watch,67,,,,,,,"['Research Score: 67', 'Trend: 33', 'Momentum: 17', 'Above 20-day SMA; Above 50-day SMA; Above 200-day SMA; Extended above 50-day SMA; RSI bullish but warming up; High liquidity; Above 20 SMA; Above 50 SMA; Above 200 SMA; Long-term trend positive']",2026-06-30 20:10:52.873230,,,
F,Watchlist,Watch,61,,,,,,,"['Research Score: 61', 'Trend: 25', 'Momentum: 19', 'Below 20-day SMA; Healthy distance below 20-day SMA; MACD bearish; RSI in ideal bearish range; High liquidity; Above 50 SMA; Above 200 SMA; Long-term trend positive']",2026-06-30 20:10:52.890781,,,
FTNT,Watchlist,Watch,68,,,,,,,"['Research Score: 68', 'Trend: 33', 'Momentum: 18', 'Above 20-day SMA; Above 50-day SMA; Above 200-day SMA; Healthy distance above 20-day SMA; Extended above 50-day SMA; RSI bullish but near overbought; High liquidity; Above 20 SMA; Above 50 SMA; Above 200 SMA; Long-term trend positive']",2026-06-30 20:10:52.908404,,,
FTV,Long Put Candidate,Evaluate Options,85,,,,,,,"['Research Score: 75', 'Trend: 33', 'Momentum: 25', 'Above 20-day SMA; Above 50-day SMA; Above 200-day SMA; Healthy distance above 20-day SMA; Healthy distance above 50-day SMA; RSI in ideal bullish range; Acceptable liquidity; Above 20 SMA; Above 50 SMA; Above 200 SMA; Long-term trend positive', 'No suitable option contract found']",2026-06-30 20:10:53.212577,,,
BEN,Long Put Candidate,Evaluate Options,85,,,,,,,"['Research Score: 73', 'Trend: 33', 'Momentum: 23', 'Above 20-day SMA; Above 50-day SMA; Above 200-day SMA; Healthy distance above 20-day SMA; Healthy distance above 50-day SMA; RSI bullish but warming up; Acceptable liquidity; Above 20 SMA; Above 50 SMA; Above 200 SMA; Long-term trend positive', 'No suitable option contract found']",2026-06-30 20:10:53.517106,,,
FCX,Watchlist,Watch,56,,,,,,,"['Research Score: 56', 'Trend: 13', 'Momentum: 26', 'Below 20-day SMA; Below 50-day SMA; Healthy distance below 20-day SMA; Healthy distance below 50-day SMA; MACD bearish; RSI in ideal bearish range; High liquidity; Above 200 SMA; Long-term trend positive']",2026-06-30 20:10:53.537416,,,
GRMN,Long Put Candidate,Evaluate Options,85,,,,,,,"['Research Score: 75', 'Trend: 22', 'Momentum: 20', 'Above 20-day SMA; Above 200-day SMA; Healthy distance above 20-day SMA; MACD bullish; RSI in ideal bullish range; Above 20 SMA; Above 200 SMA; Long-term trend positive; Momentum positive', 'No suitable option contract found']",2026-06-30 20:10:53.802001,,,
GE,Long Put Candidate,Evaluate Options,85,,Long Put,Long Put,0731P0,350.0,,"['Research Score: 80', 'Trend: 33', 'Momentum: 13', 'Above 20-day SMA; Above 50-day SMA; Above 200-day SMA; Extended above 20-day SMA; Extended above 50-day SMA; MACD bullish; RSI not favorable for bullish momentum; High liquidity; Above 20 SMA; Above 50 SMA; Above 200 SMA; Long-term trend positive; Momentum positive', 'Recommended premium: $8.15']",2026-06-30 20:10:54.239577,,,
GEV,Long Put Candidate,Evaluate Options,85,,,,,,,"['Research Score: 85', 'Trend: 33', 'Momentum: 18', 'Above 20-day SMA; Above 50-day SMA; Above 200-day SMA; Extended above 20-day SMA; MACD bullish; RSI bullish but warming up; Acceptable liquidity; Above 20 SMA; Above 50 SMA; Above 200 SMA; Long-term trend positive; Momentum positive', 'No suitable option contract found']",2026-06-30 20:10:54.625447,,,
GEN,Long Put Candidate,Evaluate Options,85,,,,,,,"['Research Score: 77', 'Trend: 33', 'Momentum: 27', 'Above 20-day SMA; Above 50-day SMA; Above 200-day SMA; Healthy distance above 20-day SMA; Healthy distance above 50-day SMA; RSI in ideal bullish range; High liquidity; Above 20 SMA; Above 50 SMA; Above 200 SMA; Long-term trend positive', 'No suitable option contract found']",2026-06-30 20:10:54.887127,,,
GNRC,Long Put Candidate,Evaluate Options,85,,,,,,,"['Research Score: 87', 'Trend: 33', 'Momentum: 20', 'Above 20-day SMA; Above 50-day SMA; Above 200-day SMA; MACD bullish; RSI in ideal bullish range; Above 20 SMA; Above 50 SMA; Above 200 SMA; Long-term trend positive; Momentum positive', 'No suitable option contract found']",2026-06-30 20:10:55.192165,,,
GD,Long Put Candidate,Evaluate Options,85,,,,,,,"['Research Score: 75', 'Trend: 33', 'Momentum: 25', 'Above 20-day SMA; Above 50-day SMA; Above 200-day SMA; Healthy distance above 20-day SMA; Healthy distance above 50-day SMA; RSI in ideal bullish range; Acceptable liquidity; Above 20 SMA; Above 50 SMA; Above 200 SMA; Long-term trend positive', 'No suitable option contract found']",2026-06-30 20:10:55.548070,,,
GIS,Watchlist,Watch,63,,,,,,,"['Research Score: 63', 'Trend: 20', 'Momentum: 26', 'Above 20-day SMA; Above 50-day SMA; Healthy distance above 20-day SMA; Healthy distance above 50-day SMA; MACD bullish; RSI in ideal bullish range; High liquidity; Above 20 SMA; Above 50 SMA; Momentum positive']",2026-06-30 20:10:55.565273,,,
GM,Watchlist,Watch,56,,,,,,,"['Research Score: 56', 'Trend: 13', 'Momentum: 26', 'Below 20-day SMA; Below 50-day SMA; Healthy distance below 20-day SMA; Healthy distance below 50-day SMA; MACD bearish; RSI in ideal bearish range; High liquidity; Above 200 SMA; Long-term trend positive']",2026-06-30 20:10:55.577783,,,
GPN,Watchlist,Watch,56,,,,,,,"['Research Score: 56', 'Trend: 20', 'Momentum: 19', 'Above 20-day SMA; Above 50-day SMA; Healthy distance above 50-day SMA; MACD bullish; RSI bullish but warming up; Acceptable liquidity; Above 20 SMA; Above 50 SMA; Momentum positive']",2026-06-30 20:10:55.591472,,,
GL,Long Put Candidate,Evaluate Options,85,,,,,,,"['Research Score: 80', 'Trend: 33', 'Momentum: 13', 'Above 20-day SMA; Above 50-day SMA; Above 200-day SMA; MACD bullish; RSI not favorable for bullish momentum; Above 20 SMA; Above 50 SMA; Above 200 SMA; Long-term trend positive; Momentum positive', 'No suitable option contract found']",2026-06-30 20:10:55.898884,,,
GS,Watchlist,Watch,59,,,,,,,"['Research Score: 59', 'Trend: 25', 'Momentum: 18', 'Below 20-day SMA; Healthy distance below 20-day SMA; MACD bearish; RSI in ideal bearish range; Acceptable liquidity; Above 50 SMA; Above 200 SMA; Long-term trend positive']",2026-06-30 20:10:55.923493,,,
HIG,Watchlist,Watch,61,,,,,,,"['Research Score: 61', 'Trend: 20', 'Momentum: 24', 'Above 20-day SMA; Above 50-day SMA; Healthy distance above 20-day SMA; Healthy distance above 50-day SMA; MACD bullish; RSI in ideal bullish range; Acceptable liquidity; Above 20 SMA; Above 50 SMA; Momentum positive']",2026-06-30 20:10:55.942157,,,
DOC,Long Put Candidate,Evaluate Options,85,,,,,,,"['Research Score: 86', 'Trend: 33', 'Momentum: 19', 'Above 20-day SMA; Above 50-day SMA; Above 200-day SMA; MACD bullish; RSI bullish but near overbought; High liquidity; Above 20 SMA; Above 50 SMA; Above 200 SMA; Long-term trend positive; Momentum positive', 'No suitable option contract found']",2026-06-30 20:10:56.317507,,,
HSIC,Long Put Candidate,Evaluate Options,85,,,,,,,"['Research Score: 91', 'Trend: 33', 'Momentum: 24', 'Above 20-day SMA; Above 50-day SMA; Above 200-day SMA; Healthy distance above 20-day SMA; Healthy distance above 50-day SMA; MACD bullish; RSI bullish but near overbought; Acceptable liquidity; Above 20 SMA; Above 50 SMA; Above 200 SMA; Long-term trend positive; Momentum positive', 'No suitable option contract found']",2026-06-30 20:10:56.576057,,,
HPE,Watchlist,Watch,57,,,,,,,"['Research Score: 57', 'Trend: 25', 'Momentum: 16', 'Above 50-day SMA; Above 200-day SMA; Extended above 50-day SMA; RSI in ideal bullish range; High liquidity; Above 50 SMA; Above 200 SMA; Long-term trend positive']",2026-06-30 20:10:56.596176,,,
HD,Long Put Candidate,Evaluate Options,85,,,,,,,"['Research Score: 89', 'Trend: 33', 'Momentum: 23', 'Above 20-day SMA; Above 50-day SMA; Above 200-day SMA; Healthy distance above 50-day SMA; MACD bullish; RSI bullish but near overbought; High liquidity; Above 20 SMA; Above 50 SMA; Above 200 SMA; Long-term trend positive; Momentum positive', 'No suitable option contract found']",2026-06-30 20:10:56.946781,,,
HON,Long Put Candidate,Evaluate Options,85,,,,,,,"['Research Score: 92', 'Trend: 33', 'Momentum: 25', 'Above 20-day SMA; Above 50-day SMA; Above 200-day SMA; Healthy distance above 20-day SMA; Healthy distance above 50-day SMA; MACD bullish; RSI improving but not bullish yet; High liquidity; Above 20 SMA; Above 50 SMA; Above 200 SMA; Long-term trend positive; Momentum positive', 'No suitable option contract found']",2026-06-30 20:10:57.471980,,,
HRL,Long Put Candidate,Evaluate Options,85,,,,,,,"['Research Score: 92', 'Trend: 33', 'Momentum: 25', 'Above 20-day SMA; Above 50-day SMA; Above 200-day SMA; Healthy distance above 20-day SMA; MACD bullish; RSI in ideal bullish range; Acceptable liquidity; Above 20 SMA; Above 50 SMA; Above 200 SMA; Long-term trend positive; Momentum positive', 'No suitable option contract found']",2026-06-30 20:10:57.795000,,,
HST,Watchlist,Watch,61,,,,,,,"['Research Score: 61', 'Trend: 25', 'Momentum: 19', 'Below 20-day SMA; Healthy distance below 20-day SMA; MACD bearish; RSI in ideal bearish range; High liquidity; Above 50 SMA; Above 200 SMA; Long-term trend positive']",2026-06-30 20:10:57.814611,,,
HWM,Long Put Candidate,Evaluate Options,85,,,,,,,"['Research Score: 75', 'Trend: 33', 'Momentum: 25', 'Above 20-day SMA; Above 50-day SMA; Above 200-day SMA; Healthy distance above 20-day SMA; Healthy distance above 50-day SMA; RSI in ideal bullish range; Acceptable liquidity; Above 20 SMA; Above 50 SMA; Above 200 SMA; Long-term trend positive', 'No suitable option contract found']",2026-06-30 20:10:58.192337,,,
HUBB,Long Put Candidate,Evaluate Options,85,,,,,,,"['Research Score: 93', 'Trend: 33', 'Momentum: 27', 'Above 20-day SMA; Above 50-day SMA; Above 200-day SMA; Healthy distance above 20-day SMA; Healthy distance above 50-day SMA; MACD bullish; RSI in ideal bullish range; Above 20 SMA; Above 50 SMA; Above 200 SMA; Long-term trend positive; Momentum positive', 'No suitable option contract found']",2026-06-30 20:10:58.482267,,,
HUM,Watchlist,Watch,58,,,,,,,"['Research Score: 58', 'Trend: 33', 'Momentum: 8', 'Above 20-day SMA; Above 50-day SMA; Above 200-day SMA; Extended above 20-day SMA; Extended above 50-day SMA; RSI not favorable for bullish momentum; Acceptable liquidity; Above 20 SMA; Above 50 SMA; Above 200 SMA; Long-term trend positive']",2026-06-30 20:10:58.495433,,,
HBAN,Long Put Candidate,Evaluate Options,85,,,,,,,"['Research Score: 93', 'Trend: 33', 'Momentum: 26', 'Above 20-day SMA; Above 50-day SMA; Above 200-day SMA; Healthy distance above 20-day SMA; Healthy distance above 50-day SMA; MACD bullish; RSI bullish but near overbought; High liquidity; Above 20 SMA; Above 50 SMA; Above 200 SMA; Long-term trend positive; Momentum positive', 'No suitable option contract found']",2026-06-30 20:10:58.920607,,,
IBM,Long Put Candidate,Evaluate Options,85,,Long Put,Long Put,60731P,280.0,,"['Research Score: 73', 'Trend: 33', 'Momentum: 23', 'Above 20-day SMA; Above 50-day SMA; Above 200-day SMA; Healthy distance above 20-day SMA; RSI in ideal bullish range; High liquidity; Above 20 SMA; Above 50 SMA; Above 200 SMA; Long-term trend positive', 'Recommended premium: $15.95']",2026-06-30 20:10:59.373486,,,
IEX,Long Put Candidate,Evaluate Options,85,,,,,,,"['Research Score: 92', 'Trend: 33', 'Momentum: 25', 'Above 20-day SMA; Above 50-day SMA; Above 200-day SMA; Healthy distance above 20-day SMA; Healthy distance above 50-day SMA; MACD bullish; RSI bullish but warming up; Above 20 SMA; Above 50 SMA; Above 200 SMA; Long-term trend positive; Momentum positive', 'No suitable option contract found']",2026-06-30 20:10:59.665812,,,
ITW,Long Put Candidate,Evaluate Options,85,,,,,,,"['Research Score: 93', 'Trend: 33', 'Momentum: 27', 'Above 20-day SMA; Above 50-day SMA; Above 200-day SMA; Healthy distance above 20-day SMA; Healthy distance above 50-day SMA; MACD bullish; RSI bullish but warming up; Acceptable liquidity; Above 20 SMA; Above 50 SMA; Above 200 SMA; Long-term trend positive; Momentum positive', 'No suitable option contract found']",2026-06-30 20:10:59.958469,,,
INCY,Long Put Candidate,Evaluate Options,85,,Long Put,Long Put,260821,110.0,,"['Research Score: 83', 'Trend: 33', 'Momentum: 16', 'Above 20-day SMA; Above 50-day SMA; Above 200-day SMA; Extended above 20-day SMA; MACD bullish; RSI bullish but near overbought; Acceptable liquidity; Above 20 SMA; Above 50 SMA; Above 200 SMA; Long-term trend positive; Momentum positive', 'Recommended premium: $4.40']",2026-06-30 20:11:00.277734,,,
IR,Long Put Candidate,Evaluate Options,85,,,,,,,"['Research Score: 88', 'Trend: 33', 'Momentum: 21', 'Above 20-day SMA; Above 50-day SMA; Above 200-day SMA; Healthy distance above 50-day SMA; MACD bullish; RSI bullish but near overbought; Acceptable liquidity; Above 20 SMA; Above 50 SMA; Above 200 SMA; Long-term trend positive; Momentum positive', 'No suitable option contract found']",2026-06-30 20:11:00.589906,,,
INTC,Long Put Candidate,Evaluate Options,85,,Long Put,Long Put,260731,135.0,,"['Research Score: 85', 'Trend: 33', 'Momentum: 18', 'Above 20-day SMA; Above 50-day SMA; Above 200-day SMA; Extended above 20-day SMA; Extended above 50-day SMA; MACD bullish; RSI bullish but warming up; High liquidity; Above 20 SMA; Above 50 SMA; Above 200 SMA; Long-term trend positive; Momentum positive', 'Recommended premium: $12.57']",2026-06-30 20:11:00.971606,,,
IBKR,Watchlist,Watch,59,,,,,,,"['Research Score: 59', 'Trend: 25', 'Momentum: 18', 'Below 20-day SMA; Healthy distance below 20-day SMA; MACD bearish; RSI in ideal bearish range; Acceptable liquidity; Above 50 SMA; Above 200 SMA; Long-term trend positive']",2026-06-30 20:11:00.992127,,,
IFF,Long Put Candidate,Evaluate Options,85,,,,,,,"['Research Score: 93', 'Trend: 33', 'Momentum: 27', 'Above 20-day SMA; Above 50-day SMA; Above 200-day SMA; Healthy distance above 20-day SMA; Healthy distance above 50-day SMA; MACD bullish; RSI bullish but warming up; Acceptable liquidity; Above 20 SMA; Above 50 SMA; Above 200 SMA; Long-term trend positive; Momentum positive', 'No suitable option contract found']",2026-06-30 20:11:01.316096,,,
IVZ,Watchlist,Watch,56,,,,,,,"['Research Score: 56', 'Trend: 13', 'Momentum: 26', 'Below 20-day SMA; Below 50-day SMA; Healthy distance below 20-day SMA; Healthy distance below 50-day SMA; MACD bearish; RSI in ideal bearish range; High liquidity; Above 200 SMA; Long-term trend positive']",2026-06-30 20:11:01.338268,,,
INVH,Long Put Candidate,Evaluate Options,85,,,,,,,"['Research Score: 95', 'Trend: 33', 'Momentum: 28', 'Above 20-day SMA; Above 50-day SMA; Above 200-day SMA; Healthy distance above 20-day SMA; Healthy distance above 50-day SMA; MACD bullish; RSI bullish but warming up; High liquidity; Above 20 SMA; Above 50 SMA; Above 200 SMA; Long-term trend positive; Momentum positive', 'No suitable option contract found']",2026-06-30 20:11:01.624016,,,
IRM,Watchlist,Watch,59,,,,,,,"['Research Score: 59', 'Trend: 25', 'Momentum: 18', 'Below 20-day SMA; Healthy distance below 20-day SMA; MACD bearish; RSI in ideal bearish range; Acceptable liquidity; Above 50 SMA; Above 200 SMA; Long-term trend positive']",2026-06-30 20:11:01.647216,,,
JBHT,Long Put Candidate,Evaluate Options,85,,,,,,,"['Research Score: 73', 'Trend: 33', 'Momentum: 23', 'Above 20-day SMA; Above 50-day SMA; Above 200-day SMA; Healthy distance above 20-day SMA; Healthy distance above 50-day SMA; RSI bullish but warming up; Acceptable liquidity; Above 20 SMA; Above 50 SMA; Above 200 SMA; Long-term trend positive', 'No suitable option contract found']",2026-06-30 20:11:02.023596,,,
JBL,Long Put Candidate,Evaluate Options,85,,,,,,,"['Research Score: 75', 'Trend: 33', 'Momentum: 25', 'Above 20-day SMA; Above 50-day SMA; Above 200-day SMA; Healthy distance above 20-day SMA; Healthy distance above 50-day SMA; RSI in ideal bullish range; Acceptable liquidity; Above 20 SMA; Above 50 SMA; Above 200 SMA; Long-term trend positive', 'No suitable option contract found']",2026-06-30 20:11:02.524906,,,
J,Watchlist,Watch,61,,,,,,,"['Research Score: 61', 'Trend: 20', 'Momentum: 24', 'Above 20-day SMA; Above 50-day SMA; Healthy distance above 20-day SMA; Healthy distance above 50-day SMA; MACD bullish; RSI in ideal bullish range; Acceptable liquidity; Above 20 SMA; Above 50 SMA; Momentum positive']",2026-06-30 20:11:02.548630,,,
JNJ,Long Put Candidate,Evaluate Options,85,,,,,,,"['Research Score: 89', 'Trend: 33', 'Momentum: 23', 'Above 20-day SMA; Above 50-day SMA; Above 200-day SMA; Healthy distance above 50-day SMA; MACD bullish; RSI bullish but near overbought; High liquidity; Above 20 SMA; Above 50 SMA; Above 200 SMA; Long-term trend positive; Momentum positive', 'No suitable option contract found']",2026-06-30 20:11:03.031322,,,
JCI,Long Put Candidate,Evaluate Options,85,,,,,,,"['Research Score: 77', 'Trend: 33', 'Momentum: 27', 'Above 20-day SMA; Above 50-day SMA; Above 200-day SMA; Healthy distance above 20-day SMA; Healthy distance above 50-day SMA; RSI in ideal bullish range; High liquidity; Above 20 SMA; Above 50 SMA; Above 200 SMA; Long-term trend positive', 'No suitable option contract found']",2026-06-30 20:11:03.517784,,,
JPM,Long Put Candidate,Evaluate Options,85,,Long Put,Long Put,60731P,320.0,,"['Research Score: 97', 'Trend: 33', 'Momentum: 30', 'Above 20-day SMA; Above 50-day SMA; Above 200-day SMA; Healthy distance above 20-day SMA; Healthy distance above 50-day SMA; MACD bullish; RSI in ideal bullish range; High liquidity; Above 20 SMA; Above 50 SMA; Above 200 SMA; Long-term trend positive; Momentum positive', 'Recommended premium: $6.83']",2026-06-30 20:11:03.847497,,,
KVUE,Long Put Candidate,Evaluate Options,85,,,,,,,"['Research Score: 89', 'Trend: 33', 'Momentum: 23', 'Above 20-day SMA; Above 50-day SMA; Above 200-day SMA; Healthy distance above 50-day SMA; MACD bullish; RSI bullish but near overbought; High liquidity; Above 20 SMA; Above 50 SMA; Above 200 SMA; Long-term trend positive; Momentum positive', 'No suitable option contract found']",2026-06-30 20:11:04.101809,,,
KDP,Long Put Candidate,Evaluate Options,85,,,,,,,"['Research Score: 89', 'Trend: 33', 'Momentum: 23', 'Above 20-day SMA; Above 50-day SMA; Above 200-day SMA; Healthy distance above 20-day SMA; MACD bullish; RSI bullish but near overbought; High liquidity; Above 20 SMA; Above 50 SMA; Above 200 SMA; Long-term trend positive; Momentum positive', 'No suitable option contract found']",2026-06-30 20:11:04.424324,,,
KEY,Long Put Candidate,Evaluate Options,85,,Long Put,Long Put,60821P,23.0,,"['Research Score: 95', 'Trend: 33', 'Momentum: 28', 'Above 20-day SMA; Above 50-day SMA; Above 200-day SMA; Healthy distance above 20-day SMA; Healthy distance above 50-day SMA; MACD bullish; RSI bullish but warming up; High liquidity; Above 20 SMA; Above 50 SMA; Above 200 SMA; Long-term trend positive; Momentum positive', 'Recommended premium: $0.85']",2026-06-30 20:11:05.000631,,,
KEYS,Long Put Candidate,Evaluate Options,85,,Long Put,Long Put,260821,320.0,,"['Research Score: 75', 'Trend: 33', 'Momentum: 25', 'Above 20-day SMA; Above 50-day SMA; Above 200-day SMA; Healthy distance above 20-day SMA; Healthy distance above 50-day SMA; RSI in ideal bullish range; Acceptable liquidity; Above 20 SMA; Above 50 SMA; Above 200 SMA; Long-term trend positive', 'Recommended premium: $15.05']",2026-06-30 20:11:05.389592,,,
KMB,Long Put Candidate,Evaluate Options,85,,,,,,,"['Research Score: 83', 'Trend: 33', 'Momentum: 17', 'Above 20-day SMA; Above 50-day SMA; Above 200-day SMA; MACD bullish; RSI not favorable for bullish momentum; High liquidity; Above 20 SMA; Above 50 SMA; Above 200 SMA; Long-term trend positive; Momentum positive', 'No suitable option contract found']",2026-06-30 20:11:05.868342,,,
KIM,Long Put Candidate,Evaluate Options,85,,,,,,,"['Research Score: 97', 'Trend: 33', 'Momentum: 30', 'Above 20-day SMA; Above 50-day SMA; Above 200-day SMA; Healthy distance above 20-day SMA; Healthy distance above 50-day SMA; MACD bullish; RSI in ideal bullish range; High liquidity; Above 20 SMA; Above 50 SMA; Above 200 SMA; Long-term trend positive; Momentum positive', 'No suitable option contract found']",2026-06-30 20:11:06.206358,,,
KMI,Long Put Candidate,Evaluate Options,85,,,,,,,"['Research Score: 73', 'Trend: 22', 'Momentum: 18', 'Above 20-day SMA; Above 200-day SMA; Healthy distance above 20-day SMA; MACD bullish; RSI improving but not bullish yet; High liquidity; Above 20 SMA; Above 200 SMA; Long-term trend positive; Momentum positive', 'No suitable option contract found']",2026-06-30 20:11:06.473019,,,
KLAC,Long Put Candidate,Evaluate Options,85,,Long Put,Long Put,260821,280.0,,"['Research Score: 80', 'Trend: 33', 'Momentum: 13', 'Above 20-day SMA; Above 50-day SMA; Above 200-day SMA; Extended above 20-day SMA; Extended above 50-day SMA; MACD bullish; RSI not favorable for bullish momentum; High liquidity; Above 20 SMA; Above 50 SMA; Above 200 SMA; Long-term trend positive; Momentum positive', 'Recommended premium: $27.45']",2026-06-30 20:11:06.991367,,,
KHC,Long Put Candidate,Evaluate Options,85,,,,,,,"['Research Score: 97', 'Trend: 33', 'Momentum: 30', 'Above 20-day SMA; Above 50-day SMA; Above 200-day SMA; Healthy distance above 20-day SMA; Healthy distance above 50-day SMA; MACD bullish; RSI in ideal bullish range; High liquidity; Above 20 SMA; Above 50 SMA; Above 200 SMA; Long-term trend positive; Momentum positive', 'No suitable option contract found']",2026-06-30 20:11:07.306012,,,
LH,Long Put Candidate,Evaluate Options,85,,,,,,,"['Research Score: 86', 'Trend: 33', 'Momentum: 19', 'Above 20-day SMA; Above 50-day SMA; Above 200-day SMA; Healthy distance above 50-day SMA; MACD bullish; RSI bullish but near overbought; Above 20 SMA; Above 50 SMA; Above 200 SMA; Long-term trend positive; Momentum positive', 'No suitable option contract found']",2026-06-30 20:11:07.639855,,,
LRCX,Long Put Candidate,Evaluate Options,85,,,,,,,"['Research Score: 83', 'Trend: 33', 'Momentum: 16', 'Above 20-day SMA; Above 50-day SMA; Above 200-day SMA; Extended above 20-day SMA; Extended above 50-day SMA; MACD bullish; RSI bullish but near overbought; High liquidity; Above 20 SMA; Above 50 SMA; Above 200 SMA; Long-term trend positive; Momentum positive', 'No suitable option contract found']",2026-06-30 20:11:08.014321,,,
LII,Long Put Candidate,Evaluate Options,85,,,,,,,"['Research Score: 83', 'Trend: 33', 'Momentum: 16', 'Above 20-day SMA; Above 50-day SMA; Above 200-day SMA; MACD bullish; RSI bullish but near overbought; Above 20 SMA; Above 50 SMA; Above 200 SMA; Long-term trend positive; Momentum positive', 'No suitable option contract found']",2026-06-30 20:11:08.387756,,,
LLY,Long Put Candidate,Evaluate Options,85,,,,,,,"['Research Score: 83', 'Trend: 33', 'Momentum: 16', 'Above 20-day SMA; Above 50-day SMA; Above 200-day SMA; Extended above 50-day SMA; MACD bullish; RSI bullish but near overbought; Acceptable liquidity; Above 20 SMA; Above 50 SMA; Above 200 SMA; Long-term trend positive; Momentum positive', 'No suitable option contract found']",2026-06-30 20:11:08.918129,,,
LIN,Long Put Candidate,Evaluate Options,85,,,,,,,"['Research Score: 75', 'Trend: 33', 'Momentum: 25', 'Above 20-day SMA; Above 50-day SMA; Above 200-day SMA; Healthy distance above 20-day SMA; Healthy distance above 50-day SMA; RSI in ideal bullish range; Acceptable liquidity; Above 20 SMA; Above 50 SMA; Above 200 SMA; Long-term trend positive', 'No suitable option contract found']",2026-06-30 20:11:09.613219,,,
LYV,Long Put Candidate,Evaluate Options,85,,,,,,,"['Research Score: 82', 'Trend: 33', 'Momentum: 15', 'Above 20-day SMA; Above 50-day SMA; Above 200-day SMA; MACD bullish; RSI not favorable for bullish momentum; Acceptable liquidity; Above 20 SMA; Above 50 SMA; Above 200 SMA; Long-term trend positive; Momentum positive', 'No suitable option contract found']",2026-06-30 20:11:10.114626,,,
L,Long Put Candidate,Evaluate Options,85,,,,,,,"['Research Score: 89', 'Trend: 33', 'Momentum: 23', 'Above 20-day SMA; Above 50-day SMA; Above 200-day SMA; Healthy distance above 20-day SMA; Healthy distance above 50-day SMA; MACD bullish; RSI bullish but near overbought; Above 20 SMA; Above 50 SMA; Above 200 SMA; Long-term trend positive; Momentum positive', 'No suitable option contract found']",2026-06-30 20:11:10.586880,,,
LITE,Watchlist,Watch,56,,,,,,,"['Research Score: 56', 'Trend: 13', 'Momentum: 26', 'Below 20-day SMA; Below 50-day SMA; Healthy distance below 20-day SMA; Healthy distance below 50-day SMA; MACD bearish; RSI in ideal bearish range; High liquidity; Above 200 SMA; Long-term trend positive']",2026-06-30 20:11:10.614968,,,
MTB,Long Put Candidate,Evaluate Options,85,,,,,,,"['Research Score: 91', 'Trend: 33', 'Momentum: 24', 'Above 20-day SMA; Above 50-day SMA; Above 200-day SMA; Healthy distance above 20-day SMA; Healthy distance above 50-day SMA; MACD bullish; RSI bullish but near overbought; Acceptable liquidity; Above 20 SMA; Above 50 SMA; Above 200 SMA; Long-term trend positive; Momentum positive', 'No suitable option contract found']",2026-06-30 20:11:10.925318,,,
MPC,Watchlist,Watch,61,,,,,,,"['Research Score: 61', 'Trend: 25', 'Momentum: 19', 'Above 50-day SMA; Above 200-day SMA; Healthy distance above 50-day SMA; RSI in ideal bullish range; Acceptable liquidity; Above 50 SMA; Above 200 SMA; Long-term trend positive']",2026-06-30 20:11:10.940060,,,
MRSH,Watchlist,Watch,61,,,,,,,"['Research Score: 61', 'Trend: 20', 'Momentum: 24', 'Above 20-day SMA; Above 50-day SMA; Healthy distance above 20-day SMA; Healthy distance above 50-day SMA; MACD bullish; RSI in ideal bullish range; Acceptable liquidity; Above 20 SMA; Above 50 SMA; Momentum positive']",2026-06-30 20:11:10.955320,,,
MRVL,Long Put Candidate,Evaluate Options,85,,Long Put,Long Put,260731,270.0,,"['Research Score: 72', 'Trend: 33', 'Momentum: 22', 'Above 20-day SMA; Above 50-day SMA; Above 200-day SMA; Healthy distance above 20-day SMA; Extended above 50-day SMA; RSI in ideal bullish range; High liquidity; Above 20 SMA; Above 50 SMA; Above 200 SMA; Long-term trend positive', 'Recommended premium: $18.73']",2026-06-30 20:11:11.361891,,,
MAS,Long Put Candidate,Evaluate Options,85,,,,,,,"['Research Score: 80', 'Trend: 33', 'Momentum: 13', 'Above 20-day SMA; Above 50-day SMA; Above 200-day SMA; Extended above 20-day SMA; MACD bullish; RSI not favorable for bullish momentum; Acceptable liquidity; Above 20 SMA; Above 50 SMA; Above 200 SMA; Long-term trend positive; Momentum positive', 'No suitable option contract found']",2026-06-30 20:11:11.684649,,,
MA,Watchlist,Watch,59,,,,,,,"['Research Score: 59', 'Trend: 20', 'Momentum: 23', 'Above 20-day SMA; Above 50-day SMA; Healthy distance above 20-day SMA; Healthy distance above 50-day SMA; MACD bullish; RSI bullish but warming up; Acceptable liquidity; Above 20 SMA; Above 50 SMA; Momentum positive']",2026-06-30 20:11:11.707126,,,
MKC,Watchlist,Watch,63,,,,,,,"['Research Score: 63', 'Trend: 20', 'Momentum: 26', 'Above 20-day SMA; Above 50-day SMA; Healthy distance above 20-day SMA; Healthy distance above 50-day SMA; MACD bullish; RSI in ideal bullish range; High liquidity; Above 20 SMA; Above 50 SMA; Momentum positive']",2026-06-30 20:11:11.722957,,,
MRK,Long Put Candidate,Evaluate Options,85,,,,,,,"['Research Score: 86', 'Trend: 33', 'Momentum: 19', 'Above 20-day SMA; Above 50-day SMA; Above 200-day SMA; MACD bullish; RSI bullish but near overbought; High liquidity; Above 20 SMA; Above 50 SMA; Above 200 SMA; Long-term trend positive; Momentum positive', 'No suitable option contract found']",2026-06-30 20:11:12.123637,,,
MET,Watchlist,Watch,61,,,,,,,"['Research Score: 61', 'Trend: 25', 'Momentum: 19', 'Above 50-day SMA; Above 200-day SMA; Healthy distance above 50-day SMA; RSI in ideal bullish range; Acceptable liquidity; Above 50 SMA; Above 200 SMA; Long-term trend positive']",2026-06-30 20:11:12.149441,,,
MGM,Long Put Candidate,Evaluate Options,85,,,,,,,"['Research Score: 72', 'Trend: 33', 'Momentum: 22', 'Above 20-day SMA; Above 50-day SMA; Above 200-day SMA; Healthy distance above 20-day SMA; RSI in ideal bullish range; Acceptable liquidity; Above 20 SMA; Above 50 SMA; Above 200 SMA; Long-term trend positive', 'No suitable option contract found']",2026-06-30 20:11:12.472982,,,
MCHP,Watchlist,Watch,56,,,,,,,"['Research Score: 56', 'Trend: 13', 'Momentum: 26', 'Below 20-day SMA; Below 50-day SMA; Healthy distance below 20-day SMA; Healthy distance below 50-day SMA; MACD bearish; RSI in ideal bearish range; High liquidity; Above 200 SMA; Long-term trend positive']",2026-06-30 20:11:12.498703,,,
MU,Watchlist,Watch,67,,,,,,,"['Research Score: 67', 'Trend: 33', 'Momentum: 17', 'Above 20-day SMA; Above 50-day SMA; Above 200-day SMA; Extended above 20-day SMA; Extended above 50-day SMA; RSI in ideal bullish range; High liquidity; Above 20 SMA; Above 50 SMA; Above 200 SMA; Long-term trend positive']",2026-06-30 20:11:12.528692,,,
MAA,Long Put Candidate,Evaluate Options,85,,,,,,,"['Research Score: 93', 'Trend: 33', 'Momentum: 27', 'Above 20-day SMA; Above 50-day SMA; Above 200-day SMA; Healthy distance above 20-day SMA; Healthy distance above 50-day SMA; MACD bullish; RSI bullish but warming up; Acceptable liquidity; Above 20 SMA; Above 50 SMA; Above 200 SMA; Long-term trend positive; Momentum positive', 'No suitable option contract found']",2026-06-30 20:11:12.851795,,,
MRNA,Long Put Candidate,Evaluate Options,85,,Long Put,Long Put,260731,70.0,,"['Research Score: 80', 'Trend: 33', 'Momentum: 13', 'Above 20-day SMA; Above 50-day SMA; Above 200-day SMA; Extended above 20-day SMA; Extended above 50-day SMA; MACD bullish; RSI not favorable for bullish momentum; High liquidity; Above 20 SMA; Above 50 SMA; Above 200 SMA; Long-term trend positive; Momentum positive', 'Recommended premium: $7.18']",2026-06-30 20:11:13.118468,,,
MNST,Long Put Candidate,Evaluate Options,85,,Long Put,Long Put,260821,92.5,,"['Research Score: 89', 'Trend: 33', 'Momentum: 23', 'Above 20-day SMA; Above 50-day SMA; Above 200-day SMA; Healthy distance above 20-day SMA; MACD bullish; RSI bullish but near overbought; High liquidity; Above 20 SMA; Above 50 SMA; Above 200 SMA; Long-term trend positive; Momentum positive', 'Recommended premium: $2.65']",2026-06-30 20:11:13.394387,,,
MS,Watchlist,Watch,61,,,,,,,"['Research Score: 61', 'Trend: 25', 'Momentum: 19', 'Below 20-day SMA; Healthy distance below 20-day SMA; MACD bearish; RSI in ideal bearish range; High liquidity; Above 50 SMA; Above 200 SMA; Long-term trend positive']",2026-06-30 20:11:13.414233,,,
MSI,Watchlist,Watch,61,,,,,,,"['Research Score: 61', 'Trend: 20', 'Momentum: 24', 'Above 20-day SMA; Above 50-day SMA; Healthy distance above 20-day SMA; Healthy distance above 50-day SMA; MACD bullish; RSI in ideal bullish range; Acceptable liquidity; Above 20 SMA; Above 50 SMA; Momentum positive']",2026-06-30 20:11:13.428250,,,
NTAP,Watchlist,Watch,57,,,,,,,"['Research Score: 57', 'Trend: 25', 'Momentum: 16', 'Above 50-day SMA; Above 200-day SMA; RSI in ideal bullish range; Acceptable liquidity; Above 50 SMA; Above 200 SMA; Long-term trend positive']",2026-06-30 20:11:13.457818,,,
NEE,Long Put Candidate,Evaluate Options,85,,,,,,,"['Research Score: 78', 'Trend: 22', 'Momentum: 23', 'Above 20-day SMA; Above 200-day SMA; Healthy distance above 20-day SMA; MACD bullish; RSI in ideal bullish range; High liquidity; Above 20 SMA; Above 200 SMA; Long-term trend positive; Momentum positive', 'No suitable option contract found']",2026-06-30 20:11:13.872685,,,
NI,Long Put Candidate,Evaluate Options,85,,,,,,,"['Research Score: 95', 'Trend: 33', 'Momentum: 28', 'Above 20-day SMA; Above 50-day SMA; Above 200-day SMA; Healthy distance above 20-day SMA; Healthy distance above 50-day SMA; MACD bullish; RSI in ideal bullish range; Acceptable liquidity; Above 20 SMA; Above 50 SMA; Above 200 SMA; Long-term trend positive; Momentum positive', 'No suitable option contract found']",2026-06-30 20:11:14.165243,,,
NDSN,Long Put Candidate,Evaluate Options,85,,,,,,,"['Research Score: 92', 'Trend: 33', 'Momentum: 25', 'Above 20-day SMA; Above 50-day SMA; Above 200-day SMA; Healthy distance above 20-day SMA; Healthy distance above 50-day SMA; MACD bullish; RSI bullish but warming up; Above 20 SMA; Above 50 SMA; Above 200 SMA; Long-term trend positive; Momentum positive', 'No suitable option contract found']",2026-06-30 20:11:14.501884,,,
NSC,Long Put Candidate,Evaluate Options,85,,,,,,,"['Research Score: 95', 'Trend: 33', 'Momentum: 28', 'Above 20-day SMA; Above 50-day SMA; Above 200-day SMA; Healthy distance above 20-day SMA; Healthy distance above 50-day SMA; MACD bullish; RSI in ideal bullish range; Acceptable liquidity; Above 20 SMA; Above 50 SMA; Above 200 SMA; Long-term trend positive; Momentum positive', 'No suitable option contract found']",2026-06-30 20:11:14.911158,,,
NTRS,Long Put Candidate,Evaluate Options,85,,,,,,,"['Research Score: 75', 'Trend: 33', 'Momentum: 25', 'Above 20-day SMA; Above 50-day SMA; Above 200-day SMA; Healthy distance above 20-day SMA; Healthy distance above 50-day SMA; RSI in ideal bullish range; Acceptable liquidity; Above 20 SMA; Above 50 SMA; Above 200 SMA; Long-term trend positive', 'No suitable option contract found']",2026-06-30 20:11:15.291295,,,
NCLH,Long Put Candidate,Evaluate Options,85,,,,,,,"['Research Score: 87', 'Trend: 33', 'Momentum: 20', 'Above 20-day SMA; Above 50-day SMA; Above 200-day SMA; Extended above 50-day SMA; MACD bullish; RSI bullish but warming up; High liquidity; Above 20 SMA; Above 50 SMA; Above 200 SMA; Long-term trend positive; Momentum positive', 'No suitable option contract found']",2026-06-30 20:11:15.626926,,,
NVDA,Watchlist,Watch,56,,,,,,,"['Research Score: 56', 'Trend: 13', 'Momentum: 26', 'Below 20-day SMA; Below 50-day SMA; Healthy distance below 20-day SMA; Healthy distance below 50-day SMA; MACD bearish; RSI in ideal bearish range; High liquidity; Above 200 SMA; Long-term trend positive']",2026-06-30 20:11:15.646991,,,
ORLY,Watchlist,Watch,63,,,,,,,"['Research Score: 63', 'Trend: 20', 'Momentum: 26', 'Above 20-day SMA; Above 50-day SMA; Healthy distance above 20-day SMA; Healthy distance above 50-day SMA; MACD bullish; RSI in ideal bullish range; High liquidity; Above 20 SMA; Above 50 SMA; Momentum positive']",2026-06-30 20:11:15.665327,,,
OKE,Watchlist,Watch,68,,,,,,,"['Research Score: 68', 'Trend: 13', 'Momentum: 21', 'Below 20-day SMA; Below 50-day SMA; Healthy distance below 20-day SMA; Healthy distance below 50-day SMA; RSI in ideal bearish range; Acceptable liquidity; Above 200 SMA; Long-term trend positive; Momentum positive']",2026-06-30 20:11:15.682494,,,
PCAR,Long Put Candidate,Evaluate Options,85,,,,,,,"['Research Score: 95', 'Trend: 33', 'Momentum: 28', 'Above 20-day SMA; Above 50-day SMA; Above 200-day SMA; Healthy distance above 20-day SMA; Healthy distance above 50-day SMA; MACD bullish; RSI in ideal bullish range; Acceptable liquidity; Above 20 SMA; Above 50 SMA; Above 200 SMA; Long-term trend positive; Momentum positive', 'No suitable option contract found']",2026-06-30 20:11:16.007174,,,
PKG,Long Put Candidate,Evaluate Options,85,,,,,,,"['Research Score: 92', 'Trend: 33', 'Momentum: 25', 'Above 20-day SMA; Above 50-day SMA; Above 200-day SMA; Healthy distance above 20-day SMA; Healthy distance above 50-day SMA; MACD bullish; RSI bullish but warming up; Above 20 SMA; Above 50 SMA; Above 200 SMA; Long-term trend positive; Momentum positive', 'No suitable option contract found']",2026-06-30 20:11:16.529641,,,
PANW,Long Put Candidate,Evaluate Options,85,,,,,,,"['Research Score: 80', 'Trend: 33', 'Momentum: 13', 'Above 20-day SMA; Above 50-day SMA; Above 200-day SMA; Extended above 20-day SMA; Extended above 50-day SMA; MACD bullish; RSI not favorable for bullish momentum; High liquidity; Above 20 SMA; Above 50 SMA; Above 200 SMA; Long-term trend positive; Momentum positive', 'No suitable option contract found']",2026-06-30 20:11:16.784618,,,
PH,Long Put Candidate,Evaluate Options,85,,Long Put,Long Put,0821P0,950.0,,"['Research Score: 88', 'Trend: 33', 'Momentum: 22', 'Above 20-day SMA; Above 50-day SMA; Above 200-day SMA; Healthy distance above 50-day SMA; MACD bullish; RSI bullish but warming up; Above 20 SMA; Above 50 SMA; Above 200 SMA; Long-term trend positive; Momentum positive', 'Recommended premium: $36.35']",2026-06-30 20:11:17.343294,,,
PCG,Long Put Candidate,Evaluate Options,85,,,,,,,"['Research Score: 97', 'Trend: 33', 'Momentum: 30', 'Above 20-day SMA; Above 50-day SMA; Above 200-day SMA; Healthy distance above 20-day SMA; Healthy distance above 50-day SMA; MACD bullish; RSI in ideal bullish range; High liquidity; Above 20 SMA; Above 50 SMA; Above 200 SMA; Long-term trend positive; Momentum positive', 'No suitable option contract found']",2026-06-30 20:11:17.688845,,,
PM,Long Put Candidate,Evaluate Options,85,,,,,,,"['Research Score: 97', 'Trend: 33', 'Momentum: 30', 'Above 20-day SMA; Above 50-day SMA; Above 200-day SMA; Healthy distance above 20-day SMA; Healthy distance above 50-day SMA; MACD bullish; RSI in ideal bullish range; High liquidity; Above 20 SMA; Above 50 SMA; Above 200 SMA; Long-term trend positive; Momentum positive', 'No suitable option contract found']",2026-06-30 20:11:17.980021,,,
PNW,Long Put Candidate,Evaluate Options,85,,,,,,,"['Research Score: 93', 'Trend: 33', 'Momentum: 27', 'Above 20-day SMA; Above 50-day SMA; Above 200-day SMA; Healthy distance above 20-day SMA; Healthy distance above 50-day SMA; MACD bullish; RSI bullish but warming up; Acceptable liquidity; Above 20 SMA; Above 50 SMA; Above 200 SMA; Long-term trend positive; Momentum positive', 'No suitable option contract found']",2026-06-30 20:11:18.462126,,,
PNC,Long Put Candidate,Evaluate Options,85,,,,,,,"['Research Score: 85', 'Trend: 33', 'Momentum: 18', 'Above 20-day SMA; Above 50-day SMA; Above 200-day SMA; Healthy distance above 50-day SMA; MACD bullish; RSI not favorable for bullish momentum; Acceptable liquidity; Above 20 SMA; Above 50 SMA; Above 200 SMA; Long-term trend positive; Momentum positive', 'No suitable option contract found']",2026-06-30 20:11:18.819196,,,
PPG,Long Put Candidate,Evaluate Options,85,,,,,,,"['Research Score: 93', 'Trend: 33', 'Momentum: 27', 'Above 20-day SMA; Above 50-day SMA; Above 200-day SMA; Healthy distance above 20-day SMA; Healthy distance above 50-day SMA; MACD bullish; RSI bullish but warming up; Acceptable liquidity; Above 20 SMA; Above 50 SMA; Above 200 SMA; Long-term trend positive; Momentum positive', 'No suitable option contract found']",2026-06-30 20:11:19.141352,,,
PPL,Long Put Candidate,Evaluate Options,85,,,,,,,"['Research Score: 97', 'Trend: 33', 'Momentum: 30', 'Above 20-day SMA; Above 50-day SMA; Above 200-day SMA; Healthy distance above 20-day SMA; Healthy distance above 50-day SMA; MACD bullish; RSI in ideal bullish range; High liquidity; Above 20 SMA; Above 50 SMA; Above 200 SMA; Long-term trend positive; Momentum positive', 'No suitable option contract found']",2026-06-30 20:11:19.452833,,,
PFG,Watchlist,Watch,61,,,,,,,"['Research Score: 61', 'Trend: 25', 'Momentum: 19', 'Above 50-day SMA; Above 200-day SMA; Healthy distance above 50-day SMA; RSI in ideal bullish range; Acceptable liquidity; Above 50 SMA; Above 200 SMA; Long-term trend positive']",2026-06-30 20:11:19.475582,,,
PGR,Long Put Candidate,Evaluate Options,85,,,,,,,"['Research Score: 90', 'Trend: 33', 'Momentum: 23', 'Above 20-day SMA; Above 50-day SMA; Above 200-day SMA; Healthy distance above 50-day SMA; MACD bullish; RSI bullish but warming up; Acceptable liquidity; Above 20 SMA; Above 50 SMA; Above 200 SMA; Long-term trend positive; Momentum positive', 'No suitable option contract found']",2026-06-30 20:11:19.789757,,,
PRU,Long Put Candidate,Evaluate Options,85,,,,,,,"['Research Score: 75', 'Trend: 33', 'Momentum: 25', 'Above 20-day SMA; Above 50-day SMA; Above 200-day SMA; Healthy distance above 20-day SMA; Healthy distance above 50-day SMA; RSI in ideal bullish range; Acceptable liquidity; Above 20 SMA; Above 50 SMA; Above 200 SMA; Long-term trend positive', 'No suitable option contract found']",2026-06-30 20:11:20.119552,,,
PEG,Long Put Candidate,Evaluate Options,85,,,,,,,"['Research Score: 95', 'Trend: 33', 'Momentum: 28', 'Above 20-day SMA; Above 50-day SMA; Above 200-day SMA; Healthy distance above 20-day SMA; Healthy distance above 50-day SMA; MACD bullish; RSI in ideal bullish range; Acceptable liquidity; Above 20 SMA; Above 50 SMA; Above 200 SMA; Long-term trend positive; Momentum positive', 'No suitable option contract found']",2026-06-30 20:11:20.458621,,,
PSA,Long Put Candidate,Evaluate Options,85,,,,,,,"['Research Score: 75', 'Trend: 33', 'Momentum: 25', 'Above 20-day SMA; Above 50-day SMA; Above 200-day SMA; Healthy distance above 20-day SMA; Healthy distance above 50-day SMA; RSI in ideal bullish range; Acceptable liquidity; Above 20 SMA; Above 50 SMA; Above 200 SMA; Long-term trend positive', 'No suitable option contract found']",2026-06-30 20:11:20.795294,,,
PHM,Long Put Candidate,Evaluate Options,85,,,,,,,"['Research Score: 80', 'Trend: 33', 'Momentum: 13', 'Above 20-day SMA; Above 50-day SMA; Above 200-day SMA; Extended above 20-day SMA; MACD bullish; RSI not favorable for bullish momentum; Acceptable liquidity; Above 20 SMA; Above 50 SMA; Above 200 SMA; Long-term trend positive; Momentum positive', 'No suitable option contract found']",2026-06-30 20:11:21.168876,,,
PWR,Long Put Candidate,Evaluate Options,85,,Long Put,Long Put,60821P,680.0,,"['Research Score: 95', 'Trend: 33', 'Momentum: 28', 'Above 20-day SMA; Above 50-day SMA; Above 200-day SMA; Healthy distance above 20-day SMA; Healthy distance above 50-day SMA; MACD bullish; RSI in ideal bullish range; Acceptable liquidity; Above 20 SMA; Above 50 SMA; Above 200 SMA; Long-term trend positive; Momentum positive', 'Recommended premium: $36.10']",2026-06-30 20:11:21.602398,,,
DGX,Long Put Candidate,Evaluate Options,85,,,,,,,"['Research Score: 86', 'Trend: 33', 'Momentum: 19', 'Above 20-day SMA; Above 50-day SMA; Above 200-day SMA; Healthy distance above 50-day SMA; MACD bullish; RSI bullish but near overbought; Above 20 SMA; Above 50 SMA; Above 200 SMA; Long-term trend positive; Momentum positive', 'No suitable option contract found']",2026-06-30 20:11:21.866422,,,
RL,Long Put Candidate,Evaluate Options,85,,,,,,,"['Research Score: 73', 'Trend: 33', 'Momentum: 23', 'Above 20-day SMA; Above 50-day SMA; Above 200-day SMA; Healthy distance above 20-day SMA; Healthy distance above 50-day SMA; RSI in ideal bullish range; Above 20 SMA; Above 50 SMA; Above 200 SMA; Long-term trend positive', 'No suitable option contract found']",2026-06-30 20:11:22.197379,,,
RTX,Long Put Candidate,Evaluate Options,85,,,,,,,"['Research Score: 97', 'Trend: 33', 'Momentum: 30', 'Above 20-day SMA; Above 50-day SMA; Above 200-day SMA; Healthy distance above 20-day SMA; Healthy distance above 50-day SMA; MACD bullish; RSI in ideal bullish range; High liquidity; Above 20 SMA; Above 50 SMA; Above 200 SMA; Long-term trend positive; Momentum positive', 'No suitable option contract found']",2026-06-30 20:11:22.586079,,,
O,Long Put Candidate,Evaluate Options,85,,Long Put,Long Put,821P00,60.0,,"['Research Score: 97', 'Trend: 33', 'Momentum: 30', 'Above 20-day SMA; Above 50-day SMA; Above 200-day SMA; Healthy distance above 20-day SMA; Healthy distance above 50-day SMA; MACD bullish; RSI in ideal bullish range; High liquidity; Above 20 SMA; Above 50 SMA; Above 200 SMA; Long-term trend positive; Momentum positive', 'Recommended premium: $0.82']",2026-06-30 20:11:23.055191,,,
REG,Long Put Candidate,Evaluate Options,85,,,,,,,"['Research Score: 95', 'Trend: 33', 'Momentum: 28', 'Above 20-day SMA; Above 50-day SMA; Above 200-day SMA; Healthy distance above 20-day SMA; Healthy distance above 50-day SMA; MACD bullish; RSI in ideal bullish range; Acceptable liquidity; Above 20 SMA; Above 50 SMA; Above 200 SMA; Long-term trend positive; Momentum positive', 'No suitable option contract found']",2026-06-30 20:11:23.339092,,,
RF,Long Put Candidate,Evaluate Options,85,,Long Put,Long Put,0821P0,28.0,,"['Research Score: 93', 'Trend: 33', 'Momentum: 26', 'Above 20-day SMA; Above 50-day SMA; Above 200-day SMA; Healthy distance above 20-day SMA; Healthy distance above 50-day SMA; MACD bullish; RSI bullish but near overbought; High liquidity; Above 20 SMA; Above 50 SMA; Above 200 SMA; Long-term trend positive; Momentum positive', 'Recommended premium: $0.45']",2026-06-30 20:11:23.672194,,,
RSG,Watchlist,Watch,61,,,,,,,"['Research Score: 61', 'Trend: 20', 'Momentum: 24', 'Above 20-day SMA; Above 50-day SMA; Healthy distance above 20-day SMA; Healthy distance above 50-day SMA; MACD bullish; RSI in ideal bullish range; Acceptable liquidity; Above 20 SMA; Above 50 SMA; Momentum positive']",2026-06-30 20:11:23.692563,,,
RVTY,Long Put Candidate,Evaluate Options,85,,,,,,,"['Research Score: 84', 'Trend: 33', 'Momentum: 18', 'Above 20-day SMA; Above 50-day SMA; Above 200-day SMA; MACD bullish; RSI bullish but near overbought; Acceptable liquidity; Above 20 SMA; Above 50 SMA; Above 200 SMA; Long-term trend positive; Momentum positive', 'No suitable option contract found']",2026-06-30 20:11:23.991485,,,
ROK,Long Put Candidate,Evaluate Options,85,,Long Put,Long Put,60821P,480.0,,"['Research Score: 83', 'Trend: 33', 'Momentum: 16', 'Above 20-day SMA; Above 50-day SMA; Above 200-day SMA; MACD bullish; RSI bullish but near overbought; Above 20 SMA; Above 50 SMA; Above 200 SMA; Long-term trend positive; Momentum positive', 'Recommended premium: $21.70']",2026-06-30 20:11:24.322850,,,
ROP,Watchlist,Watch,61,,,,,,,"['Research Score: 61', 'Trend: 20', 'Momentum: 24', 'Above 20-day SMA; Above 50-day SMA; Healthy distance above 20-day SMA; Healthy distance above 50-day SMA; MACD bullish; RSI in ideal bullish range; Acceptable liquidity; Above 20 SMA; Above 50 SMA; Momentum positive']",2026-06-30 20:11:24.337751,,,
RCL,Long Put Candidate,Evaluate Options,85,,,,,,,"['Research Score: 87', 'Trend: 33', 'Momentum: 20', 'Above 20-day SMA; Above 50-day SMA; Above 200-day SMA; MACD bullish; RSI bullish but warming up; Acceptable liquidity; Above 20 SMA; Above 50 SMA; Above 200 SMA; Long-term trend positive; Momentum positive', 'No suitable option contract found']",2026-06-30 20:11:24.715245,,,
SNDK,Long Put Candidate,Evaluate Options,85,,Long Put,Long Put,260731,2200.0,,"['Research Score: 85', 'Trend: 33', 'Momentum: 18', 'Above 20-day SMA; Above 50-day SMA; Above 200-day SMA; Extended above 20-day SMA; Extended above 50-day SMA; MACD bullish; RSI bullish but warming up; High liquidity; Above 20 SMA; Above 50 SMA; Above 200 SMA; Long-term trend positive; Momentum positive', 'Recommended premium: $241.90']",2026-06-30 20:11:25.173993,,,
STX,Long Put Candidate,Evaluate Options,85,,,,,,,"['Research Score: 70', 'Trend: 33', 'Momentum: 20', 'Above 20-day SMA; Above 50-day SMA; Above 200-day SMA; Healthy distance above 20-day SMA; Extended above 50-day SMA; RSI in ideal bullish range; Acceptable liquidity; Above 20 SMA; Above 50 SMA; Above 200 SMA; Long-term trend positive', 'No suitable option contract found']",2026-06-30 20:11:25.544856,,,
SRE,Long Put Candidate,Evaluate Options,85,,Long Put,Long Put,60821P,90.0,,"['Research Score: 95', 'Trend: 33', 'Momentum: 28', 'Above 20-day SMA; Above 50-day SMA; Above 200-day SMA; Healthy distance above 20-day SMA; Healthy distance above 50-day SMA; MACD bullish; RSI in ideal bullish range; Acceptable liquidity; Above 20 SMA; Above 50 SMA; Above 200 SMA; Long-term trend positive; Momentum positive', 'Recommended premium: $2.25']",2026-06-30 20:11:25.831239,,,
SHW,Long Put Candidate,Evaluate Options,85,,,,,,,"['Research Score: 86', 'Trend: 33', 'Momentum: 19', 'Above 20-day SMA; Above 50-day SMA; Above 200-day SMA; Extended above 20-day SMA; Healthy distance above 50-day SMA; MACD bullish; RSI bullish but near overbought; Acceptable liquidity; Above 20 SMA; Above 50 SMA; Above 200 SMA; Long-term trend positive; Momentum positive', 'No suitable option contract found']",2026-06-30 20:11:26.280024,,,
SPG,Long Put Candidate,Evaluate Options,85,,Long Put,Long Put,60821P,220.0,,"['Research Score: 91', 'Trend: 33', 'Momentum: 24', 'Above 20-day SMA; Above 50-day SMA; Above 200-day SMA; Healthy distance above 20-day SMA; Healthy distance above 50-day SMA; MACD bullish; RSI bullish but near overbought; Acceptable liquidity; Above 20 SMA; Above 50 SMA; Above 200 SMA; Long-term trend positive; Momentum positive', 'Recommended premium: $5.75']",2026-06-30 20:11:26.696695,,,
SJM,Long Put Candidate,Evaluate Options,85,,,,,,,"['Research Score: 75', 'Trend: 33', 'Momentum: 25', 'Above 20-day SMA; Above 50-day SMA; Above 200-day SMA; Healthy distance above 20-day SMA; Healthy distance above 50-day SMA; RSI in ideal bullish range; Acceptable liquidity; Above 20 SMA; Above 50 SMA; Above 200 SMA; Long-term trend positive', 'No suitable option contract found']",2026-06-30 20:11:27.318441,,,
SW,Long Put Candidate,Evaluate Options,85,,,,,,,"['Research Score: 88', 'Trend: 33', 'Momentum: 22', 'Above 20-day SMA; Above 50-day SMA; Above 200-day SMA; MACD bullish; RSI bullish but warming up; High liquidity; Above 20 SMA; Above 50 SMA; Above 200 SMA; Long-term trend positive; Momentum positive', 'No suitable option contract found']",2026-06-30 20:11:27.839282,,,
SNA,Long Put Candidate,Evaluate Options,85,,,,,,,"['Research Score: 92', 'Trend: 33', 'Momentum: 25', 'Above 20-day SMA; Above 50-day SMA; Above 200-day SMA; Healthy distance above 20-day SMA; Healthy distance above 50-day SMA; MACD bullish; RSI bullish but warming up; Above 20 SMA; Above 50 SMA; Above 200 SMA; Long-term trend positive; Momentum positive', 'No suitable option contract found']",2026-06-30 20:11:28.472602,,,
SOLV,Watchlist,Watch,61,,,,,,,"['Research Score: 61', 'Trend: 25', 'Momentum: 19', 'Above 50-day SMA; Above 200-day SMA; Healthy distance above 50-day SMA; RSI in ideal bullish range; Acceptable liquidity; Above 50 SMA; Above 200 SMA; Long-term trend positive']",2026-06-30 20:11:28.503197,,,
SO,Long Put Candidate,Evaluate Options,85,,,,,,,"['Research Score: 97', 'Trend: 33', 'Momentum: 30', 'Above 20-day SMA; Above 50-day SMA; Above 200-day SMA; Healthy distance above 20-day SMA; Healthy distance above 50-day SMA; MACD bullish; RSI in ideal bullish range; High liquidity; Above 20 SMA; Above 50 SMA; Above 200 SMA; Long-term trend positive; Momentum positive', 'No suitable option contract found']",2026-06-30 20:11:28.882688,,,
LUV,Long Put Candidate,Evaluate Options,85,,Long Put,Long Put,60731P,50.0,,"['Research Score: 80', 'Trend: 33', 'Momentum: 13', 'Above 20-day SMA; Above 50-day SMA; Above 200-day SMA; Extended above 20-day SMA; Extended above 50-day SMA; MACD bullish; RSI not favorable for bullish momentum; High liquidity; Above 20 SMA; Above 50 SMA; Above 200 SMA; Long-term trend positive; Momentum positive', 'Recommended premium: $2.15']",2026-06-30 20:11:29.250025,,,
SWK,Long Put Candidate,Evaluate Options,85,,,,,,,"['Research Score: 78', 'Trend: 33', 'Momentum: 12', 'Above 20-day SMA; Above 50-day SMA; Above 200-day SMA; Extended above 20-day SMA; Extended above 50-day SMA; MACD bullish; RSI not favorable for bullish momentum; Acceptable liquidity; Above 20 SMA; Above 50 SMA; Above 200 SMA; Long-term trend positive; Momentum positive', 'No suitable option contract found']",2026-06-30 20:11:29.651718,,,
SBUX,Long Put Candidate,Evaluate Options,85,,Long Put,Long Put,260731,98.0,,"['Research Score: 97', 'Trend: 33', 'Momentum: 30', 'Above 20-day SMA; Above 50-day SMA; Above 200-day SMA; Healthy distance above 20-day SMA; Healthy distance above 50-day SMA; MACD bullish; RSI in ideal bullish range; High liquidity; Above 20 SMA; Above 50 SMA; Above 200 SMA; Long-term trend positive; Momentum positive', 'Recommended premium: $2.29']",2026-06-30 20:11:29.971754,,,
STT,Long Put Candidate,Evaluate Options,85,,,,,,,"['Research Score: 73', 'Trend: 33', 'Momentum: 23', 'Above 20-day SMA; Above 50-day SMA; Above 200-day SMA; Healthy distance above 20-day SMA; Healthy distance above 50-day SMA; RSI bullish but warming up; Acceptable liquidity; Above 20 SMA; Above 50 SMA; Above 200 SMA; Long-term trend positive', 'No suitable option contract found']",2026-06-30 20:11:30.383975,,,
SYK,Watchlist,Watch,61,,,,,,,"['Research Score: 61', 'Trend: 20', 'Momentum: 24', 'Above 20-day SMA; Above 50-day SMA; Healthy distance above 20-day SMA; Healthy distance above 50-day SMA; MACD bullish; RSI in ideal bullish range; Acceptable liquidity; Above 20 SMA; Above 50 SMA; Momentum positive']",2026-06-30 20:11:30.408503,,,
SYF,Long Put Candidate,Evaluate Options,85,,,,,,,"['Research Score: 95', 'Trend: 33', 'Momentum: 28', 'Above 20-day SMA; Above 50-day SMA; Above 200-day SMA; Healthy distance above 20-day SMA; Healthy distance above 50-day SMA; MACD bullish; RSI in ideal bullish range; Acceptable liquidity; Above 20 SMA; Above 50 SMA; Above 200 SMA; Long-term trend positive; Momentum positive', 'No suitable option contract found']",2026-06-30 20:11:30.750815,,,
SYY,Long Put Candidate,Evaluate Options,85,,,,,,,"['Research Score: 85', 'Trend: 33', 'Momentum: 18', 'Above 20-day SMA; Above 50-day SMA; Above 200-day SMA; Healthy distance above 50-day SMA; MACD bullish; RSI not favorable for bullish momentum; Acceptable liquidity; Above 20 SMA; Above 50 SMA; Above 200 SMA; Long-term trend positive; Momentum positive', 'No suitable option contract found']",2026-06-30 20:11:31.073279,,,
TROW,Long Put Candidate,Evaluate Options,85,,,,,,,"['Research Score: 85', 'Trend: 33', 'Momentum: 18', 'Above 20-day SMA; Above 50-day SMA; Above 200-day SMA; Healthy distance above 50-day SMA; MACD bullish; RSI not favorable for bullish momentum; Acceptable liquidity; Above 20 SMA; Above 50 SMA; Above 200 SMA; Long-term trend positive; Momentum positive', 'No suitable option contract found']",2026-06-30 20:11:31.406523,,,
TTWO,Long Put Candidate,Evaluate Options,85,,,,,,,"['Research Score: 83', 'Trend: 33', 'Momentum: 16', 'Above 20-day SMA; Above 50-day SMA; Above 200-day SMA; Extended above 20-day SMA; MACD bullish; RSI bullish but near overbought; Acceptable liquidity; Above 20 SMA; Above 50 SMA; Above 200 SMA; Long-term trend positive; Momentum positive', 'No suitable option contract found']",2026-06-30 20:11:31.679438,,,
TPR,Long Put Candidate,Evaluate Options,85,,,,,,,"['Research Score: 75', 'Trend: 33', 'Momentum: 25', 'Above 20-day SMA; Above 50-day SMA; Above 200-day SMA; Healthy distance above 20-day SMA; Healthy distance above 50-day SMA; RSI in ideal bullish range; Acceptable liquidity; Above 20 SMA; Above 50 SMA; Above 200 SMA; Long-term trend positive', 'No suitable option contract found']",2026-06-30 20:11:32.024180,,,
TRGP,Long Put Candidate,Evaluate Options,85,,,,,,,"['Research Score: 95', 'Trend: 33', 'Momentum: 28', 'Above 20-day SMA; Above 50-day SMA; Above 200-day SMA; Healthy distance above 20-day SMA; Healthy distance above 50-day SMA; MACD bullish; RSI in ideal bullish range; Acceptable liquidity; Above 20 SMA; Above 50 SMA; Above 200 SMA; Long-term trend positive; Momentum positive', 'No suitable option contract found']",2026-06-30 20:11:32.373890,,,
TGT,Long Put Candidate,Evaluate Options,85,,Long Put,Long Put,60731P,127.0,,"['Research Score: 76', 'Trend: 25', 'Momentum: 17', 'Above 50-day SMA; Above 200-day SMA; Healthy distance above 50-day SMA; MACD bullish; RSI improving but not bullish yet; Acceptable liquidity; Above 50 SMA; Above 200 SMA; Long-term trend positive; Momentum positive', 'Recommended premium: $2.84']",2026-06-30 20:11:32.685456,,,
TDY,Long Put Candidate,Evaluate Options,85,,,,,,,"['Research Score: 86', 'Trend: 33', 'Momentum: 19', 'Above 20-day SMA; Above 50-day SMA; Above 200-day SMA; Healthy distance above 50-day SMA; MACD bullish; RSI bullish but near overbought; Above 20 SMA; Above 50 SMA; Above 200 SMA; Long-term trend positive; Momentum positive', 'No suitable option contract found']",2026-06-30 20:11:32.958873,,,
TER,Long Put Candidate,Evaluate Options,85,,,,,,,"['Research Score: 85', 'Trend: 33', 'Momentum: 18', 'Above 20-day SMA; Above 50-day SMA; Above 200-day SMA; Extended above 20-day SMA; Extended above 50-day SMA; MACD bullish; RSI bullish but warming up; High liquidity; Above 20 SMA; Above 50 SMA; Above 200 SMA; Long-term trend positive; Momentum positive', 'No suitable option contract found']",2026-06-30 20:11:33.325608,,,
TSLA,Long Put Candidate,Evaluate Options,85,,Long Put,Long Put,260731,400.0,,"['Research Score: 97', 'Trend: 33', 'Momentum: 30', 'Above 20-day SMA; Above 50-day SMA; Above 200-day SMA; Healthy distance above 20-day SMA; Healthy distance above 50-day SMA; MACD bullish; RSI in ideal bullish range; High liquidity; Above 20 SMA; Above 50 SMA; Above 200 SMA; Long-term trend positive; Momentum positive', 'Recommended premium: $12.97']",2026-06-30 20:11:33.649211,,,
TXN,Watchlist,Watch,61,,,,,,,"['Research Score: 61', 'Trend: 25', 'Momentum: 19', 'Below 20-day SMA; Healthy distance below 20-day SMA; MACD bearish; RSI in ideal bearish range; High liquidity; Above 50 SMA; Above 200 SMA; Long-term trend positive']",2026-06-30 20:11:33.669338,,,
TPL,Long Put Candidate,Evaluate Options,85,,,,,,,"['Research Score: 84', 'Trend: 33', 'Momentum: 18', 'Above 20-day SMA; Above 50-day SMA; Above 200-day SMA; Extended above 20-day SMA; Healthy distance above 50-day SMA; MACD bullish; RSI bullish but near overbought; Above 20 SMA; Above 50 SMA; Above 200 SMA; Long-term trend positive; Momentum positive', 'No suitable option contract found']",2026-06-30 20:11:33.987266,,,
TXT,Long Put Candidate,Evaluate Options,85,,,,,,,"['Research Score: 75', 'Trend: 33', 'Momentum: 25', 'Above 20-day SMA; Above 50-day SMA; Above 200-day SMA; Healthy distance above 20-day SMA; Healthy distance above 50-day SMA; RSI in ideal bullish range; Acceptable liquidity; Above 20 SMA; Above 50 SMA; Above 200 SMA; Long-term trend positive', 'No suitable option contract found']",2026-06-30 20:11:34.374455,,,
TMO,Watchlist,Watch,61,,,,,,,"['Research Score: 61', 'Trend: 20', 'Momentum: 24', 'Above 20-day SMA; Above 50-day SMA; Healthy distance above 20-day SMA; Healthy distance above 50-day SMA; MACD bullish; RSI in ideal bullish range; Acceptable liquidity; Above 20 SMA; Above 50 SMA; Momentum positive']",2026-06-30 20:11:34.399399,,,
TKO,Long Put Candidate,Evaluate Options,85,,Long Put,Long Put,60821P,200.0,,"['Research Score: 81', 'Trend: 25', 'Momentum: 22', 'Above 50-day SMA; Above 200-day SMA; Healthy distance above 50-day SMA; MACD bullish; RSI in ideal bullish range; Acceptable liquidity; Above 50 SMA; Above 200 SMA; Long-term trend positive; Momentum positive', 'Recommended premium: $10.75']",2026-06-30 20:11:34.703938,,,
TT,Long Put Candidate,Evaluate Options,85,,Long Put,Long Put,0821P0,480.0,,"['Research Score: 95', 'Trend: 33', 'Momentum: 28', 'Above 20-day SMA; Above 50-day SMA; Above 200-day SMA; Healthy distance above 20-day SMA; Healthy distance above 50-day SMA; MACD bullish; RSI in ideal bullish range; Acceptable liquidity; Above 20 SMA; Above 50 SMA; Above 200 SMA; Long-term trend positive; Momentum positive', 'Recommended premium: $19.45']",2026-06-30 20:11:35.039840,,,
TDG,Long Put Candidate,Evaluate Options,85,,,,,,,"['Research Score: 92', 'Trend: 33', 'Momentum: 25', 'Above 20-day SMA; Above 50-day SMA; Above 200-day SMA; Healthy distance above 20-day SMA; Healthy distance above 50-day SMA; MACD bullish; RSI bullish but warming up; Above 20 SMA; Above 50 SMA; Above 200 SMA; Long-term trend positive; Momentum positive', 'No suitable option contract found']",2026-06-30 20:11:35.303973,,,
TRV,Long Put Candidate,Evaluate Options,85,,,,,,,"['Research Score: 85', 'Trend: 33', 'Momentum: 18', 'Above 20-day SMA; Above 50-day SMA; Above 200-day SMA; Healthy distance above 50-day SMA; MACD bullish; RSI not favorable for bullish momentum; Acceptable liquidity; Above 20 SMA; Above 50 SMA; Above 200 SMA; Long-term trend positive; Momentum positive', 'No suitable option contract found']",2026-06-30 20:11:35.590020,,,
TFC,Long Put Candidate,Evaluate Options,85,,Long Put,Long Put,60821P,47.5,,"['Research Score: 97', 'Trend: 33', 'Momentum: 30', 'Above 20-day SMA; Above 50-day SMA; Above 200-day SMA; Healthy distance above 20-day SMA; Healthy distance above 50-day SMA; MACD bullish; RSI in ideal bullish range; High liquidity; Above 20 SMA; Above 50 SMA; Above 200 SMA; Long-term trend positive; Momentum positive', 'Recommended premium: $1.18']",2026-06-30 20:11:35.934275,,,
USB,Long Put Candidate,Evaluate Options,85,,,,,,,"['Research Score: 95', 'Trend: 33', 'Momentum: 28', 'Above 20-day SMA; Above 50-day SMA; Above 200-day SMA; Healthy distance above 20-day SMA; Healthy distance above 50-day SMA; MACD bullish; RSI bullish but warming up; High liquidity; Above 20 SMA; Above 50 SMA; Above 200 SMA; Long-term trend positive; Momentum positive', 'No suitable option contract found']",2026-06-30 20:11:36.254781,,,
UDR,Long Put Candidate,Evaluate Options,85,,,,,,,"['Research Score: 93', 'Trend: 33', 'Momentum: 27', 'Above 20-day SMA; Above 50-day SMA; Above 200-day SMA; Healthy distance above 20-day SMA; Healthy distance above 50-day SMA; MACD bullish; RSI bullish but warming up; Acceptable liquidity; Above 20 SMA; Above 50 SMA; Above 200 SMA; Long-term trend positive; Momentum positive', 'No suitable option contract found']",2026-06-30 20:11:36.596062,,,
UNP,Long Put Candidate,Evaluate Options,85,,,,,,,"['Research Score: 95', 'Trend: 33', 'Momentum: 28', 'Above 20-day SMA; Above 50-day SMA; Above 200-day SMA; Healthy distance above 20-day SMA; Healthy distance above 50-day SMA; MACD bullish; RSI in ideal bullish range; Acceptable liquidity; Above 20 SMA; Above 50 SMA; Above 200 SMA; Long-term trend positive; Momentum positive', 'No suitable option contract found']",2026-06-30 20:11:36.915800,,,
UAL,Long Put Candidate,Evaluate Options,85,,,,,,,"['Research Score: 80', 'Trend: 33', 'Momentum: 13', 'Above 20-day SMA; Above 50-day SMA; Above 200-day SMA; Extended above 20-day SMA; Extended above 50-day SMA; MACD bullish; RSI not favorable for bullish momentum; High liquidity; Above 20 SMA; Above 50 SMA; Above 200 SMA; Long-term trend positive; Momentum positive', 'No suitable option contract found']",2026-06-30 20:11:37.175123,,,
UPS,Watchlist,Watch,62,,,,,,,"['Research Score: 62', 'Trend: 25', 'Momentum: 21', 'Above 50-day SMA; Above 200-day SMA; Healthy distance above 50-day SMA; RSI in ideal bullish range; High liquidity; Above 50 SMA; Above 200 SMA; Long-term trend positive']",2026-06-30 20:11:37.200434,,,
URI,Long Put Candidate,Evaluate Options,85,,,,,,,"['Research Score: 86', 'Trend: 33', 'Momentum: 19', 'Above 20-day SMA; Above 50-day SMA; Above 200-day SMA; Healthy distance above 20-day SMA; MACD bullish; RSI bullish but near overbought; Above 20 SMA; Above 50 SMA; Above 200 SMA; Long-term trend positive; Momentum positive', 'No suitable option contract found']",2026-06-30 20:11:37.466590,,,
UNH,Long Put Candidate,Evaluate Options,85,,,,,,,"['Research Score: 95', 'Trend: 33', 'Momentum: 28', 'Above 20-day SMA; Above 50-day SMA; Above 200-day SMA; Healthy distance above 20-day SMA; Healthy distance above 50-day SMA; MACD bullish; RSI bullish but warming up; High liquidity; Above 20 SMA; Above 50 SMA; Above 200 SMA; Long-term trend positive; Momentum positive', 'No suitable option contract found']",2026-06-30 20:11:37.778187,,,
VLO,Long Put Candidate,Evaluate Options,85,,,,,,,"['Research Score: 95', 'Trend: 33', 'Momentum: 28', 'Above 20-day SMA; Above 50-day SMA; Above 200-day SMA; Healthy distance above 20-day SMA; Healthy distance above 50-day SMA; MACD bullish; RSI in ideal bullish range; Acceptable liquidity; Above 20 SMA; Above 50 SMA; Above 200 SMA; Long-term trend positive; Momentum positive', 'No suitable option contract found']",2026-06-30 20:11:38.143669,,,
VEEV,Watchlist,Watch,56,,,,,,,"['Research Score: 56', 'Trend: 20', 'Momentum: 19', 'Above 20-day SMA; Above 50-day SMA; Healthy distance above 50-day SMA; MACD bullish; RSI bullish but warming up; Acceptable liquidity; Above 20 SMA; Above 50 SMA; Momentum positive']",2026-06-30 20:11:38.169681,,,
VTR,Long Put Candidate,Evaluate Options,85,,,,,,,"['Research Score: 90', 'Trend: 33', 'Momentum: 23', 'Above 20-day SMA; Above 50-day SMA; Above 200-day SMA; Healthy distance above 50-day SMA; MACD bullish; RSI bullish but warming up; Acceptable liquidity; Above 20 SMA; Above 50 SMA; Above 200 SMA; Long-term trend positive; Momentum positive', 'No suitable option contract found']",2026-06-30 20:11:38.477387,,,
VLTO,Watchlist,Watch,61,,,,,,,"['Research Score: 61', 'Trend: 20', 'Momentum: 24', 'Above 20-day SMA; Above 50-day SMA; Healthy distance above 20-day SMA; Healthy distance above 50-day SMA; MACD bullish; RSI in ideal bullish range; Acceptable liquidity; Above 20 SMA; Above 50 SMA; Momentum positive']",2026-06-30 20:11:38.508138,,,
VRSK,Watchlist,Watch,61,,,,,,,"['Research Score: 61', 'Trend: 20', 'Momentum: 24', 'Above 20-day SMA; Above 50-day SMA; Healthy distance above 20-day SMA; Healthy distance above 50-day SMA; MACD bullish; RSI in ideal bullish range; Acceptable liquidity; Above 20 SMA; Above 50 SMA; Momentum positive']",2026-06-30 20:11:38.533474,,,
VRTX,Long Put Candidate,Evaluate Options,85,,,,,,,"['Research Score: 80', 'Trend: 33', 'Momentum: 13', 'Above 20-day SMA; Above 50-day SMA; Above 200-day SMA; Extended above 20-day SMA; MACD bullish; RSI not favorable for bullish momentum; Acceptable liquidity; Above 20 SMA; Above 50 SMA; Above 200 SMA; Long-term trend positive; Momentum positive', 'No suitable option contract found']",2026-06-30 20:11:38.827859,,,
VRT,Long Put Candidate,Evaluate Options,85,,Long Put,Long Put,60731P,310.0,,"['Research Score: 93', 'Trend: 33', 'Momentum: 27', 'Above 20-day SMA; Above 50-day SMA; Above 200-day SMA; Healthy distance above 50-day SMA; MACD bullish; RSI in ideal bullish range; High liquidity; Above 20 SMA; Above 50 SMA; Above 200 SMA; Long-term trend positive; Momentum positive', 'Recommended premium: $18.05']",2026-06-30 20:11:39.137149,,,
VTRS,Watchlist,Watch,61,,,,,,,"['Research Score: 61', 'Trend: 25', 'Momentum: 19', 'Below 20-day SMA; Healthy distance below 20-day SMA; MACD bearish; RSI in ideal bearish range; High liquidity; Above 50 SMA; Above 200 SMA; Long-term trend positive']",2026-06-30 20:11:39.163314,,,
V,Long Put Candidate,Evaluate Options,85,,,,,,,"['Research Score: 93', 'Trend: 33', 'Momentum: 26', 'Above 20-day SMA; Above 50-day SMA; Above 200-day SMA; Healthy distance above 20-day SMA; Healthy distance above 50-day SMA; MACD bullish; RSI bullish but near overbought; High liquidity; Above 20 SMA; Above 50 SMA; Above 200 SMA; Long-term trend positive; Momentum positive', 'No suitable option contract found']",2026-06-30 20:11:39.770658,,,
VST,Watchlist,Watch,61,,,,,,,"['Research Score: 61', 'Trend: 20', 'Momentum: 24', 'Above 20-day SMA; Above 50-day SMA; Healthy distance above 20-day SMA; Healthy distance above 50-day SMA; MACD bullish; RSI in ideal bullish range; Acceptable liquidity; Above 20 SMA; Above 50 SMA; Momentum positive']",2026-06-30 20:11:39.801673,,,
VMC,Long Put Candidate,Evaluate Options,85,,Long Put,Long Put,60821P,280.0,,"['Research Score: 95', 'Trend: 33', 'Momentum: 28', 'Above 20-day SMA; Above 50-day SMA; Above 200-day SMA; Healthy distance above 20-day SMA; Healthy distance above 50-day SMA; MACD bullish; RSI in ideal bullish range; Acceptable liquidity; Above 20 SMA; Above 50 SMA; Above 200 SMA; Long-term trend positive; Momentum positive', 'Recommended premium: $7.25']",2026-06-30 20:11:40.206815,,,
WRB,Long Put Candidate,Evaluate Options,85,,,,,,,"['Research Score: 93', 'Trend: 33', 'Momentum: 27', 'Above 20-day SMA; Above 50-day SMA; Above 200-day SMA; Healthy distance above 20-day SMA; Healthy distance above 50-day SMA; MACD bullish; RSI bullish but warming up; Acceptable liquidity; Above 20 SMA; Above 50 SMA; Above 200 SMA; Long-term trend positive; Momentum positive', 'No suitable option contract found']",2026-06-30 20:11:40.615670,,,
GWW,Long Put Candidate,Evaluate Options,85,,,,,,,"['Research Score: 72', 'Trend: 33', 'Momentum: 22', 'Above 20-day SMA; Above 50-day SMA; Above 200-day SMA; Healthy distance above 20-day SMA; Healthy distance above 50-day SMA; RSI bullish but warming up; Above 20 SMA; Above 50 SMA; Above 200 SMA; Long-term trend positive', 'No suitable option contract found']",2026-06-30 20:11:41.211568,,,
WAB,Long Put Candidate,Evaluate Options,85,,,,,,,"['Research Score: 93', 'Trend: 33', 'Momentum: 27', 'Above 20-day SMA; Above 50-day SMA; Above 200-day SMA; Healthy distance above 20-day SMA; Healthy distance above 50-day SMA; MACD bullish; RSI in ideal bullish range; Above 20 SMA; Above 50 SMA; Above 200 SMA; Long-term trend positive; Momentum positive', 'No suitable option contract found']",2026-06-30 20:11:43.566324,,,
WBD,Watchlist,Watch,69,,,,,,,"['Research Score: 69', 'Trend: 13', 'Momentum: 23', 'Below 20-day SMA; Below 50-day SMA; Healthy distance below 20-day SMA; Healthy distance below 50-day SMA; RSI in ideal bearish range; High liquidity; Above 200 SMA; Long-term trend positive; Momentum positive']",2026-06-30 20:11:43.598750,,,
WM,Long Put Candidate,Evaluate Options,85,,Long Put,Long Put,0821P0,220.0,,"['Research Score: 95', 'Trend: 33', 'Momentum: 28', 'Above 20-day SMA; Above 50-day SMA; Above 200-day SMA; Healthy distance above 20-day SMA; Healthy distance above 50-day SMA; MACD bullish; RSI in ideal bullish range; Acceptable liquidity; Above 20 SMA; Above 50 SMA; Above 200 SMA; Long-term trend positive; Momentum positive', 'Recommended premium: $6.00']",2026-06-30 20:11:43.975584,,,
WAT,Long Put Candidate,Evaluate Options,85,,,,,,,"['Research Score: 92', 'Trend: 33', 'Momentum: 25', 'Above 20-day SMA; Above 50-day SMA; Above 200-day SMA; Healthy distance above 20-day SMA; Healthy distance above 50-day SMA; MACD bullish; RSI bullish but warming up; Above 20 SMA; Above 50 SMA; Above 200 SMA; Long-term trend positive; Momentum positive', 'No suitable option contract found']",2026-06-30 20:11:44.237284,,,
WEC,Long Put Candidate,Evaluate Options,85,,,,,,,"['Research Score: 95', 'Trend: 33', 'Momentum: 28', 'Above 20-day SMA; Above 50-day SMA; Above 200-day SMA; Healthy distance above 20-day SMA; Healthy distance above 50-day SMA; MACD bullish; RSI in ideal bullish range; Acceptable liquidity; Above 20 SMA; Above 50 SMA; Above 200 SMA; Long-term trend positive; Momentum positive', 'No suitable option contract found']",2026-06-30 20:11:44.544208,,,
WELL,Long Put Candidate,Evaluate Options,85,,,,,,,"['Research Score: 88', 'Trend: 33', 'Momentum: 21', 'Above 20-day SMA; Above 50-day SMA; Above 200-day SMA; Healthy distance above 50-day SMA; MACD bullish; RSI bullish but near overbought; Acceptable liquidity; Above 20 SMA; Above 50 SMA; Above 200 SMA; Long-term trend positive; Momentum positive', 'No suitable option contract found']",2026-06-30 20:11:44.870670,,,
WST,Long Put Candidate,Evaluate Options,85,,,,,,,"['Research Score: 78', 'Trend: 33', 'Momentum: 12', 'Above 20-day SMA; Above 50-day SMA; Above 200-day SMA; Extended above 20-day SMA; MACD bullish; RSI not favorable for bullish momentum; Above 20 SMA; Above 50 SMA; Above 200 SMA; Long-term trend positive; Momentum positive', 'No suitable option contract found']",2026-06-30 20:11:45.492568,,,
WDC,Long Put Candidate,Evaluate Options,85,,Long Put,Long Put,60731P,625.0,,"['Research Score: 72', 'Trend: 33', 'Momentum: 22', 'Above 20-day SMA; Above 50-day SMA; Above 200-day SMA; Healthy distance above 20-day SMA; Extended above 50-day SMA; RSI in ideal bullish range; High liquidity; Above 20 SMA; Above 50 SMA; Above 200 SMA; Long-term trend positive', 'Recommended premium: $64.97']",2026-06-30 20:11:45.883893,,,
WY,Watchlist,Watch,56,,,,,,,"['Research Score: 56', 'Trend: 13', 'Momentum: 26', 'Below 20-day SMA; Below 50-day SMA; Healthy distance below 20-day SMA; Healthy distance below 50-day SMA; MACD bearish; RSI in ideal bearish range; High liquidity; Above 200 SMA; Long-term trend positive']",2026-06-30 20:11:45.916139,,,
WSM,Long Put Candidate,Evaluate Options,85,,Long Put,Long Put,60821P,220.0,,"['Research Score: 85', 'Trend: 33', 'Momentum: 18', 'Above 20-day SMA; Above 50-day SMA; Above 200-day SMA; Extended above 50-day SMA; MACD bullish; RSI bullish but warming up; Acceptable liquidity; Above 20 SMA; Above 50 SMA; Above 200 SMA; Long-term trend positive; Momentum positive', 'Recommended premium: $7.10']",2026-06-30 20:11:46.245294,,,
WMB,Long Put Candidate,Evaluate Options,85,,,,,,,"['Research Score: 97', 'Trend: 33', 'Momentum: 30', 'Above 20-day SMA; Above 50-day SMA; Above 200-day SMA; Healthy distance above 20-day SMA; Healthy distance above 50-day SMA; MACD bullish; RSI in ideal bullish range; High liquidity; Above 20 SMA; Above 50 SMA; Above 200 SMA; Long-term trend positive; Momentum positive', 'No suitable option contract found']",2026-06-30 20:11:46.664028,,,
XEL,Long Put Candidate,Evaluate Options,85,,,,,,,"['Research Score: 97', 'Trend: 33', 'Momentum: 30', 'Above 20-day SMA; Above 50-day SMA; Above 200-day SMA; Healthy distance above 20-day SMA; Healthy distance above 50-day SMA; MACD bullish; RSI in ideal bullish range; High liquidity; Above 20 SMA; Above 50 SMA; Above 200 SMA; Long-term trend positive; Momentum positive', 'No suitable option contract found']",2026-06-30 20:11:47.069634,,,
YUM,Long Put Candidate,Evaluate Options,85,,,,,,,"['Research Score: 93', 'Trend: 33', 'Momentum: 27', 'Above 20-day SMA; Above 50-day SMA; Above 200-day SMA; Healthy distance above 20-day SMA; Healthy distance above 50-day SMA; MACD bullish; RSI bullish but warming up; Acceptable liquidity; Above 20 SMA; Above 50 SMA; Above 200 SMA; Long-term trend positive; Momentum positive', 'No suitable option contract found']",2026-06-30 20:11:47.366829,,,
ZBRA,Long Put Candidate,Evaluate Options,85,,Long Put,Long Put,260821,260.0,,"['Research Score: 83', 'Trend: 33', 'Momentum: 17', 'Above 20-day SMA; Above 50-day SMA; Above 200-day SMA; Extended above 20-day SMA; MACD bullish; RSI bullish but warming up; Above 20 SMA; Above 50 SMA; Above 200 SMA; Long-term trend positive; Momentum positive', 'Recommended premium: $17.90']",2026-06-30 20:11:47.636239,,,
AAPL,Watchlist,Watch,56,,,,,,,"['Research Score: 56', 'Trend: 13', 'Momentum: 26', 'Below 20-day SMA; Below 50-day SMA; Healthy distance below 20-day SMA; Healthy distance below 50-day SMA; MACD bearish; RSI in ideal bearish range; High liquidity; Above 200 SMA; Long-term trend positive']",2026-06-30 20:18:28.634867,0.2.0,Momentum_v1,
NVDA,Watchlist,Watch,56,,,,,,,"['Research Score: 56', 'Trend: 13', 'Momentum: 26', 'Below 20-day SMA; Below 50-day SMA; Healthy distance below 20-day SMA; Healthy distance below 50-day SMA; MACD bearish; RSI in ideal bearish range; High liquidity; Above 200 SMA; Long-term trend positive']",2026-06-30 20:18:28.680282,0.2.0,Momentum_v1,
AMZN,Watchlist,Watch,56,,,,,,,"['Research Score: 56', 'Trend: 13', 'Momentum: 26', 'Below 20-day SMA; Below 50-day SMA; Healthy distance below 20-day SMA; Healthy distance below 50-day SMA; MACD bearish; RSI in ideal bearish range; High liquidity; Above 200 SMA; Long-term trend positive']",2026-06-30 20:18:28.734495,0.2.0,Momentum_v1,
GOOGL,Watchlist,Watch,56,,,,,,,"['Research Score: 56', 'Trend: 13', 'Momentum: 26', 'Below 20-day SMA; Below 50-day SMA; Healthy distance below 20-day SMA; Healthy distance below 50-day SMA; MACD bearish; RSI in ideal bearish range; High liquidity; Above 200 SMA; Long-term trend positive']",2026-06-30 20:18:28.775201,0.2.0,Momentum_v1,
TSLA,Long Put Candidate,Evaluate Options,85,,Long Put,Long Put,260731,400.0,,"['Research Score: 97', 'Trend: 33', 'Momentum: 30', 'Above 20-day SMA; Above 50-day SMA; Above 200-day SMA; Healthy distance above 20-day SMA; Healthy distance above 50-day SMA; MACD bullish; RSI in ideal bullish range; High liquidity; Above 20 SMA; Above 50 SMA; Above 200 SMA; Long-term trend positive; Momentum positive', 'Recommended premium: $12.97']",2026-06-30 20:18:29.186731,0.2.0,Momentum_v1,
AMD,Watchlist,Watch,65,,,,,,,"['Research Score: 65', 'Trend: 33', 'Momentum: 15', 'Above 20-day SMA; Above 50-day SMA; Above 200-day SMA; Extended above 20-day SMA; Extended above 50-day SMA; RSI bullish but warming up; High liquidity; Above 20 SMA; Above 50 SMA; Above 200 SMA; Long-term trend positive']",2026-06-30 20:18:29.209895,0.2.0,Momentum_v1,
AVGO,Watchlist,Watch,56,,,,,,,"['Research Score: 56', 'Trend: 13', 'Momentum: 26', 'Below 20-day SMA; Below 50-day SMA; Healthy distance below 20-day SMA; Healthy distance below 50-day SMA; MACD bearish; RSI in ideal bearish range; High liquidity; Above 200 SMA; Long-term trend positive']",2026-06-30 20:18:29.233424,0.2.0,Momentum_v1,
MU,Watchlist,Watch,67,,,,,,,"['Research Score: 67', 'Trend: 33', 'Momentum: 17', 'Above 20-day SMA; Above 50-day SMA; Above 200-day SMA; Extended above 20-day SMA; Extended above 50-day SMA; RSI in ideal bullish range; High liquidity; Above 20 SMA; Above 50 SMA; Above 200 SMA; Long-term trend positive']",2026-06-30 20:18:29.256653,0.2.0,Momentum_v1,
DDOG,Long Put Candidate,Evaluate Options,85,,,,,,,"['Research Score: 80', 'Trend: 33', 'Momentum: 13', 'Above 20-day SMA; Above 50-day SMA; Above 200-day SMA; Extended above 20-day SMA; Extended above 50-day SMA; MACD bullish; RSI not favorable for bullish momentum; High liquidity; Above 20 SMA; Above 50 SMA; Above 200 SMA; Long-term trend positive; Momentum positive', 'No suitable option contract found']",2026-06-30 20:18:29.527264,0.2.0,Momentum_v1,
FFIV,Watchlist,Watch,63,,,,,,,"['Research Score: 63', 'Trend: 33', 'Momentum: 13', 'Above 20-day SMA; Above 50-day SMA; Above 200-day SMA; RSI bullish but near overbought; Above 20 SMA; Above 50 SMA; Above 200 SMA; Long-term trend positive']",2026-06-30 20:18:29.552987,0.2.0,Momentum_v1,
AAPL,Watchlist,Watch,56,,,,,,,"['Research Score: 56', 'Trend: 13', 'Momentum: 26', 'Below 20-day SMA; Below 50-day SMA; Healthy distance below 20-day SMA; Healthy distance below 50-day SMA; MACD bearish; RSI in ideal bearish range; High liquidity; Above 200 SMA; Long-term trend positive']",2026-06-30 20:20:06.428087,0.2.0,Momentum_v1,
NVDA,Watchlist,Watch,56,,,,,,,"['Research Score: 56', 'Trend: 13', 'Momentum: 26', 'Below 20-day SMA; Below 50-day SMA; Healthy distance below 20-day SMA; Healthy distance below 50-day SMA; MACD bearish; RSI in ideal bearish range; High liquidity; Above 200 SMA; Long-term trend positive']",2026-06-30 20:20:06.472798,0.2.0,Momentum_v1,
AMZN,Watchlist,Watch,56,,,,,,,"['Research Score: 56', 'Trend: 13', 'Momentum: 26', 'Below 20-day SMA; Below 50-day SMA; Healthy distance below 20-day SMA; Healthy distance below 50-day SMA; MACD bearish; RSI in ideal bearish range; High liquidity; Above 200 SMA; Long-term trend positive']",2026-06-30 20:20:06.511347,0.2.0,Momentum_v1,
GOOGL,Watchlist,Watch,56,,,,,,,"['Research Score: 56', 'Trend: 13', 'Momentum: 26', 'Below 20-day SMA; Below 50-day SMA; Healthy distance below 20-day SMA; Healthy distance below 50-day SMA; MACD bearish; RSI in ideal bearish range; High liquidity; Above 200 SMA; Long-term trend positive']",2026-06-30 20:20:06.555242,0.2.0,Momentum_v1,
TSLA,Long Put Candidate,Evaluate Options,85,,Long Put,Long Put,260731,400.0,,"['Research Score: 97', 'Trend: 33', 'Momentum: 30', 'Above 20-day SMA; Above 50-day SMA; Above 200-day SMA; Healthy distance above 20-day SMA; Healthy distance above 50-day SMA; MACD bullish; RSI in ideal bullish range; High liquidity; Above 20 SMA; Above 50 SMA; Above 200 SMA; Long-term trend positive; Momentum positive', 'Recommended premium: $12.97']",2026-06-30 20:20:10.998464,0.2.0,Momentum_v1,
AMD,Watchlist,Watch,65,,,,,,,"['Research Score: 65', 'Trend: 33', 'Momentum: 15', 'Above 20-day SMA; Above 50-day SMA; Above 200-day SMA; Extended above 20-day SMA; Extended above 50-day SMA; RSI bullish but warming up; High liquidity; Above 20 SMA; Above 50 SMA; Above 200 SMA; Long-term trend positive']",2026-06-30 20:20:11.026906,0.2.0,Momentum_v1,
AVGO,Watchlist,Watch,56,,,,,,,"['Research Score: 56', 'Trend: 13', 'Momentum: 26', 'Below 20-day SMA; Below 50-day SMA; Healthy distance below 20-day SMA; Healthy distance below 50-day SMA; MACD bearish; RSI in ideal bearish range; High liquidity; Above 200 SMA; Long-term trend positive']",2026-06-30 20:20:11.066979,0.2.0,Momentum_v1,
MU,Watchlist,Watch,67,,,,,,,"['Research Score: 67', 'Trend: 33', 'Momentum: 17', 'Above 20-day SMA; Above 50-day SMA; Above 200-day SMA; Extended above 20-day SMA; Extended above 50-day SMA; RSI in ideal bullish range; High liquidity; Above 20 SMA; Above 50 SMA; Above 200 SMA; Long-term trend positive']",2026-06-30 20:20:11.109506,0.2.0,Momentum_v1,
DDOG,Long Put Candidate,Evaluate Options,85,,,,,,,"['Research Score: 80', 'Trend: 33', 'Momentum: 13', 'Above 20-day SMA; Above 50-day SMA; Above 200-day SMA; Extended above 20-day SMA; Extended above 50-day SMA; MACD bullish; RSI not favorable for bullish momentum; High liquidity; Above 20 SMA; Above 50 SMA; Above 200 SMA; Long-term trend positive; Momentum positive', 'No suitable option contract found']",2026-06-30 20:20:11.462143,0.2.0,Momentum_v1,
FFIV,Watchlist,Watch,63,,,,,,,"['Research Score: 63', 'Trend: 33', 'Momentum: 13', 'Above 20-day SMA; Above 50-day SMA; Above 200-day SMA; RSI bullish but near overbought; Above 20 SMA; Above 50 SMA; Above 200 SMA; Long-term trend positive']",2026-06-30 20:20:11.491164,0.2.0,Momentum_v1,
AAPL,Long Put Candidate,Evaluate Options,75,,Long Put,Long Put,260731,285.0,,"['Research Score: 62', 'Trend: 25', 'Momentum: 21', 'Above 50-day SMA; Above 200-day SMA; Healthy distance above 50-day SMA; RSI in ideal bullish range; High liquidity; Above 50 SMA; Above 200 SMA; Long-term trend positive', 'Recommended premium: $5.38']",2026-07-01 19:58:33.040835,0.2.0,Momentum_v1,
MSFT,Long Put Candidate,Evaluate Options,75,,Long Put,Long Put,260731,370.0,,"['Research Score: 30', 'Trend: 0', 'Momentum: 30', 'Below 20-day SMA; Below 50-day SMA; Below 200-day SMA; Healthy distance below 20-day SMA; Healthy distance below 50-day SMA; MACD bearish; RSI in ideal bearish range; High liquidity', 'Recommended premium: $11.90']",2026-07-01 19:58:33.294331,0.2.0,Momentum_v1,
NVDA,Long Put Candidate,Evaluate Options,75,,Long Put,Long Put,260731,190.0,,"['Research Score: 56', 'Trend: 13', 'Momentum: 26', 'Below 20-day SMA; Below 50-day SMA; Healthy distance below 20-day SMA; Healthy distance below 50-day SMA; MACD bearish; RSI in ideal bearish range; High liquidity; Above 200 SMA; Long-term trend positive', 'Recommended premium: $5.03']",2026-07-01 19:58:33.588374,0.2.0,Momentum_v1,
AMZN,Long Put Candidate,Evaluate Options,90,,Long Put,Long Put,260731,235.0,,"['Research Score: 73', 'Trend: 22', 'Momentum: 18', 'Above 20-day SMA; Above 200-day SMA; Healthy distance above 20-day SMA; MACD bullish; RSI improving but not bullish yet; High liquidity; Above 20 SMA; Above 200 SMA; Long-term trend positive; Momentum positive', 'Recommended premium: $7.22']",2026-07-01 19:58:33.814358,0.2.0,Momentum_v1,
GOOGL,Long Put Candidate,Evaluate Options,75,,Long Put,Long Put,L26073,350.0,,"['Research Score: 58', 'Trend: 22', 'Momentum: 20', 'Above 20-day SMA; Above 200-day SMA; Healthy distance above 20-day SMA; RSI in ideal bullish range; High liquidity; Above 20 SMA; Above 200 SMA; Long-term trend positive', 'Recommended premium: $10.23']",2026-07-01 19:58:34.048275,0.2.0,Momentum_v1,
META,Long Put Candidate,Evaluate Options,75,,Long Put,Long Put,260731,580.0,,"['Research Score: 59', 'Trend: 20', 'Momentum: 23', 'Above 20-day SMA; Above 50-day SMA; Healthy distance above 50-day SMA; MACD bullish; RSI in ideal bullish range; High liquidity; Above 20 SMA; Above 50 SMA; Momentum positive', 'Recommended premium: $17.07']",2026-07-01 19:58:34.308643,0.2.0,Momentum_v1,
TSLA,Long Put Candidate,Evaluate Options,75,,Long Put,Long Put,260731,415.0,,"['Research Score: 93', 'Trend: 33', 'Momentum: 27', 'Above 20-day SMA; Above 50-day SMA; Above 200-day SMA; Healthy distance above 50-day SMA; MACD bullish; RSI in ideal bullish range; High liquidity; Above 20 SMA; Above 50 SMA; Above 200 SMA; Long-term trend positive; Momentum positive', 'Recommended premium: $16.48']",2026-07-01 19:58:34.580002,0.2.0,Momentum_v1,
AMD,Long Put Candidate,Evaluate Options,75,,Long Put,Long Put,60731P,520.0,,"['Research Score: 72', 'Trend: 33', 'Momentum: 22', 'Above 20-day SMA; Above 50-day SMA; Above 200-day SMA; Healthy distance above 20-day SMA; Extended above 50-day SMA; RSI in ideal bullish range; High liquidity; Above 20 SMA; Above 50 SMA; Above 200 SMA; Long-term trend positive', 'Recommended premium: $34.25']",2026-07-01 19:58:34.893431,0.2.0,Momentum_v1,
AVGO,Long Put Candidate,Evaluate Options,75,,Long Put,Long Put,260731,350.0,,"['Research Score: 53', 'Trend: 13', 'Momentum: 23', 'Below 20-day SMA; Below 50-day SMA; Healthy distance below 50-day SMA; MACD bearish; RSI in ideal bearish range; High liquidity; Above 200 SMA; Long-term trend positive', 'Recommended premium: $11.07']",2026-07-01 19:58:35.161785,0.2.0,Momentum_v1,
MU,Long Put Candidate,Evaluate Options,75,,Long Put,Long Put,0731P0,1000.0,,"['Research Score: 57', 'Trend: 25', 'Momentum: 16', 'Above 50-day SMA; Above 200-day SMA; Extended above 50-day SMA; RSI in ideal bullish range; High liquidity; Above 50 SMA; Above 200 SMA; Long-term trend positive', 'Recommended premium: $96.55']",2026-07-01 19:58:35.510486,0.2.0,Momentum_v1,
DDOG,Long Put Candidate,Evaluate Options,75,,Long Put,Long Put,260731,260.0,,"['Research Score: 80', 'Trend: 33', 'Momentum: 13', 'Above 20-day SMA; Above 50-day SMA; Above 200-day SMA; Extended above 20-day SMA; Extended above 50-day SMA; MACD bullish; RSI not favorable for bullish momentum; High liquidity; Above 20 SMA; Above 50 SMA; Above 200 SMA; Long-term trend positive; Momentum positive', 'Recommended premium: $16.50']",2026-07-01 19:58:35.751671,0.2.0,Momentum_v1,
FFIV,Long Put Candidate,Evaluate Options,75,,,,,,,"['Research Score: 80', 'Trend: 33', 'Momentum: 13', 'Above 20-day SMA; Above 50-day SMA; Above 200-day SMA; MACD bullish; RSI not favorable for bullish momentum; Above 20 SMA; Above 50 SMA; Above 200 SMA; Long-term trend positive; Momentum positive', 'No suitable option contract found']",2026-07-01 19:58:36.011491,0.2.0,Momentum_v1,
AAPL,Watchlist,Watch,60,,,,,,,"['Research Score: 62', 'Trend: 75', 'Momentum: 62', 'Above 50-day SMA; Above 200-day SMA; Healthy distance above 50-day SMA; RSI in ideal bullish range; High liquidity; Above 50 SMA; Above 200 SMA; Long-term trend positive']",2026-07-01 20:00:56.211639,0.2.0,Momentum_v1,
AMZN,Watchlist,Watch,60,,,,,,,"['Research Score: 73', 'Trend: 65', 'Momentum: 55', 'Above 20-day SMA; Above 200-day SMA; Healthy distance above 20-day SMA; MACD bullish; RSI improving but not bullish yet; High liquidity; Above 20 SMA; Above 200 SMA; Long-term trend positive; Momentum positive']",2026-07-01 20:00:56.256284,0.2.0,Momentum_v1,
TSLA,Long Call Candidate,Evaluate Options,90,,Long Call,Long Call,260731,435.0,,"['Research Score: 93', 'Trend: 100', 'Momentum: 80', 'Above 20-day SMA; Above 50-day SMA; Above 200-day SMA; Healthy distance above 50-day SMA; MACD bullish; RSI in ideal bullish range; High liquidity; Above 20 SMA; Above 50 SMA; Above 200 SMA; Long-term trend positive; Momentum positive', 'Recommended premium: $18.52']",2026-07-01 20:00:56.628252,0.2.0,Momentum_v1,
AMD,Long Call Candidate,Evaluate Options,75,,Long Call,Long Call,60731C,600.0,,"['Research Score: 72', 'Trend: 100', 'Momentum: 65', 'Above 20-day SMA; Above 50-day SMA; Above 200-day SMA; Healthy distance above 20-day SMA; Extended above 50-day SMA; RSI in ideal bullish range; High liquidity; Above 20 SMA; Above 50 SMA; Above 200 SMA; Long-term trend positive', 'Recommended premium: $24.62']",2026-07-01 20:00:57.079104,0.2.0,Momentum_v1,
DDOG,Watchlist,Watch,55,,,,,,,"['Research Score: 80', 'Trend: 100', 'Momentum: 40', 'Above 20-day SMA; Above 50-day SMA; Above 200-day SMA; Extended above 20-day SMA; Extended above 50-day SMA; MACD bullish; RSI not favorable for bullish momentum; High liquidity; Above 20 SMA; Above 50 SMA; Above 200 SMA; Long-term trend positive; Momentum positive']",2026-07-01 20:00:57.102412,0.2.0,Momentum_v1,
FFIV,Watchlist,Watch,55,,,,,,,"['Research Score: 80', 'Trend: 100', 'Momentum: 40', 'Above 20-day SMA; Above 50-day SMA; Above 200-day SMA; MACD bullish; RSI not favorable for bullish momentum; Above 20 SMA; Above 50 SMA; Above 200 SMA; Long-term trend positive; Momentum positive']",2026-07-01 20:00:57.126896,0.2.0,Momentum_v1,
AAPL,Watchlist,Watch,60,,,,,,,"['Research Score: 62', 'Trend: 75', 'Momentum: 62', 'Above 50-day SMA; Above 200-day SMA; Healthy distance above 50-day SMA; RSI in ideal bullish range; High liquidity; Above 50 SMA; Above 200 SMA; Long-term trend positive']",2026-07-01 20:02:51.787730,0.2.0,Momentum_v1,
AMZN,Watchlist,Watch,60,,,,,,,"['Research Score: 73', 'Trend: 65', 'Momentum: 55', 'Above 20-day SMA; Above 200-day SMA; Healthy distance above 20-day SMA; MACD bullish; RSI improving but not bullish yet; High liquidity; Above 20 SMA; Above 200 SMA; Long-term trend positive; Momentum positive']",2026-07-01 20:02:51.837138,0.2.0,Momentum_v1,
TSLA,Long Call Candidate,Evaluate Options,90,,Long Call,Long Call,30 DTE,435.0,,"['Research Score: 93', 'Trend: 100', 'Momentum: 80', 'Above 20-day SMA; Above 50-day SMA; Above 200-day SMA; Healthy distance above 50-day SMA; MACD bullish; RSI in ideal bullish range; High liquidity; Above 20 SMA; Above 50 SMA; Above 200 SMA; Long-term trend positive; Momentum positive', 'Recommended premium: $18.52']",2026-07-01 20:02:52.190381,0.2.0,Momentum_v1,
AMD,Long Call Candidate,Evaluate Options,75,,Long Call,Long Call,30 DTE,600.0,,"['Research Score: 72', 'Trend: 100', 'Momentum: 65', 'Above 20-day SMA; Above 50-day SMA; Above 200-day SMA; Healthy distance above 20-day SMA; Extended above 50-day SMA; RSI in ideal bullish range; High liquidity; Above 20 SMA; Above 50 SMA; Above 200 SMA; Long-term trend positive', 'Recommended premium: $24.62']",2026-07-01 20:02:52.521221,0.2.0,Momentum_v1,
DDOG,Watchlist,Watch,55,,,,,,,"['Research Score: 80', 'Trend: 100', 'Momentum: 40', 'Above 20-day SMA; Above 50-day SMA; Above 200-day SMA; Extended above 20-day SMA; Extended above 50-day SMA; MACD bullish; RSI not favorable for bullish momentum; High liquidity; Above 20 SMA; Above 50 SMA; Above 200 SMA; Long-term trend positive; Momentum positive']",2026-07-01 20:02:52.542171,0.2.0,Momentum_v1,
FFIV,Watchlist,Watch,55,,,,,,,"['Research Score: 80', 'Trend: 100', 'Momentum: 40', 'Above 20-day SMA; Above 50-day SMA; Above 200-day SMA; MACD bullish; RSI not favorable for bullish momentum; Above 20 SMA; Above 50 SMA; Above 200 SMA; Long-term trend positive; Momentum positive']",2026-07-01 20:02:52.566933,0.2.0,Momentum_v1,
AAPL,Watchlist,Watch,60,,,,,,,"['Research Score: 62', 'Trend: 75', 'Momentum: 62', 'Above 50-day SMA; Above 200-day SMA; Healthy distance above 50-day SMA; RSI in ideal bullish range; High liquidity; Above 50 SMA; Above 200 SMA; Long-term trend positive']",2026-07-01 20:06:39.059828,0.2.0,Momentum_v1,
AMZN,Watchlist,Watch,60,,,,,,,"['Research Score: 73', 'Trend: 65', 'Momentum: 55', 'Above 20-day SMA; Above 200-day SMA; Healthy distance above 20-day SMA; MACD bullish; RSI improving but not bullish yet; High liquidity; Above 20 SMA; Above 200 SMA; Long-term trend positive; Momentum positive']",2026-07-01 20:06:39.101231,0.2.0,Momentum_v1,
TSLA,Long Call Candidate,Evaluate Options,90,,Long Call,Long Call,30 DTE,435.0,,"['Research Score: 93', 'Trend: 100', 'Momentum: 80', 'Above 20-day SMA; Above 50-day SMA; Above 200-day SMA; Healthy distance above 50-day SMA; MACD bullish; RSI in ideal bullish range; High liquidity; Above 20 SMA; Above 50 SMA; Above 200 SMA; Long-term trend positive; Momentum positive', 'Recommended premium: $18.52']",2026-07-01 20:06:39.454765,0.2.0,Momentum_v1,
AMD,Long Call Candidate,Evaluate Options,75,,Long Call,Long Call,30 DTE,600.0,,"['Research Score: 72', 'Trend: 100', 'Momentum: 65', 'Above 20-day SMA; Above 50-day SMA; Above 200-day SMA; Healthy distance above 20-day SMA; Extended above 50-day SMA; RSI in ideal bullish range; High liquidity; Above 20 SMA; Above 50 SMA; Above 200 SMA; Long-term trend positive', 'Recommended premium: $24.62']",2026-07-01 20:06:39.847254,0.2.0,Momentum_v1,
DDOG,Watchlist,Watch,55,,,,,,,"['Research Score: 80', 'Trend: 100', 'Momentum: 40', 'Above 20-day SMA; Above 50-day SMA; Above 200-day SMA; Extended above 20-day SMA; Extended above 50-day SMA; MACD bullish; RSI not favorable for bullish momentum; High liquidity; Above 20 SMA; Above 50 SMA; Above 200 SMA; Long-term trend positive; Momentum positive']",2026-07-01 20:06:39.872535,0.2.0,Momentum_v1,
FFIV,Watchlist,Watch,55,,,,,,,"['Research Score: 80', 'Trend: 100', 'Momentum: 40', 'Above 20-day SMA; Above 50-day SMA; Above 200-day SMA; MACD bullish; RSI not favorable for bullish momentum; Above 20 SMA; Above 50 SMA; Above 200 SMA; Long-term trend positive; Momentum positive']",2026-07-01 20:06:39.900072,0.2.0,Momentum_v1,
AAPL,Watchlist,Watch,60,,,,,,,"['Research Score: 62', 'Trend: 75', 'Momentum: 62', 'Above 50-day SMA; Above 200-day SMA; Healthy distance above 50-day SMA; RSI in ideal bullish range; High liquidity; Above 50 SMA; Above 200 SMA; Long-term trend positive']",2026-07-01 20:07:49.484863,0.2.0,Momentum_v1,
AMZN,Watchlist,Watch,60,,,,,,,"['Research Score: 73', 'Trend: 65', 'Momentum: 55', 'Above 20-day SMA; Above 200-day SMA; Healthy distance above 20-day SMA; MACD bullish; RSI improving but not bullish yet; High liquidity; Above 20 SMA; Above 200 SMA; Long-term trend positive; Momentum positive']",2026-07-01 20:07:49.525953,0.2.0,Momentum_v1,
TSLA,Long Call Candidate,Evaluate Options,90,,Long Call,Long Call,2026-07-31,435.0,,"['Research Score: 93', 'Trend: 100', 'Momentum: 80', 'Above 20-day SMA; Above 50-day SMA; Above 200-day SMA; Healthy distance above 50-day SMA; MACD bullish; RSI in ideal bullish range; High liquidity; Above 20 SMA; Above 50 SMA; Above 200 SMA; Long-term trend positive; Momentum positive', 'Recommended premium: $18.52']",2026-07-01 20:07:49.931432,0.2.0,Momentum_v1,
AMD,Long Call Candidate,Evaluate Options,75,,Long Call,Long Call,2026-07-31,600.0,,"['Research Score: 72', 'Trend: 100', 'Momentum: 65', 'Above 20-day SMA; Above 50-day SMA; Above 200-day SMA; Healthy distance above 20-day SMA; Extended above 50-day SMA; RSI in ideal bullish range; High liquidity; Above 20 SMA; Above 50 SMA; Above 200 SMA; Long-term trend positive', 'Recommended premium: $24.62']",2026-07-01 20:07:50.262924,0.2.0,Momentum_v1,
DDOG,Watchlist,Watch,55,,,,,,,"['Research Score: 80', 'Trend: 100', 'Momentum: 40', 'Above 20-day SMA; Above 50-day SMA; Above 200-day SMA; Extended above 20-day SMA; Extended above 50-day SMA; MACD bullish; RSI not favorable for bullish momentum; High liquidity; Above 20 SMA; Above 50 SMA; Above 200 SMA; Long-term trend positive; Momentum positive']",2026-07-01 20:07:50.286156,0.2.0,Momentum_v1,
FFIV,Watchlist,Watch,55,,,,,,,"['Research Score: 80', 'Trend: 100', 'Momentum: 40', 'Above 20-day SMA; Above 50-day SMA; Above 200-day SMA; MACD bullish; RSI not favorable for bullish momentum; Above 20 SMA; Above 50 SMA; Above 200 SMA; Long-term trend positive; Momentum positive']",2026-07-01 20:07:50.311048,0.2.0,Momentum_v1,
AAPL,Watchlist,Watch,60,,,,,,,"['Research Score: 62', 'Trend: 75', 'Momentum: 62', 'Above 50-day SMA; Above 200-day SMA; Healthy distance above 50-day SMA; RSI in ideal bullish range; High liquidity; Above 50 SMA; Above 200 SMA; Long-term trend positive']",2026-07-01 20:09:46.302394,0.2.0,Momentum_v1,
AMZN,Watchlist,Watch,60,,,,,,,"['Research Score: 73', 'Trend: 65', 'Momentum: 55', 'Above 20-day SMA; Above 200-day SMA; Healthy distance above 20-day SMA; MACD bullish; RSI improving but not bullish yet; High liquidity; Above 20 SMA; Above 200 SMA; Long-term trend positive; Momentum positive']",2026-07-01 20:09:46.361938,0.2.0,Momentum_v1,
TSLA,Long Call Candidate,Evaluate Options,90,,Long Call,Long Call,2026-07-31,435.0,,"['Research Score: 93', 'Trend: 100', 'Momentum: 80', 'Above 20-day SMA; Above 50-day SMA; Above 200-day SMA; Healthy distance above 50-day SMA; MACD bullish; RSI in ideal bullish range; High liquidity; Above 20 SMA; Above 50 SMA; Above 200 SMA; Long-term trend positive; Momentum positive', 'Recommended premium: $18.52']",2026-07-01 20:09:46.734138,0.2.0,Momentum_v1,
AMD,Long Call Candidate,Evaluate Options,75,,Long Call,Long Call,2026-07-31,600.0,,"['Research Score: 72', 'Trend: 100', 'Momentum: 65', 'Above 20-day SMA; Above 50-day SMA; Above 200-day SMA; Healthy distance above 20-day SMA; Extended above 50-day SMA; RSI in ideal bullish range; High liquidity; Above 20 SMA; Above 50 SMA; Above 200 SMA; Long-term trend positive', 'Recommended premium: $24.62']",2026-07-01 20:09:47.126343,0.2.0,Momentum_v1,
DDOG,Watchlist,Watch,55,,,,,,,"['Research Score: 80', 'Trend: 100', 'Momentum: 40', 'Above 20-day SMA; Above 50-day SMA; Above 200-day SMA; Extended above 20-day SMA; Extended above 50-day SMA; MACD bullish; RSI not favorable for bullish momentum; High liquidity; Above 20 SMA; Above 50 SMA; Above 200 SMA; Long-term trend positive; Momentum positive']",2026-07-01 20:09:47.148203,0.2.0,Momentum_v1,
FFIV,Watchlist,Watch,55,,,,,,,"['Research Score: 80', 'Trend: 100', 'Momentum: 40', 'Above 20-day SMA; Above 50-day SMA; Above 200-day SMA; MACD bullish; RSI not favorable for bullish momentum; Above 20 SMA; Above 50 SMA; Above 200 SMA; Long-term trend positive; Momentum positive']",2026-07-01 20:09:47.172445,0.2.0,Momentum_v1,
AAPL,Watchlist,Watch,60,,,,,,,"['Research Score: 62', 'Trend: 75', 'Momentum: 62', 'Above 50-day SMA; Above 200-day SMA; Healthy distance above 50-day SMA; RSI in ideal bullish range; High liquidity; Above 50 SMA; Above 200 SMA; Long-term trend positive']",2026-07-01 20:11:50.178451,0.2.0,Momentum_v1,
AMZN,Watchlist,Watch,60,,,,,,,"['Research Score: 73', 'Trend: 65', 'Momentum: 55', 'Above 20-day SMA; Above 200-day SMA; Healthy distance above 20-day SMA; MACD bullish; RSI improving but not bullish yet; High liquidity; Above 20 SMA; Above 200 SMA; Long-term trend positive; Momentum positive']",2026-07-01 20:11:50.214143,0.2.0,Momentum_v1,
TSLA,Long Call Candidate,Evaluate Options,90,,Long Call,Long Call,2026-07-31,435.0,,"['Research Score: 93', 'Trend: 100', 'Momentum: 80', 'Above 20-day SMA; Above 50-day SMA; Above 200-day SMA; Healthy distance above 50-day SMA; MACD bullish; RSI in ideal bullish range; High liquidity; Above 20 SMA; Above 50 SMA; Above 200 SMA; Long-term trend positive; Momentum positive', 'Recommended premium: $18.52', 'Contract Score: 100', 'Delta: 0.47', 'Theta: -0.40', 'Spread %: 0.01', 'Open Interest: 1115', 'Volume: 450', 'DTE: 30']",2026-07-01 20:11:50.568385,0.2.0,Momentum_v1,
AMD,Long Call Candidate,Evaluate Options,75,,Long Call,Long Call,2026-07-31,600.0,,"['Research Score: 72', 'Trend: 100', 'Momentum: 65', 'Above 20-day SMA; Above 50-day SMA; Above 200-day SMA; Healthy distance above 20-day SMA; Extended above 50-day SMA; RSI in ideal bullish range; High liquidity; Above 20 SMA; Above 50 SMA; Above 200 SMA; Long-term trend positive', 'Recommended premium: $24.62', 'Contract Score: 80', 'Delta: 0.36', 'Theta: -0.74', 'Spread %: 0.07', 'Open Interest: 513', 'Volume: 285', 'DTE: 30']",2026-07-01 20:11:51.197662,0.2.0,Momentum_v1,
DDOG,Watchlist,Watch,55,,,,,,,"['Research Score: 80', 'Trend: 100', 'Momentum: 40', 'Above 20-day SMA; Above 50-day SMA; Above 200-day SMA; Extended above 20-day SMA; Extended above 50-day SMA; MACD bullish; RSI not favorable for bullish momentum; High liquidity; Above 20 SMA; Above 50 SMA; Above 200 SMA; Long-term trend positive; Momentum positive']",2026-07-01 20:11:51.220352,0.2.0,Momentum_v1,
FFIV,Watchlist,Watch,55,,,,,,,"['Research Score: 80', 'Trend: 100', 'Momentum: 40', 'Above 20-day SMA; Above 50-day SMA; Above 200-day SMA; MACD bullish; RSI not favorable for bullish momentum; Above 20 SMA; Above 50 SMA; Above 200 SMA; Long-term trend positive; Momentum positive']",2026-07-01 20:11:51.254154,0.2.0,Momentum_v1,
AAPL,Watchlist,Watch,60,,,,,,,"['Research Score: 62', 'Trend: 75', 'Momentum: 62', 'Above 50-day SMA; Above 200-day SMA; Healthy distance above 50-day SMA; RSI in ideal bullish range; High liquidity; Above 50 SMA; Above 200 SMA; Long-term trend positive']",2026-07-01 20:15:49.371281,0.2.0,Momentum_v1,
AMZN,Watchlist,Watch,60,,,,,,,"['Research Score: 73', 'Trend: 65', 'Momentum: 55', 'Above 20-day SMA; Above 200-day SMA; Healthy distance above 20-day SMA; MACD bullish; RSI improving but not bullish yet; High liquidity; Above 20 SMA; Above 200 SMA; Long-term trend positive; Momentum positive']",2026-07-01 20:15:49.421218,0.2.0,Momentum_v1,
TSLA,Long Call Candidate,Evaluate Options,90,,Long Call,Long Call,2026-07-31,435.0,,"['Research Score: 93', 'Trend: 100', 'Momentum: 80', 'Above 20-day SMA; Above 50-day SMA; Above 200-day SMA; Healthy distance above 50-day SMA; MACD bullish; RSI in ideal bullish range; High liquidity; Above 20 SMA; Above 50 SMA; Above 200 SMA; Long-term trend positive; Momentum positive', 'Recommended premium: $18.52', 'Contract Score: 100', 'Delta: 0.47', 'Theta: -0.40', 'Spread %: 0.01', 'Open Interest: 1115', 'Volume: 450', 'DTE: 30']",2026-07-01 20:15:49.825659,0.2.0,Momentum_v1,18.525
AMD,Long Call Candidate,Evaluate Options,75,,Long Call,Long Call,2026-07-31,600.0,,"['Research Score: 72', 'Trend: 100', 'Momentum: 65', 'Above 20-day SMA; Above 50-day SMA; Above 200-day SMA; Healthy distance above 20-day SMA; Extended above 50-day SMA; RSI in ideal bullish range; High liquidity; Above 20 SMA; Above 50 SMA; Above 200 SMA; Long-term trend positive', 'Recommended premium: $24.62', 'Contract Score: 80', 'Delta: 0.36', 'Theta: -0.74', 'Spread %: 0.07', 'Open Interest: 513', 'Volume: 285', 'DTE: 30']",2026-07-01 20:15:50.225109,0.2.0,Momentum_v1,24.625
DDOG,Watchlist,Watch,55,,,,,,,"['Research Score: 80', 'Trend: 100', 'Momentum: 40', 'Above 20-day SMA; Above 50-day SMA; Above 200-day SMA; Extended above 20-day SMA; Extended above 50-day SMA; MACD bullish; RSI not favorable for bullish momentum; High liquidity; Above 20 SMA; Above 50 SMA; Above 200 SMA; Long-term trend positive; Momentum positive']",2026-07-01 20:15:50.250271,0.2.0,Momentum_v1,
FFIV,Watchlist,Watch,55,,,,,,,"['Research Score: 80', 'Trend: 100', 'Momentum: 40', 'Above 20-day SMA; Above 50-day SMA; Above 200-day SMA; MACD bullish; RSI not favorable for bullish momentum; Above 20 SMA; Above 50 SMA; Above 200 SMA; Long-term trend positive; Momentum positive']",2026-07-01 20:15:50.277953,0.2.0,Momentum_v1,
